step,cr,loss,gradient_norm,seconds,peak_memory_mib,lr,crop
1,0.01,0.11492006480693817,0.6512946486473083,3.2854031029855832,11075.25,5e-06,"{""source"": ""div2k_0006"", ""xywh"": [115, 507, 967, 967], ""flip_h"": false, ""flip_v"": true}"
2,0.04,0.05438213422894478,0.5116260051727295,1.0833500990411267,11101.65576171875,5e-06,"{""source"": ""div2k_0440"", ""xywh"": [1069, 650, 295, 295], ""flip_h"": true, ""flip_v"": true}"
3,0.1,0.004158354364335537,0.014447811059653759,1.0819657049141824,11109.40576171875,5e-06,"{""source"": ""div2k_0430"", ""xywh"": [32, 523, 268, 268], ""flip_h"": true, ""flip_v"": true}"
4,0.25,0.028934825211763382,0.4282039701938629,2.330415214993991,11108.6552734375,5e-06,"{""source"": ""div2k_0399"", ""xywh"": [174, 668, 1132, 1132], ""flip_h"": false, ""flip_v"": false}"
5,0.5,0.024266552180051804,0.25681599974632263,2.5056705441093072,11108.6552734375,5e-06,"{""source"": ""div2k_0492"", ""xywh"": [176, 114, 1097, 1097], ""flip_h"": false, ""flip_v"": true}"
6,0.01,0.0385531485080719,0.8858577609062195,1.1573291029781103,11108.6552734375,5e-06,"{""source"": ""div2k_0118"", ""xywh"": [215, 103, 773, 773], ""flip_h"": true, ""flip_v"": false}"
7,0.04,0.03386698290705681,0.34783312678337097,1.1760554360225797,11108.6552734375,5e-06,"{""source"": ""div2k_0680"", ""xywh"": [183, 631, 430, 430], ""flip_h"": false, ""flip_v"": true}"
8,0.1,0.07336007058620453,0.29207292199134827,1.1583960480056703,11108.6552734375,5e-06,"{""source"": ""div2k_0409"", ""xywh"": [1284, 278, 369, 369], ""flip_h"": false, ""flip_v"": false}"
9,0.25,0.017013926059007645,0.11566634476184845,1.13435304898303,11108.6552734375,5e-06,"{""source"": ""div2k_0384"", ""xywh"": [476, 19, 709, 709], ""flip_h"": false, ""flip_v"": false}"
10,0.5,0.02245129831135273,0.2803936302661896,1.1638960730051622,11108.6552734375,5e-06,"{""source"": ""div2k_0145"", ""xywh"": [1524, 152, 494, 494], ""flip_h"": false, ""flip_v"": true}"
11,0.01,0.025821693241596222,0.2112955003976822,1.1537910859333351,11108.6552734375,5e-06,"{""source"": ""div2k_0253"", ""xywh"": [726, 81, 759, 759], ""flip_h"": false, ""flip_v"": false}"
12,0.04,0.042113784700632095,0.30138087272644043,1.1596424139570445,11108.6552734375,5e-06,"{""source"": ""div2k_0100"", ""xywh"": [903, 214, 936, 936], ""flip_h"": false, ""flip_v"": false}"
13,0.1,0.025335008278489113,0.13858440518379211,1.1748171169310808,11108.6552734375,5e-06,"{""source"": ""div2k_0480"", ""xywh"": [424, 333, 920, 920], ""flip_h"": true, ""flip_v"": true}"
14,0.25,0.03204742446541786,0.8813177347183228,1.3591758999973536,11108.6552734375,5e-06,"{""source"": ""div2k_0641"", ""xywh"": [289, 552, 772, 772], ""flip_h"": true, ""flip_v"": true}"
15,0.5,0.01716691628098488,0.09552722424268723,1.1595687790540978,11108.6552734375,5e-06,"{""source"": ""div2k_0505"", ""xywh"": [703, 326, 433, 433], ""flip_h"": false, ""flip_v"": true}"
16,0.01,0.10493156313896179,0.23708519339561462,1.1843553009675816,11108.6552734375,5e-06,"{""source"": ""div2k_0129"", ""xywh"": [394, 56, 795, 795], ""flip_h"": true, ""flip_v"": true}"
17,0.04,0.007390069309622049,0.13252535462379456,1.0984454690478742,11108.6552734375,5e-06,"{""source"": ""div2k_0481"", ""xywh"": [740, 144, 616, 616], ""flip_h"": false, ""flip_v"": true}"
18,0.1,0.04178209975361824,0.5912128686904907,1.1030258509563282,11108.6552734375,5e-06,"{""source"": ""div2k_0134"", ""xywh"": [827, 776, 704, 704], ""flip_h"": false, ""flip_v"": true}"
19,0.25,0.012568220496177673,0.05373452231287956,1.0996796429390088,11108.6552734375,5e-06,"{""source"": ""div2k_0726"", ""xywh"": [640, 684, 371, 371], ""flip_h"": false, ""flip_v"": true}"
20,0.5,0.013277187943458557,0.07784835249185562,1.1036094900919124,11108.6552734375,5e-06,"{""source"": ""div2k_0426"", ""xywh"": [1430, 404, 502, 502], ""flip_h"": false, ""flip_v"": true}"
21,0.01,0.022127598524093628,1.126708745956421,1.1067021950148046,11108.6552734375,5e-06,"{""source"": ""div2k_0177"", ""xywh"": [51, 127, 702, 702], ""flip_h"": false, ""flip_v"": false}"
22,0.04,0.06627251207828522,0.23749682307243347,1.0972321419976652,11108.6552734375,5e-06,"{""source"": ""div2k_0244"", ""xywh"": [748, 172, 794, 794], ""flip_h"": false, ""flip_v"": false}"
23,0.1,0.05807803198695183,0.15390795469284058,1.1023841430433095,11108.6552734375,5e-06,"{""source"": ""div2k_0240"", ""xywh"": [619, 62, 1127, 1127], ""flip_h"": false, ""flip_v"": false}"
24,0.25,0.01542853657156229,0.057254210114479065,1.1148355859331787,11108.6552734375,5e-06,"{""source"": ""div2k_0359"", ""xywh"": [948, 182, 1091, 1091], ""flip_h"": false, ""flip_v"": false}"
25,0.5,0.008105619810521603,0.07013248652219772,1.1102692380081862,11108.6552734375,5e-06,"{""source"": ""div2k_0329"", ""xywh"": [662, 1209, 459, 459], ""flip_h"": false, ""flip_v"": true}"
26,0.01,0.04288775101304054,0.07910056412220001,1.1531579340808094,11108.6552734375,5e-06,"{""source"": ""div2k_0494"", ""xywh"": [1083, 45, 276, 276], ""flip_h"": true, ""flip_v"": true}"
27,0.04,0.04177509993314743,0.6945479512214661,1.104306210996583,11108.6552734375,5e-06,"{""source"": ""div2k_0128"", ""xywh"": [191, 197, 913, 913], ""flip_h"": false, ""flip_v"": false}"
28,0.1,0.026697205379605293,0.10709915310144424,1.10667244810611,11108.6552734375,5e-06,"{""source"": ""div2k_0095"", ""xywh"": [303, 222, 1072, 1072], ""flip_h"": true, ""flip_v"": true}"
29,0.25,0.01820802502334118,0.1311090886592865,1.1066401490243152,11108.6552734375,5e-06,"{""source"": ""div2k_0091"", ""xywh"": [471, 40, 1457, 1457], ""flip_h"": false, ""flip_v"": true}"
30,0.5,0.013843025080859661,0.08955518901348114,1.1215123519068584,11108.6552734375,5e-06,"{""source"": ""div2k_0316"", ""xywh"": [1066, 303, 888, 888], ""flip_h"": true, ""flip_v"": true}"
31,0.01,0.07397808879613876,0.1837892234325409,1.1217174240155146,11108.6552734375,5e-06,"{""source"": ""div2k_0016"", ""xywh"": [826, 643, 683, 683], ""flip_h"": true, ""flip_v"": true}"
32,0.04,0.07744201272726059,0.3416031301021576,1.1181105179712176,11108.6552734375,5e-06,"{""source"": ""div2k_0649"", ""xywh"": [363, 324, 695, 695], ""flip_h"": false, ""flip_v"": false}"
33,0.1,0.06335290521383286,0.16737312078475952,1.1081789920572191,11108.6552734375,5e-06,"{""source"": ""div2k_0045"", ""xywh"": [1406, 450, 517, 517], ""flip_h"": true, ""flip_v"": false}"
34,0.25,0.022465238347649574,0.14117638766765594,1.111283970065415,11108.6552734375,5e-06,"{""source"": ""div2k_0434"", ""xywh"": [1068, 535, 479, 479], ""flip_h"": false, ""flip_v"": true}"
35,0.5,0.004582604859024286,0.10111065953969955,1.1057376599637792,11108.6552734375,5e-06,"{""source"": ""div2k_0534"", ""xywh"": [186, 356, 321, 321], ""flip_h"": true, ""flip_v"": false}"
36,0.01,0.09370031952857971,0.4123097062110901,1.1079062620410696,11108.6552734375,5e-06,"{""source"": ""div2k_0613"", ""xywh"": [247, 8, 1501, 1501], ""flip_h"": false, ""flip_v"": true}"
37,0.04,0.03917558863759041,0.3486891984939575,1.1069801149424165,11108.6552734375,5e-06,"{""source"": ""div2k_0279"", ""xywh"": [344, 360, 909, 909], ""flip_h"": true, ""flip_v"": true}"
38,0.1,0.01674710400402546,0.08982203900814056,1.1091465489007533,11108.6552734375,5e-06,"{""source"": ""div2k_0235"", ""xywh"": [197, 107, 736, 736], ""flip_h"": false, ""flip_v"": false}"
39,0.25,0.01005826611071825,0.1161208376288414,1.1050646479707211,11108.6552734375,5e-06,"{""source"": ""div2k_0307"", ""xywh"": [387, 545, 680, 680], ""flip_h"": false, ""flip_v"": true}"
40,0.5,0.010203716345131397,0.07770738005638123,1.1103640419896692,11108.6552734375,5e-06,"{""source"": ""div2k_0708"", ""xywh"": [197, 52, 975, 975], ""flip_h"": true, ""flip_v"": true}"
41,0.01,0.16418735682964325,1.373172640800476,1.1192848400678486,11108.6552734375,5e-06,"{""source"": ""div2k_0700"", ""xywh"": [82, 522, 1199, 1199], ""flip_h"": false, ""flip_v"": true}"
42,0.04,0.07155024260282516,0.27856409549713135,1.3187808350194246,11108.6552734375,5e-06,"{""source"": ""div2k_0734"", ""xywh"": [118, 140, 1227, 1227], ""flip_h"": true, ""flip_v"": true}"
43,0.1,0.038564879447221756,0.3487834334373474,1.1082565849646926,11108.6552734375,5e-06,"{""source"": ""div2k_0010"", ""xywh"": [0, 16, 1614, 1614], ""flip_h"": true, ""flip_v"": true}"
44,0.25,0.010935424827039242,0.22118301689624786,1.1171876230509952,11108.6552734375,5e-06,"{""source"": ""div2k_0749"", ""xywh"": [1229, 233, 662, 662], ""flip_h"": true, ""flip_v"": true}"
45,0.5,0.019967054948210716,0.20411176979541779,1.107865861034952,11108.6552734375,5e-06,"{""source"": ""div2k_0325"", ""xywh"": [73, 281, 904, 904], ""flip_h"": true, ""flip_v"": true}"
46,0.01,0.058130353689193726,0.15903706848621368,1.1056690170662478,11108.6552734375,5e-06,"{""source"": ""div2k_0402"", ""xywh"": [183, 184, 1124, 1124], ""flip_h"": false, ""flip_v"": false}"
47,0.04,0.03201324865221977,0.04671379551291466,1.1081054820679128,11108.6552734375,5e-06,"{""source"": ""div2k_0676"", ""xywh"": [96, 572, 332, 332], ""flip_h"": true, ""flip_v"": true}"
48,0.1,0.032456714659929276,0.17170867323875427,1.1027242350392044,11108.6552734375,5e-06,"{""source"": ""div2k_0754"", ""xywh"": [854, 317, 652, 652], ""flip_h"": false, ""flip_v"": false}"
49,0.25,0.013415705412626266,0.3133065104484558,1.0986531249945983,11108.6552734375,5e-06,"{""source"": ""div2k_0062"", ""xywh"": [733, 514, 855, 855], ""flip_h"": false, ""flip_v"": true}"
50,0.5,0.01888810098171234,0.16472871601581573,1.0986060469876975,11108.6552734375,5e-06,"{""source"": ""div2k_0617"", ""xywh"": [201, 12, 1303, 1303], ""flip_h"": false, ""flip_v"": true}"
51,0.01,0.07284390181303024,0.35427072644233704,1.1107955579645932,11108.6552734375,5e-06,"{""source"": ""div2k_0564"", ""xywh"": [710, 298, 859, 859], ""flip_h"": false, ""flip_v"": false}"
52,0.04,0.09972240030765533,0.18546999990940094,1.0949346899287775,11108.6552734375,5e-06,"{""source"": ""div2k_0212"", ""xywh"": [349, 28, 1489, 1489], ""flip_h"": true, ""flip_v"": true}"
53,0.1,0.028144707903265953,0.15987297892570496,1.1008067729417235,11108.6552734375,5e-06,"{""source"": ""div2k_0784"", ""xywh"": [763, 393, 642, 642], ""flip_h"": false, ""flip_v"": true}"
54,0.25,0.013555156998336315,0.739403486251831,1.116061166045256,11108.6552734375,5e-06,"{""source"": ""div2k_0431"", ""xywh"": [559, 465, 788, 788], ""flip_h"": false, ""flip_v"": false}"
55,0.5,0.015462999232113361,0.25184112787246704,1.1130481959553435,11108.6552734375,5e-06,"{""source"": ""div2k_0012"", ""xywh"": [1127, 554, 596, 596], ""flip_h"": false, ""flip_v"": true}"
56,0.01,0.05321243777871132,0.41681796312332153,1.116588318021968,11108.6552734375,5e-06,"{""source"": ""div2k_0200"", ""xywh"": [1077, 245, 461, 461], ""flip_h"": false, ""flip_v"": false}"
57,0.04,0.052562445402145386,0.08185224235057831,1.1103376949904487,11108.6552734375,5e-06,"{""source"": ""div2k_0143"", ""xywh"": [1234, 358, 627, 627], ""flip_h"": false, ""flip_v"": false}"
58,0.1,0.040894076228141785,0.049743227660655975,1.1321011370746419,11108.6552734375,5e-06,"{""source"": ""div2k_0203"", ""xywh"": [558, 9, 1344, 1344], ""flip_h"": false, ""flip_v"": true}"
59,0.25,0.015094155445694923,0.10679853707551956,1.1301480829715729,11108.6552734375,5e-06,"{""source"": ""div2k_0497"", ""xywh"": [112, 93, 1187, 1187], ""flip_h"": true, ""flip_v"": true}"
60,0.5,0.005540116224437952,0.022985419258475304,1.1204758030362427,11108.6552734375,5e-06,"{""source"": ""div2k_0326"", ""xywh"": [603, 262, 415, 415], ""flip_h"": false, ""flip_v"": true}"
61,0.01,0.0766056627035141,0.2572028934955597,1.1051231349119917,11108.6552734375,5e-06,"{""source"": ""div2k_0178"", ""xywh"": [843, 633, 677, 677], ""flip_h"": true, ""flip_v"": false}"
62,0.04,0.03139491751790047,0.15880422294139862,1.109097462031059,11108.6552734375,5e-06,"{""source"": ""div2k_0059"", ""xywh"": [978, 1436, 539, 539], ""flip_h"": true, ""flip_v"": true}"
63,0.1,0.04391586408019066,0.1724218875169754,1.1406440599821508,11108.6552734375,5e-06,"{""source"": ""div2k_0650"", ""xywh"": [976, 876, 264, 264], ""flip_h"": false, ""flip_v"": false}"
64,0.25,0.03973407670855522,0.1425919234752655,1.1292407620931044,11108.6552734375,5e-06,"{""source"": ""div2k_0070"", ""xywh"": [88, 163, 1170, 1170], ""flip_h"": false, ""flip_v"": true}"
65,0.5,0.01092444732785225,0.2925201654434204,1.1090442619752139,11108.6552734375,5e-06,"{""source"": ""div2k_0021"", ""xywh"": [404, 42, 708, 708], ""flip_h"": false, ""flip_v"": true}"
66,0.01,0.11103330552577972,0.06031385064125061,1.139086795039475,11108.6552734375,5e-06,"{""source"": ""div2k_0140"", ""xywh"": [489, 429, 528, 528], ""flip_h"": true, ""flip_v"": true}"
67,0.04,0.04208385944366455,0.17895039916038513,1.1669524110620841,11108.6552734375,5e-06,"{""source"": ""div2k_0435"", ""xywh"": [123, 319, 969, 969], ""flip_h"": true, ""flip_v"": true}"
68,0.1,0.012609770521521568,0.06327282637357712,1.1350664229830727,11108.6552734375,5e-06,"{""source"": ""div2k_0637"", ""xywh"": [876, 355, 1042, 1042], ""flip_h"": false, ""flip_v"": false}"
69,0.25,0.016107380390167236,0.3135169744491577,1.3205020490568131,11108.6552734375,5e-06,"{""source"": ""div2k_0289"", ""xywh"": [101, 611, 505, 505], ""flip_h"": false, ""flip_v"": true}"
70,0.5,0.015605403110384941,0.32923948764801025,1.1264252910623327,11108.6552734375,5e-06,"{""source"": ""div2k_0111"", ""xywh"": [757, 296, 1012, 1012], ""flip_h"": true, ""flip_v"": true}"
71,0.01,0.10088606178760529,0.20859387516975403,1.1108636130811647,11108.6552734375,5e-06,"{""source"": ""div2k_0285"", ""xywh"": [0, 107, 1236, 1236], ""flip_h"": false, ""flip_v"": true}"
72,0.04,0.07047951221466064,0.1595347821712494,1.1229899320751429,11108.6552734375,5e-06,"{""source"": ""div2k_0720"", ""xywh"": [1419, 844, 477, 477], ""flip_h"": true, ""flip_v"": false}"
73,0.1,0.023156367242336273,0.7470589280128479,1.1293794009834528,11108.6552734375,5e-06,"{""source"": ""div2k_0050"", ""xywh"": [905, 361, 945, 945], ""flip_h"": true, ""flip_v"": false}"
74,0.25,0.025335030630230904,0.74105304479599,1.1233260170556605,11108.6552734375,5e-06,"{""source"": ""div2k_0706"", ""xywh"": [321, 156, 806, 806], ""flip_h"": false, ""flip_v"": false}"
75,0.5,0.0286739282310009,0.13383175432682037,1.106494294013828,11108.6552734375,5e-06,"{""source"": ""div2k_0462"", ""xywh"": [377, 526, 816, 816], ""flip_h"": false, ""flip_v"": true}"
76,0.01,0.008738218806684017,0.4269384741783142,1.1173733769683167,11108.6552734375,5e-06,"{""source"": ""div2k_0560"", ""xywh"": [88, 654, 285, 285], ""flip_h"": false, ""flip_v"": true}"
77,0.04,0.07690416276454926,0.20965510606765747,1.1159227159805596,11108.6552734375,5e-06,"{""source"": ""div2k_0583"", ""xywh"": [375, 0, 1168, 1168], ""flip_h"": false, ""flip_v"": true}"
78,0.1,0.03751304745674133,0.02532375045120716,1.1164219269994646,11108.6552734375,5e-06,"{""source"": ""div2k_0722"", ""xywh"": [776, 241, 669, 669], ""flip_h"": false, ""flip_v"": false}"
79,0.25,0.036070071160793304,0.2798958420753479,1.1121823380235583,11108.6552734375,5e-06,"{""source"": ""div2k_0780"", ""xywh"": [535, 187, 1155, 1155], ""flip_h"": false, ""flip_v"": false}"
80,0.5,0.017013095319271088,0.21760715544223785,1.1105250359978527,11108.6552734375,5e-06,"{""source"": ""div2k_0615"", ""xywh"": [66, 636, 971, 971], ""flip_h"": false, ""flip_v"": true}"
81,0.01,0.08864569664001465,0.3369462788105011,1.1070417088922113,11108.6552734375,5e-06,"{""source"": ""div2k_0466"", ""xywh"": [521, 98, 816, 816], ""flip_h"": false, ""flip_v"": false}"
82,0.04,0.06086767092347145,0.1309177428483963,1.1109075350686908,11108.6552734375,5e-06,"{""source"": ""div2k_0718"", ""xywh"": [917, 584, 656, 656], ""flip_h"": false, ""flip_v"": false}"
83,0.1,0.06270246207714081,0.1254519671201706,1.1026671190047637,11108.6552734375,5e-06,"{""source"": ""div2k_0423"", ""xywh"": [267, 140, 998, 998], ""flip_h"": true, ""flip_v"": false}"
84,0.25,0.002850322751328349,0.07343082129955292,1.1084679319756106,11108.6552734375,5e-06,"{""source"": ""div2k_0597"", ""xywh"": [296, 417, 590, 590], ""flip_h"": true, ""flip_v"": true}"
85,0.5,0.017972934991121292,0.15800654888153076,1.1149505720240995,11108.6552734375,5e-06,"{""source"": ""div2k_0082"", ""xywh"": [572, 135, 712, 712], ""flip_h"": false, ""flip_v"": true}"
86,0.01,0.11828995496034622,0.47873181104660034,1.1140645960113034,11108.6552734375,5e-06,"{""source"": ""div2k_0281"", ""xywh"": [461, 196, 521, 521], ""flip_h"": false, ""flip_v"": true}"
87,0.04,0.01869530975818634,0.08632417768239975,1.1115540589671582,11108.6552734375,5e-06,"{""source"": ""div2k_0768"", ""xywh"": [405, 36, 1300, 1300], ""flip_h"": false, ""flip_v"": true}"
88,0.1,0.02857099659740925,0.24488510191440582,1.1057746039004996,11108.6552734375,5e-06,"{""source"": ""div2k_0666"", ""xywh"": [640, 631, 711, 711], ""flip_h"": true, ""flip_v"": true}"
89,0.25,0.008617390878498554,0.07670127600431442,1.1100229771109298,11108.6552734375,5e-06,"{""source"": ""div2k_0779"", ""xywh"": [171, 94, 693, 693], ""flip_h"": true, ""flip_v"": true}"
90,0.5,0.005469522438943386,0.1657923310995102,1.1050350029254332,11108.6552734375,5e-06,"{""source"": ""div2k_0501"", ""xywh"": [286, 24, 353, 353], ""flip_h"": false, ""flip_v"": false}"
91,0.01,0.1008225530385971,0.32471799850463867,1.116395336925052,11108.6552734375,5e-06,"{""source"": ""div2k_0319"", ""xywh"": [68, 128, 1140, 1140], ""flip_h"": true, ""flip_v"": true}"
92,0.04,0.040589429438114166,0.272651344537735,1.1547304519917816,11108.6552734375,5e-06,"{""source"": ""div2k_0703"", ""xywh"": [540, 96, 483, 483], ""flip_h"": false, ""flip_v"": true}"
93,0.1,0.019937485456466675,0.30273234844207764,1.1185690850252286,11108.6552734375,5e-06,"{""source"": ""div2k_0618"", ""xywh"": [541, 359, 768, 768], ""flip_h"": true, ""flip_v"": true}"
94,0.25,0.01896040327847004,0.06470309942960739,1.1549746670061722,11108.6552734375,5e-06,"{""source"": ""div2k_0245"", ""xywh"": [1220, 436, 274, 274], ""flip_h"": false, ""flip_v"": true}"
95,0.5,0.001360686612315476,0.16329152882099152,1.134083017008379,11108.6552734375,5e-06,"{""source"": ""div2k_0491"", ""xywh"": [807, 105, 324, 324], ""flip_h"": false, ""flip_v"": true}"
96,0.01,0.04157816246151924,0.11058153957128525,1.289288648054935,11108.6552734375,5e-06,"{""source"": ""div2k_0544"", ""xywh"": [106, 764, 434, 434], ""flip_h"": false, ""flip_v"": false}"
97,0.04,0.03499729186296463,0.10346879065036774,1.1300221499986947,11108.6552734375,5e-06,"{""source"": ""div2k_0664"", ""xywh"": [687, 1, 944, 944], ""flip_h"": true, ""flip_v"": false}"
98,0.1,0.051254455000162125,0.1870746612548828,1.1234990219818428,11108.6552734375,5e-06,"{""source"": ""div2k_0771"", ""xywh"": [274, 29, 1223, 1223], ""flip_h"": true, ""flip_v"": false}"
99,0.25,0.019858991727232933,0.5440272688865662,1.1173012310173362,11108.6552734375,5e-06,"{""source"": ""div2k_0041"", ""xywh"": [1, 45, 1305, 1305], ""flip_h"": false, ""flip_v"": true}"
100,0.5,0.010632818564772606,0.20319615304470062,1.1037078580120578,11108.6552734375,5e-06,"{""source"": ""div2k_0687"", ""xywh"": [292, 63, 540, 540], ""flip_h"": true, ""flip_v"": true}"
