location,cr,sigma,method,images,mse,psnr,ssim,seconds
Ming_Xiaoling,0.01,0.0,adjoint,3,0.007568320709648459,21.284982258247286,0.38548008742374873,0.0001731237086157004
Ming_Xiaoling,0.01,0.0,admm,3,0.004748079450111871,23.494290875888737,0.630280832864884,0.317054232970501
Ming_Xiaoling,0.01,0.0,fista_dct,3,0.006455900726265761,22.026226849978134,0.5010020646744496,0.3230970443304007
Ming_Xiaoling,0.01,0.0,hqs,3,0.00475620933554228,23.49508614817177,0.63306259821619,0.3175015173231562
Ming_Xiaoling,0.01,0.0,hqs_10000,3,0.0046523341150098915,23.621326510256978,0.6355558399961615,0.3201334760136281
Ming_Xiaoling,0.01,0.0,hqs_5000,3,0.004687666494702228,23.581156846255613,0.6333297410098933,0.32013594537662965
Ming_Xiaoling,0.01,0.0,hqs_round1,3,0.004692398090808416,23.566762865032107,0.6347640487155181,0.32012460462283343
Ming_Xiaoling,0.04,0.0,adjoint,3,0.005007126600190661,23.18341555158486,0.475213170156141,0.00024201965425163507
Ming_Xiaoling,0.04,0.0,admm,3,0.0024098338360158153,26.753726552954763,0.7793251613246088,0.3209946153219789
Ming_Xiaoling,0.04,0.0,fista_dct,3,0.0044013647293352064,23.81078165843445,0.5339738426406087,0.3459675219686081
Ming_Xiaoling,0.04,0.0,hqs,3,0.002402452205767994,26.76837956524972,0.7825049483370767,0.32200277868347865
Ming_Xiaoling,0.04,0.0,hqs_10000,3,0.0023590576782166616,26.8453060406715,0.7840471051502892,0.32187520270235837
Ming_Xiaoling,0.04,0.0,hqs_5000,3,0.0023566937554905174,26.82921432213286,0.7826766491955475,0.31919475734078634
Ming_Xiaoling,0.04,0.0,hqs_round1,3,0.0023761202342538375,26.806140775753203,0.7835660681522364,0.3232164642928789
Ming_Xiaoling,0.1,0.0,adjoint,3,0.003562783206916912,24.742878770812055,0.5741220973154448,0.00030576635617762804
Ming_Xiaoling,0.1,0.0,admm,3,0.0012937245798752758,29.67750606389393,0.8665098794255853,0.3207146836599956
Ming_Xiaoling,0.1,0.0,fista_dct,3,0.003190859750153791,25.359726701306016,0.6147670087070269,0.38429753102051717
Ming_Xiaoling,0.1,0.0,hqs,3,0.0013097862604120882,29.636230605097676,0.8670276167079211,0.3225526900496334
Ming_Xiaoling,0.1,0.0,hqs_10000,3,0.0012622088883232753,29.813327059524813,0.8694297614890139,0.3177641819929704
Ming_Xiaoling,0.1,0.0,hqs_5000,3,0.0012697727121197785,29.77302467639522,0.8680633202711543,0.3234092306423311
Ming_Xiaoling,0.1,0.0,hqs_round1,3,0.0012723440910815593,29.76267948451786,0.8687197973756393,0.32145419029984623
Ming_Xiaoling,0.1,0.01,adjoint,3,0.0035819950873842584,24.719759142973007,0.5720382556343268,0.0003163814415327377
Ming_Xiaoling,0.1,0.01,admm,3,0.0013626798738349659,29.391679378319594,0.8609507862190604,0.3234951326804649
Ming_Xiaoling,0.1,0.01,fista_dct,3,0.0032232294025189953,25.31254938744638,0.6107415670270605,0.37815767042856246
Ming_Xiaoling,0.1,0.01,hqs,3,0.0013788363215877343,29.337103009337472,0.8601862493787474,0.3207059434304635
Ming_Xiaoling,0.1,0.01,hqs_10000,3,0.0013475321208817892,29.45141012228683,0.8622331750540336,0.3186371590062562
Ming_Xiaoling,0.1,0.01,hqs_5000,3,0.001352662214333756,29.42559122309285,0.8611716728247139,0.3210472997484936
Ming_Xiaoling,0.1,0.01,hqs_round1,3,0.0013577280718339755,29.404985759338842,0.861702815597892,0.3197169960088407
Ming_Xiaoling,0.1,0.05,adjoint,3,0.004040608106394652,24.202443098793026,0.527265874452374,0.00032654179570575553
Ming_Xiaoling,0.1,0.05,admm,3,0.002244760559167077,26.989706479254256,0.7487804841138687,0.32033117489320123
Ming_Xiaoling,0.1,0.05,fista_dct,3,0.003981101855974912,24.369662227099525,0.5347119519657458,0.3774078596616164
Ming_Xiaoling,0.1,0.05,hqs,3,0.002288049246617296,26.890042747984253,0.7353300039553847,0.31853674240927726
Ming_Xiaoling,0.1,0.05,hqs_10000,3,0.002000070783060078,27.551474589278502,0.8010703420032473,0.31937626279735315
Ming_Xiaoling,0.1,0.05,hqs_5000,3,0.0020029454713531396,27.538023859483243,0.8002491631729348,0.3187754321067284
Ming_Xiaoling,0.1,0.05,hqs_round1,3,0.002301971181539932,26.848629542499733,0.7402183461656103,0.31961600289731806
Ming_Xiaoling,0.25,0.0,adjoint,3,0.0020658098161639685,27.264213132253317,0.7021230974851177,0.0003848019987344742
Ming_Xiaoling,0.25,0.0,admm,3,0.0005100007495999558,34.4727561349689,0.9374064488150279,0.3278865486305828
Ming_Xiaoling,0.25,0.0,fista_dct,3,0.0018434280527861308,27.953427568791835,0.7369180754503956,0.4194666043234368
Ming_Xiaoling,0.25,0.0,hqs,3,0.0005137989177020716,34.44498621424109,0.9375037011329334,0.32784401734049123
Ming_Xiaoling,0.25,0.0,hqs_10000,3,0.0004970652430030588,34.584413261739726,0.9386818845952352,0.32009868731256574
Ming_Xiaoling,0.25,0.0,hqs_5000,3,0.0004991611129381957,34.561619328436336,0.9379808281857173,0.31834001070819795
Ming_Xiaoling,0.25,0.0,hqs_round1,3,0.0004985640058567281,34.54253024108731,0.9386135962649981,0.3181218536725889
Ming_Xiaoling,0.5,0.0,adjoint,3,0.001056761814477896,30.32526770084281,0.8098445171118578,0.00044375669676810503
Ming_Xiaoling,0.5,0.0,admm,3,0.0001668609632055252,40.40340388773487,0.9751983120292028,0.31861432230410475
Ming_Xiaoling,0.5,0.0,fista_dct,3,0.0009477739184121539,31.04394464045548,0.8353956033267975,0.46956403270208585
Ming_Xiaoling,0.5,0.0,hqs,3,0.0001676318872067991,40.37560628446162,0.9753341901191076,0.32128515470928204
Ming_Xiaoling,0.5,0.0,hqs_10000,3,0.000160674309753456,40.651198878007456,0.9757959654760361,0.3176417115998144
Ming_Xiaoling,0.5,0.0,hqs_5000,3,0.0001621718256914019,40.520979192756194,0.9755371743329366,0.31853370267587405
Ming_Xiaoling,0.5,0.0,hqs_round1,3,0.0001642021920808543,40.24062071881995,0.9757446195936202,0.3224904857343063
NJU_Gulou,0.01,0.0,adjoint,9,0.011801663061497636,19.63276774645061,0.32031098692013243,0.00016890766306055916
NJU_Gulou,0.01,0.0,admm,9,0.008087157228010736,21.721361591850677,0.5111099272543029,0.32584485332740265
NJU_Gulou,0.01,0.0,fista_dct,9,0.010542916744412427,20.220409487594004,0.40570371796370264,0.3227902393296568
NJU_Gulou,0.01,0.0,hqs,9,0.007974384056620388,21.762244688073242,0.513657422179922,0.32565113464887774
NJU_Gulou,0.01,0.0,hqs_10000,9,0.007921841841427787,21.794127370140316,0.515945629431783,0.32352384456640315
NJU_Gulou,0.01,0.0,hqs_5000,9,0.007981114873058793,21.77320053448747,0.5141609573921435,0.32641855279345894
NJU_Gulou,0.01,0.0,hqs_round1,9,0.007965564810567078,21.771156664802955,0.5140561150251881,0.32483622599910533
NJU_Gulou,0.04,0.0,adjoint,9,0.00772919179856933,21.526107105381318,0.4418224822818316,0.00020531545548389354
NJU_Gulou,0.04,0.0,admm,9,0.0041309095223591875,24.853897268110533,0.7017202739241502,0.32145880856033826
NJU_Gulou,0.04,0.0,fista_dct,9,0.006860131516147502,22.14439164274456,0.5028499785507987,0.3436616865478249
NJU_Gulou,0.04,0.0,hqs,9,0.004127937810571774,24.854583289910796,0.7040277524324394,0.32215993688441813
NJU_Gulou,0.04,0.0,hqs_10000,9,0.0040558679025210044,24.947382091703183,0.7070305768664823,0.3228249214330895
NJU_Gulou,0.04,0.0,hqs_5000,9,0.004092140492289243,24.910201552612513,0.7039915252545935,0.3213007628736604
NJU_Gulou,0.04,0.0,hqs_round1,9,0.004100368475467516,24.889615445134872,0.7049252623146995,0.3204823890959637
NJU_Gulou,0.1,0.0,adjoint,9,0.005407816774683134,23.119184197687098,0.5579339603366155,0.00023712964159333042
NJU_Gulou,0.1,0.0,admm,9,0.002410965435491025,27.390971964653705,0.820692709884717,0.3204806546628889
NJU_Gulou,0.1,0.0,fista_dct,9,0.00474871231220873,23.79101361345765,0.611288478619692,0.37174391410210067
NJU_Gulou,0.1,0.0,hqs,9,0.0024258214919344848,27.357606525273173,0.8214550241728248,0.3221685946660323
NJU_Gulou,0.1,0.0,hqs_10000,9,0.0023547887222430232,27.544346544931905,0.824895413325655,0.31783867297538865
NJU_Gulou,0.1,0.0,hqs_5000,9,0.0023645379800104065,27.527676598200603,0.8232268136137967,0.31821253101548386
NJU_Gulou,0.1,0.0,hqs_round1,9,0.0023911574359606054,27.46360318433954,0.8234339829306151,0.318307920333205
NJU_Gulou,0.1,0.01,adjoint,9,0.005432900184841343,23.09263292432184,0.5558352626067127,0.00023212577043860044
NJU_Gulou,0.1,0.01,admm,9,0.0024886983730079727,27.110963710330743,0.8138979757858,0.32094273793390365
NJU_Gulou,0.1,0.01,fista_dct,9,0.004792579172785975,23.734752599031207,0.6067418603964247,0.36823810634841386
NJU_Gulou,0.1,0.01,hqs,9,0.002508125184464075,27.060327879386318,0.8131881299176976,0.32250497514313015
NJU_Gulou,0.1,0.01,hqs_10000,9,0.002440208771671015,27.22057728841773,0.8168055947328906,0.32223411148879677
NJU_Gulou,0.1,0.01,hqs_5000,9,0.002449440556312342,27.204900817079558,0.8153373150072734,0.3212950662537305
NJU_Gulou,0.1,0.01,hqs_round1,9,0.0024838701015985937,27.11489454719498,0.815078182556014,0.32280485988680824
NJU_Gulou,0.1,0.05,adjoint,9,0.006028553806621168,22.520974838557592,0.5140280283191458,0.0002397644566372037
NJU_Gulou,0.1,0.05,admm,9,0.003711412618947245,24.69480554672077,0.6976225306004481,0.32321465855326365
NJU_Gulou,0.1,0.05,fista_dct,9,0.005774487198608342,22.69161608335387,0.5313870676480474,0.3747393532604393
NJU_Gulou,0.1,0.05,hqs,9,0.0038102362330081053,24.55675969383706,0.6869600414138451,0.32531634002441057
NJU_Gulou,0.1,0.05,hqs_10000,9,0.0032133501173194903,25.567492779554808,0.752259411234457,0.3219652274554526
NJU_Gulou,0.1,0.05,hqs_5000,9,0.0032259239165664216,25.55079695964112,0.7508388569606765,0.32306964008603245
NJU_Gulou,0.1,0.05,hqs_round1,9,0.0038422621263238554,24.51634002240671,0.6897941542727773,0.3223174108468272
NJU_Gulou,0.25,0.0,adjoint,9,0.0031300069361558337,25.539482238233706,0.7001496232339949,0.0003088772064074874
NJU_Gulou,0.25,0.0,admm,9,0.0010813312388138507,31.248517055888403,0.9186455593309404,0.32042036968697274
NJU_Gulou,0.25,0.0,fista_dct,9,0.0027189895084136877,26.29962928694148,0.7483704673057288,0.3935412634552146
NJU_Gulou,0.25,0.0,hqs,9,0.0010867962596474725,31.22274757601171,0.9188247323644426,0.32089946777301115
NJU_Gulou,0.25,0.0,hqs_10000,9,0.001032657616885853,31.550736905458784,0.9217766405623222,0.3186779284409972
NJU_Gulou,0.25,0.0,hqs_5000,9,0.0010366959563758273,31.51964744832741,0.9209982975209025,0.31979464288128334
NJU_Gulou,0.25,0.0,hqs_round1,9,0.0010567102123902642,31.367227558121485,0.9204604486310747,0.32001552878258127
NJU_Gulou,0.5,0.0,adjoint,9,0.0015666803398153956,28.541672365910713,0.8167465226334847,0.0004523482121941116
NJU_Gulou,0.5,0.0,admm,9,0.00034826747996576736,36.696595564330146,0.9717166423686344,0.32066074923043036
NJU_Gulou,0.5,0.0,fista_dct,9,0.0013665789548725502,29.340621665203905,0.8511867232347858,0.468254844011325
NJU_Gulou,0.5,0.0,hqs,9,0.00034851562094450093,36.66991683794637,0.9717944769633081,0.32101806154888535
NJU_Gulou,0.5,0.0,hqs_10000,9,0.0003269846045104145,37.133269044747124,0.973163517686791,0.3194409001282313
NJU_Gulou,0.5,0.0,hqs_5000,9,0.00032883886279173966,37.083919825970646,0.9729336108831299,0.3190774504845548
NJU_Gulou,0.5,0.0,hqs_round1,9,0.00033576447251704703,36.9051810642959,0.97262301857392,0.3189207571170603
NJU_Xianlin,0.01,0.0,adjoint,9,0.007741505722358966,21.241286339359206,0.3638420696864105,0.00016083701565447781
NJU_Xianlin,0.01,0.0,admm,9,0.005007847382876741,23.18607914874053,0.5793117990235506,0.32415611089931595
NJU_Xianlin,0.01,0.0,fista_dct,9,0.006667810927443885,21.89388797723932,0.47667668519311845,0.3246586609036765
NJU_Xianlin,0.01,0.0,hqs,9,0.005022076555059346,23.174607129749862,0.5805633320620155,0.3260621066696735
NJU_Xianlin,0.01,0.0,hqs_10000,9,0.004894222933108905,23.28512605106581,0.5843369650000547,0.31916575212704223
NJU_Xianlin,0.01,0.0,hqs_5000,9,0.004951802772707469,23.244815330214596,0.5820996899484032,0.31929227266098476
NJU_Xianlin,0.01,0.0,hqs_round1,9,0.005013562037655283,23.18595264466388,0.5806330264040531,0.3246782552321545
NJU_Xianlin,0.04,0.0,adjoint,9,0.004968376446201139,23.147129049194646,0.47927068309945753,0.00021142612159666087
NJU_Xianlin,0.04,0.0,admm,9,0.0024022377346007004,26.587221418063137,0.7634692330819619,0.32002358441241086
NJU_Xianlin,0.04,0.0,fista_dct,9,0.004402335472392378,23.666688789328063,0.5422203903515755,0.33995411468721515
NJU_Xianlin,0.04,0.0,hqs,9,0.0023905798813679963,26.601623013177804,0.7662491141428427,0.319864378672921
NJU_Xianlin,0.04,0.0,hqs_10000,9,0.002344839290612464,26.686885057393372,0.7691127341923258,0.31950832321308553
NJU_Xianlin,0.04,0.0,hqs_5000,9,0.002354064870554747,26.679956299971515,0.7676008954869241,0.3194233920916708
NJU_Xianlin,0.04,0.0,hqs_round1,9,0.0023734385971903352,26.628442594689908,0.7673347413688345,0.3188757959934365
NJU_Xianlin,0.1,0.0,adjoint,9,0.003457404059588486,24.7224128212163,0.584076378385705,0.00024391911251263486
NJU_Xianlin,0.1,0.0,admm,9,0.0012900134094996879,29.36569215976974,0.8691995604773342,0.32108610175136065
NJU_Xianlin,0.1,0.0,fista_dct,9,0.002949798493415224,25.41716955847986,0.6374672654438326,0.37699932799053687
NJU_Xianlin,0.1,0.0,hqs,9,0.0012996914764865886,29.33326271078133,0.8693265437728473,0.3204343889632987
NJU_Xianlin,0.1,0.0,hqs_10000,9,0.0012253399235657206,29.636168976115826,0.8740255303784613,0.31880877702496946
NJU_Xianlin,0.1,0.0,hqs_5000,9,0.0012287861543408196,29.628905388029555,0.8734437795966292,0.31799512476815534
NJU_Xianlin,0.1,0.0,hqs_round1,9,0.001252103856929395,29.506411384205933,0.8725937273167338,0.3196235684574478
NJU_Xianlin,0.1,0.01,adjoint,9,0.003493023056642935,24.675424147513176,0.5803478896854097,0.00025540920560834584
NJU_Xianlin,0.1,0.01,admm,9,0.0013911824325838964,28.97175226946019,0.8586147278722884,0.32177218622355547
NJU_Xianlin,0.1,0.01,fista_dct,9,0.0030135037058675704,25.319251394884116,0.6294189900652513,0.3810674742864514
NJU_Xianlin,0.1,0.01,hqs,9,0.0014085438508445447,28.91168298282254,0.8560617434760238,0.3226348450450503
NJU_Xianlin,0.1,0.01,hqs_10000,9,0.0013468134024838545,29.14771204396486,0.8611142853665887,0.3212422245630512
NJU_Xianlin,0.1,0.01,hqs_5000,9,0.0013516199678890554,29.13634719961088,0.8604950139889022,0.3217008875519106
NJU_Xianlin,0.1,0.01,hqs_round1,9,0.0013826587230082099,29.00320405402975,0.8588330185554306,0.3216528836853319
NJU_Xianlin,0.1,0.05,adjoint,9,0.004339988259827141,23.69378785304993,0.5101593032551021,0.0002474698962436782
NJU_Xianlin,0.1,0.05,admm,9,0.0029375389093190866,25.543072147037954,0.6740597919495336,0.3235104491856571
NJU_Xianlin,0.1,0.05,fista_dct,9,0.004374703089752043,23.647753404231317,0.5125806829951863,0.37692579579177415
NJU_Xianlin,0.1,0.05,hqs,9,0.0030591743417016557,25.39152658612143,0.6658452015714696,0.3253408285996152
NJU_Xianlin,0.1,0.05,hqs_10000,9,0.002157596065377971,26.94866402403077,0.7816615363343772,0.3238760190757199
NJU_Xianlin,0.1,0.05,hqs_5000,9,0.0021690899123671054,26.9224912830767,0.7790701819673839,0.32540223121867273
NJU_Xianlin,0.1,0.05,hqs_round1,9,0.0031110502441511014,25.33764414185195,0.6684206582948297,0.3243081656595071
NJU_Xianlin,0.25,0.0,adjoint,9,0.0019208630629815697,27.297573060097665,0.7190397905763042,0.0002893017889517877
NJU_Xianlin,0.25,0.0,admm,9,0.0004866602974741314,33.83769558993743,0.9467311380949285,0.32267410998853546
NJU_Xianlin,0.25,0.0,fista_dct,9,0.0015860497009946113,28.19360113798191,0.7737911489011853,0.399379012769916
NJU_Xianlin,0.25,0.0,hqs,9,0.0004909832932891455,33.80053482741784,0.9468104072586961,0.3233942275530555
NJU_Xianlin,0.25,0.0,hqs_10000,9,0.0004560984596196665,34.17763521158608,0.9497083988115786,0.32127093667319667
NJU_Xianlin,0.25,0.0,hqs_5000,9,0.0004606126679008607,34.122040076314775,0.9490749120017953,0.3206930382358324
NJU_Xianlin,0.25,0.0,hqs_round1,9,0.0004686417431856066,34.01729038513246,0.9485802660819955,0.3196882850024849
NJU_Xianlin,0.5,0.0,adjoint,9,0.0009586333724774647,30.335438333735755,0.8283710943748769,0.0004249014374282625
NJU_Xianlin,0.5,0.0,admm,9,0.00014135830463938383,39.377256446276334,0.9828979240055615,0.32361378133969587
NJU_Xianlin,0.5,0.0,fista_dct,9,0.0007755823271311936,31.348132362730333,0.8681382051488558,0.4647017947734437
NJU_Xianlin,0.5,0.0,hqs,9,0.00014204906984891205,39.361339309148256,0.982994619460053,0.3219447213406157
NJU_Xianlin,0.5,0.0,hqs_10000,9,0.00012993388456019358,39.80576980546253,0.9842455537960794,0.31998996823353487
NJU_Xianlin,0.5,0.0,hqs_5000,9,0.00013256978849043229,39.712443650804566,0.9839341571132343,0.3192062752140272
NJU_Xianlin,0.5,0.0,hqs_round1,9,0.00013592238691075313,39.593616739051164,0.983719654279497,0.32223578376902473
Qinhuai_Fuzimiao,0.01,0.0,adjoint,3,0.009574123710929546,20.19124658229228,0.43836761200136426,0.00017507770098745823
Qinhuai_Fuzimiao,0.01,0.0,admm,3,0.005828789574401592,22.35433667059404,0.7408201643586124,0.31745003804098815
Qinhuai_Fuzimiao,0.01,0.0,fista_dct,3,0.009530685510262045,20.221768295939352,0.47100300629931136,0.32620160138079274
Qinhuai_Fuzimiao,0.01,0.0,hqs,3,0.005781170242156537,22.393716246412698,0.7437268024444297,0.31810299202334136
Qinhuai_Fuzimiao,0.01,0.0,hqs_10000,3,0.005730214779503989,22.427914287624347,0.7450431073405911,0.3192532783529411
Qinhuai_Fuzimiao,0.01,0.0,hqs_5000,3,0.00573386282344807,22.42619195491101,0.7439862858259881,0.32181053337020177
Qinhuai_Fuzimiao,0.01,0.0,hqs_round1,3,0.005808121175282052,22.373734926313848,0.7428694387432756,0.31761385236556333
Qinhuai_Fuzimiao,0.04,0.0,adjoint,3,0.005863080424948687,22.323276175530506,0.504530922757568,0.0002714459939549367
Qinhuai_Fuzimiao,0.04,0.0,admm,3,0.0023187779460195354,26.36390785119143,0.8692319302572438,0.3204493723266448
Qinhuai_Fuzimiao,0.04,0.0,fista_dct,3,0.005721345696650293,22.425264048713853,0.5041218744749727,0.33774833703258383
Qinhuai_Fuzimiao,0.04,0.0,hqs,3,0.0023517020258768382,26.30529082662876,0.8699771418329639,0.32001823497315246
Qinhuai_Fuzimiao,0.04,0.0,hqs_10000,3,0.002270345833923129,26.45698341459186,0.872743858755897,0.3211508133681491
Qinhuai_Fuzimiao,0.04,0.0,hqs_5000,3,0.002261316976529036,26.476034888155557,0.8725588412523299,0.3165724460268393
Qinhuai_Fuzimiao,0.04,0.0,hqs_round1,3,0.0023223939779775213,26.361503405065026,0.8711228699590626,0.3170669633739938
Qinhuai_Fuzimiao,0.1,0.0,adjoint,3,0.003858245460963177,24.15108857110062,0.5831371739029735,0.00037167764579256374
Qinhuai_Fuzimiao,0.1,0.0,admm,3,0.0011142832062452299,29.5616037449344,0.9303929946970144,0.31968303106259555
Qinhuai_Fuzimiao,0.1,0.0,fista_dct,3,0.0034830922554349684,24.58573523275388,0.5954534853895013,0.37361984769813716
Qinhuai_Fuzimiao,0.1,0.0,hqs,3,0.0011228066091201723,29.52847541565824,0.9310112993969123,0.3207064513893177
Qinhuai_Fuzimiao,0.1,0.0,hqs_10000,3,0.0010499469783406949,29.819592496293808,0.9334259686964352,0.31815879597949487
Qinhuai_Fuzimiao,0.1,0.0,hqs_5000,3,0.0010462653655009416,29.83472707985909,0.933062446772178,0.31993561102232587
Qinhuai_Fuzimiao,0.1,0.0,hqs_round1,3,0.0010800619255964196,29.69460838154841,0.9327020794029236,0.31744867330417037
Qinhuai_Fuzimiao,0.1,0.01,adjoint,3,0.0038617666391891976,24.147155154934428,0.5824729905850985,0.00030842111704664095
Qinhuai_Fuzimiao,0.1,0.01,admm,3,0.0011382951686751503,29.467192030847844,0.9286601000007787,0.31818823055881595
Qinhuai_Fuzimiao,0.1,0.01,fista_dct,3,0.0034869620181840334,24.580792637396232,0.5950959152992822,0.37300851888075054
Qinhuai_Fuzimiao,0.1,0.01,hqs,3,0.0011501733784414147,29.421090181330374,0.9285251755545935,0.3186404913301683
Qinhuai_Fuzimiao,0.1,0.01,hqs_10000,3,0.0010877366532541022,29.66469374325155,0.9304719286529487,0.31937993157448047
Qinhuai_Fuzimiao,0.1,0.01,hqs_5000,3,0.0010834126571817532,29.68160856287753,0.9301960351885955,0.32061694166623056
Qinhuai_Fuzimiao,0.1,0.01,hqs_round1,3,0.0011117761790791802,29.567617464786256,0.9301747106564839,0.3226432733030783
Qinhuai_Fuzimiao,0.1,0.05,adjoint,3,0.003952106732708973,24.047252134605312,0.5672977917473837,0.00031874502181179
Qinhuai_Fuzimiao,0.1,0.05,admm,3,0.0014806868028359923,28.309145803559257,0.8852123133668502,0.3244561053450323
Qinhuai_Fuzimiao,0.1,0.05,fista_dct,3,0.0036421418353559695,24.39336169556943,0.572121461596852,0.3802502826632311
Qinhuai_Fuzimiao,0.1,0.05,hqs,3,0.0015319490452706792,28.158302039429383,0.8740728173954486,0.32809623251927816
Qinhuai_Fuzimiao,0.1,0.05,hqs_10000,3,0.0014237827892923211,28.482691849311365,0.9036990922950904,0.3273649646693633
Qinhuai_Fuzimiao,0.1,0.05,hqs_5000,3,0.001428109104485087,28.467878320685724,0.9011089621165064,0.32897049143341267
Qinhuai_Fuzimiao,0.1,0.05,hqs_round1,3,0.0015373145829073193,28.140624817147657,0.8784284329863984,0.32951410867584247
Qinhuai_Fuzimiao,0.25,0.0,adjoint,3,0.00209407677906313,26.81637408827541,0.6938860776950319,0.00039607135113328695
Qinhuai_Fuzimiao,0.25,0.0,admm,3,0.0003338020696496912,34.82430589876481,0.9754742520109813,0.31954678733988356
Qinhuai_Fuzimiao,0.25,0.0,fista_dct,3,0.0018602434008735836,27.31610819216969,0.7068501110788187,0.40615342328480136
Qinhuai_Fuzimiao,0.25,0.0,hqs,3,0.0003337338971085113,34.82543760408559,0.9756718886327743,0.3220625033136457
Qinhuai_Fuzimiao,0.25,0.0,hqs_10000,3,0.0003115286135167231,35.13482326914608,0.9768526463114421,0.3179459859772275
Qinhuai_Fuzimiao,0.25,0.0,hqs_5000,3,0.00031314523824956274,35.109712564693446,0.9765371968536378,0.31846586036651087
Qinhuai_Fuzimiao,0.25,0.0,hqs_round1,3,0.0003206336210250332,35.00926204600038,0.976507391599655,0.3202257346517096
Qinhuai_Fuzimiao,0.5,0.0,adjoint,3,0.000983528703896659,30.137526148878326,0.8016998011550109,0.0005928346654400229
Qinhuai_Fuzimiao,0.5,0.0,admm,3,7.595154193003883e-05,41.417599983484926,0.9933350705753963,0.3168608207100381
Qinhuai_Fuzimiao,0.5,0.0,fista_dct,3,0.0008677409968366551,30.64455770539787,0.81384159076039,0.45647220166089636
Qinhuai_Fuzimiao,0.5,0.0,hqs,3,7.569820372568394e-05,41.42980744148554,0.9934483902374903,0.3215867376420647
Qinhuai_Fuzimiao,0.5,0.0,hqs_10000,3,6.907840514169159e-05,41.840877512633845,0.993796368098577,0.31800379200528067
Qinhuai_Fuzimiao,0.5,0.0,hqs_5000,3,7.114613253373865e-05,41.69928435826099,0.9937181743968327,0.3202993783246105
Qinhuai_Fuzimiao,0.5,0.0,hqs_round1,3,7.2924047862571e-05,41.59129033927312,0.99367163246123,0.32006447700162727
Sun_Yat_sen_Mausoleum,0.01,0.0,adjoint,3,0.011619134714942372,19.467384535843173,0.3254808639368781,0.00019463136171301207
Sun_Yat_sen_Mausoleum,0.01,0.0,admm,3,0.0057423710306276805,22.460338256851827,0.6588786983728611,0.32095031700252247
Sun_Yat_sen_Mausoleum,0.01,0.0,fista_dct,3,0.009877003143751699,20.166573250731886,0.4484601769016732,0.3198650286843379
Sun_Yat_sen_Mausoleum,0.01,0.0,hqs,3,0.005460862959717347,22.655778069043848,0.6638444958600598,0.32015565332646173
Sun_Yat_sen_Mausoleum,0.01,0.0,hqs_10000,3,0.0051557159904022576,22.903535700838944,0.6718950324983721,0.31962744996417314
Sun_Yat_sen_Mausoleum,0.01,0.0,hqs_5000,3,0.005162886192521517,22.895989964474293,0.6709178568857661,0.3200966076692566
Sun_Yat_sen_Mausoleum,0.01,0.0,hqs_round1,3,0.0053557777779983775,22.738884571883272,0.6669310763254228,0.32189047099867213
Sun_Yat_sen_Mausoleum,0.04,0.0,adjoint,3,0.006663926102109246,21.833251517822703,0.4367183253405385,0.0002425619944309195
Sun_Yat_sen_Mausoleum,0.04,0.0,admm,3,0.0022489735969883416,26.5746856464807,0.8249676739185255,0.3229817673175906
Sun_Yat_sen_Mausoleum,0.04,0.0,fista_dct,3,0.005337117416089192,22.7509310085197,0.5119537715620495,0.3417489669518545
Sun_Yat_sen_Mausoleum,0.04,0.0,hqs,3,0.0022611255952639585,26.54718235095589,0.8250626614859389,0.3256078453268856
Sun_Yat_sen_Mausoleum,0.04,0.0,hqs_10000,3,0.0021719173653867436,26.745358877219644,0.8284459348305058,0.321414862992242
Sun_Yat_sen_Mausoleum,0.04,0.0,hqs_5000,3,0.002192697055537454,26.698979176156797,0.8273454349537013,0.3211535046575591
Sun_Yat_sen_Mausoleum,0.04,0.0,hqs_round1,3,0.002224532443364962,26.624338032883404,0.8267140671036421,0.321749019358928
Sun_Yat_sen_Mausoleum,0.1,0.0,adjoint,3,0.0042492981656256324,23.754807621869205,0.5389158861994866,0.00032349966932088137
Sun_Yat_sen_Mausoleum,0.1,0.0,admm,3,0.0010650317811940694,29.927895451222252,0.9094302305318515,0.3223698823324715
Sun_Yat_sen_Mausoleum,0.1,0.0,fista_dct,3,0.0031749508549057943,25.00765757514239,0.6170400834651666,0.36161051395659644
Sun_Yat_sen_Mausoleum,0.1,0.0,hqs,3,0.001072454511645402,29.876832479214148,0.9099256231058438,0.3236160696251318
Sun_Yat_sen_Mausoleum,0.1,0.0,hqs_10000,3,0.001008782722235347,30.19845657991006,0.9128229384646417,0.3205176570142309
Sun_Yat_sen_Mausoleum,0.1,0.0,hqs_5000,3,0.0010214002180650875,30.143570756288028,0.9115014931330284,0.32185160799417645
Sun_Yat_sen_Mausoleum,0.1,0.0,hqs_round1,3,0.0010350980285171597,30.0654991226738,0.9117178050739764,0.31985205501162756
Sun_Yat_sen_Mausoleum,0.1,0.01,adjoint,3,0.004280121468536804,23.723052668778454,0.5360899819458752,0.00029646863953934773
Sun_Yat_sen_Mausoleum,0.1,0.01,admm,3,0.0011881590211676055,29.406303437742636,0.8994457885750003,0.32275107577960527
Sun_Yat_sen_Mausoleum,0.1,0.01,fista_dct,3,0.003219656381026437,24.94712618481576,0.6123703150735915,0.3667759206404703
Sun_Yat_sen_Mausoleum,0.1,0.01,hqs,3,0.0012064822607651352,29.326754827431305,0.8968817448479335,0.3202431741196455
Sun_Yat_sen_Mausoleum,0.1,0.01,hqs_10000,3,0.0011474995288048582,29.575160975768117,0.9017272209907373,0.3204930701241311
Sun_Yat_sen_Mausoleum,0.1,0.01,hqs_5000,3,0.0011574816085199112,29.539826718664795,0.9004734092563456,0.3202622069382212
Sun_Yat_sen_Mausoleum,0.1,0.01,hqs_round1,3,0.0011869077350931995,29.419276737612055,0.8986461180480586,0.3193684278909738
Sun_Yat_sen_Mausoleum,0.1,0.05,adjoint,3,0.005016799584407808,23.02669749481306,0.4834941729209598,0.00029983077870888845
Sun_Yat_sen_Mausoleum,0.1,0.05,admm,3,0.0027470425732184483,25.61338102650809,0.7168056483365542,0.3226350894353042
Sun_Yat_sen_Mausoleum,0.1,0.05,fista_dct,3,0.004436925609843125,23.553030395453856,0.5117359563828917,0.3804655119957816
Sun_Yat_sen_Mausoleum,0.1,0.05,hqs,3,0.002872392510703687,25.421621997576437,0.6996101856868955,0.32437729234031093
Sun_Yat_sen_Mausoleum,0.1,0.05,hqs_10000,3,0.0020058772783233298,27.020802028743834,0.8296421583448824,0.3245201368893807
Sun_Yat_sen_Mausoleum,0.1,0.05,hqs_5000,3,0.002016726763549349,26.993517308328418,0.8241105518430398,0.32024716378913987
Sun_Yat_sen_Mausoleum,0.1,0.05,hqs_round1,3,0.002870455221156098,25.42416924424648,0.706263249296089,0.31969772010213804
Sun_Yat_sen_Mausoleum,0.25,0.0,adjoint,3,0.00223645778762941,26.52224131420134,0.671841419145887,0.0003864806688701113
Sun_Yat_sen_Mausoleum,0.25,0.0,admm,3,0.0003434924418377631,35.09143905344413,0.9656415253421465,0.3192048789933324
Sun_Yat_sen_Mausoleum,0.25,0.0,fista_dct,3,0.0015591694474559215,28.09608465363718,0.7530380123450756,0.38710979038539034
Sun_Yat_sen_Mausoleum,0.25,0.0,hqs,3,0.0003489556258201881,35.01277185339797,0.9653616400435766,0.3213577619753778
Sun_Yat_sen_Mausoleum,0.25,0.0,hqs_10000,3,0.00031590124730628916,35.48985278459529,0.9680304260986645,0.32139139603047323
Sun_Yat_sen_Mausoleum,0.25,0.0,hqs_5000,3,0.0003232221644826303,35.37754013385733,0.9669419513589541,0.32223569698786986
Sun_Yat_sen_Mausoleum,0.25,0.0,hqs_round1,3,0.0003326411421197702,35.24125024515958,0.9666911990103721,0.33299950168778497
Sun_Yat_sen_Mausoleum,0.5,0.0,adjoint,3,0.0010825510146869797,29.67176558187158,0.7806423772812883,0.0005842286627739668
Sun_Yat_sen_Mausoleum,0.5,0.0,admm,3,8.457031351974421e-05,41.230756016008264,0.989209510480245,0.32049291968966526
Sun_Yat_sen_Mausoleum,0.5,0.0,fista_dct,3,0.0007392970136708747,31.33494253728827,0.8453859541448753,0.4488319057272747
Sun_Yat_sen_Mausoleum,0.5,0.0,hqs,3,8.542203609366634e-05,41.167002226802374,0.9892305159533819,0.32327345964343596
Sun_Yat_sen_Mausoleum,0.5,0.0,hqs_10000,3,7.606790731282539e-05,41.69419788400352,0.9901063113899231,0.3181624406327804
Sun_Yat_sen_Mausoleum,0.5,0.0,hqs_5000,3,7.698886084726355e-05,41.63412670482283,0.9898598012771607,0.32105999467118335
Sun_Yat_sen_Mausoleum,0.5,0.0,hqs_round1,3,8.160086626177549e-05,41.35839333684339,0.9897136437613169,0.3183442106625686
Xuanwu_Lake,0.01,0.0,adjoint,3,0.0032216148656828356,25.074380226934874,0.5100876142564116,0.00017551499574134746
Xuanwu_Lake,0.01,0.0,admm,3,0.0015216755498147544,29.048926914244902,0.8058963849834647,0.3237332516970734
Xuanwu_Lake,0.01,0.0,fista_dct,3,0.002572699663624303,26.073165241430942,0.6867399054838961,0.326866519676211
Xuanwu_Lake,0.01,0.0,hqs,3,0.0015278575322464686,28.986085009237428,0.8052913973401022,0.3295811916468665
Xuanwu_Lake,0.01,0.0,hqs_10000,3,0.0015118190159451636,29.11414392795704,0.8065080190262184,0.32008041033986956
Xuanwu_Lake,0.01,0.0,hqs_5000,3,0.0014817911875322747,29.293627697766947,0.8089317747865815,0.3188433930044994
Xuanwu_Lake,0.01,0.0,hqs_round1,3,0.0015171203471926462,29.09106436008287,0.80601117117578,0.31982493101774406
Xuanwu_Lake,0.04,0.0,adjoint,3,0.001990333443094357,27.211523144381914,0.5910983655077047,0.00026711937971413136
Xuanwu_Lake,0.04,0.0,admm,3,0.0006764037916704237,32.965398243517264,0.8916900807249397,0.3195027633725355
Xuanwu_Lake,0.04,0.0,fista_dct,3,0.0016232237005794337,28.170235228436166,0.6922161300043177,0.3418885779489453
Xuanwu_Lake,0.04,0.0,hqs,3,0.0006827424229241798,32.89592515397069,0.8922394660482406,0.31955814035609365
Xuanwu_Lake,0.04,0.0,hqs_10000,3,0.0006578805262618414,33.296788592264754,0.8950467041720351,0.3182997986441478
Xuanwu_Lake,0.04,0.0,hqs_5000,3,0.0006585703721915144,33.29898660575626,0.8947969951591292,0.32193406896355253
Xuanwu_Lake,0.04,0.0,hqs_round1,3,0.0006709939532660974,33.07219510280763,0.8932819319662948,0.3188545839705815
Xuanwu_Lake,0.1,0.0,adjoint,3,0.0013522118720409647,28.925168122690767,0.6715068727385005,0.000342405013119181
Xuanwu_Lake,0.1,0.0,admm,3,0.0003892221365126239,35.53030717368788,0.9312484187156359,0.32053326404032606
Xuanwu_Lake,0.1,0.0,fista_dct,3,0.0010478572841396896,30.216425931773443,0.7639425453191401,0.36433660398082185
Xuanwu_Lake,0.1,0.0,hqs,3,0.0003948357833030455,35.36456973265229,0.9310604297582308,0.3182171059694762
Xuanwu_Lake,0.1,0.0,hqs_10000,3,0.0003744505760637185,35.90923531158572,0.9330202887187005,0.3191483353730291
Xuanwu_Lake,0.1,0.0,hqs_5000,3,0.00037545475519086216,35.900198794652454,0.9328078643321991,0.3187228973256424
Xuanwu_Lake,0.1,0.0,hqs_round1,3,0.00037991025963147925,35.73021331891095,0.9327667597937584,0.3239520376470561
Xuanwu_Lake,0.1,0.01,adjoint,3,0.001390296557049888,28.790615085188104,0.6609942157901135,0.0003124293095121781
Xuanwu_Lake,0.1,0.01,admm,3,0.00047435625933598557,34.19358483482815,0.9117523264781635,0.3213388206851151
Xuanwu_Lake,0.1,0.01,fista_dct,3,0.0011187115524953725,29.876975329371717,0.737236941250934,0.3760079232096258
Xuanwu_Lake,0.1,0.01,hqs,3,0.0004919730058114403,33.977174694069866,0.9047113722733391,0.32036503322888166
Xuanwu_Lake,0.1,0.01,hqs_10000,3,0.0004574676477385878,34.56896236974766,0.9186558918678761,0.3203149239998311
Xuanwu_Lake,0.1,0.01,hqs_5000,3,0.000458158415969646,34.55681352287427,0.9184852640092903,0.3196193436548735
Xuanwu_Lake,0.1,0.01,hqs_round1,3,0.00048188886908928386,34.16601490292226,0.9085696473760869,0.3194253414403647
Xuanwu_Lake,0.1,0.05,adjoint,3,0.0023032773950352864,26.447307696170867,0.49880291889862627,0.00030588757039772137
Xuanwu_Lake,0.1,0.05,admm,3,0.0016058198144491469,28.035111972345874,0.6249177909398663,0.32094104776883287
Xuanwu_Lake,0.1,0.05,fista_dct,3,0.0026237833917212836,25.860069873006395,0.46786997786988915,0.36881912989904064
Xuanwu_Lake,0.1,0.05,hqs,3,0.0017140445049367604,27.754658458444577,0.6031708662409,0.321476405667555
Xuanwu_Lake,0.1,0.05,hqs_10000,3,0.0008654661639391476,31.413542992091667,0.8674286161437311,0.3190875857576935
Xuanwu_Lake,0.1,0.05,hqs_5000,3,0.000864293817310534,31.405021913897688,0.8654747341535725,0.3197126867922229
Xuanwu_Lake,0.1,0.05,hqs_round1,3,0.0016731061548049084,27.864875226895027,0.6160386740861098,0.3204710276590453
Xuanwu_Lake,0.25,0.0,adjoint,3,0.000777652585764863,31.316726087728437,0.769913210154295,0.000375208289672931
Xuanwu_Lake,0.25,0.0,admm,3,0.00018124684069453786,39.17915414235447,0.9627088150637944,0.340478698645408
Xuanwu_Lake,0.25,0.0,fista_dct,3,0.0005637938873176022,32.95574050641576,0.8478724049334526,0.3966180083031456
Xuanwu_Lake,0.25,0.0,hqs,3,0.00018093344214874032,39.18730856156812,0.9629032936474483,0.34712359091887873
Xuanwu_Lake,0.25,0.0,hqs_10000,3,0.00017489786423599343,39.48442945697321,0.9630747315130233,0.3307397599564865
Xuanwu_Lake,0.25,0.0,hqs_5000,3,0.00017574126852845076,39.465324124544566,0.9631930560760499,0.3334093406641235
Xuanwu_Lake,0.25,0.0,hqs_round1,3,0.00017582194996057306,39.38560381522867,0.9638522448215484,0.3395220149929325
Xuanwu_Lake,0.5,0.0,adjoint,3,0.0004227195827522566,33.94723424665208,0.8487341091960271,0.0005913773008311788
Xuanwu_Lake,0.5,0.0,admm,3,7.359232138348503e-05,43.45868852843841,0.9823780958439509,0.31799603963736445
Xuanwu_Lake,0.5,0.0,fista_dct,3,0.0002919049679456659,35.91847877140393,0.9100977496045429,0.47710798397505033
Xuanwu_Lake,0.5,0.0,hqs,3,7.422646448783122e-05,43.43189568621384,0.9823546069142024,0.32676118666616577
Xuanwu_Lake,0.5,0.0,hqs_10000,3,7.182961789487022e-05,43.644087389163154,0.9812752616103491,0.32687887832677615
Xuanwu_Lake,0.5,0.0,hqs_5000,3,7.055088246727622e-05,43.68829873985046,0.9823840041936239,0.3289211373388146
Xuanwu_Lake,0.5,0.0,hqs_round1,3,7.154892287965848e-05,43.63683380785238,0.9829332273950576,0.3330481060547754
