dataset,cr,sigma,candidate,reference,images,old_mse,new_mse,delta_psnr,delta_ssim,mse_reduction_percent,improved_images,target_at_least_5_percent
NJU_campus_web,0.01,0.0,hqs_10000,hqs,18,0.006498230305839865,0.006408032387268347,0.07120080169151165,0.003030920094950068,1.3880381938827124,14,False
NJU_campus_web,0.01,0.0,hqs_10000,hqs_5000,18,0.006466458822883131,0.006408032387268347,0.030618778252028436,0.002010973545645559,0.9035306218610373,12,False
NJU_campus_web,0.01,0.0,hqs_10000,hqs_round1,18,0.0064895634241111805,0.006408032387268347,0.06107205586964288,0.0027967265012983572,1.2563408586148461,15,False
NJU_campus_web,0.01,0.0,hqs_5000,hqs_round1,18,0.0064895634241111805,0.006466458822883131,0.030453277617614443,0.0007857529556527983,0.35602705017424574,12,False
NJU_campus_web,0.04,0.0,hqs_10000,hqs,18,0.0032592588459698845,0.003200353596566734,0.0890304230039762,0.0029332222417629747,1.8073203813188332,16,False
NJU_campus_web,0.04,0.0,hqs_10000,hqs_5000,18,0.0032231026814219955,0.003200353596566734,0.022054648256263576,0.0022754451586451583,0.7058132211048562,14,False
NJU_campus_web,0.04,0.0,hqs_10000,hqs_round1,18,0.0032369035363289255,0.003200353596566734,0.05810455463588601,0.0019416536876369474,1.1291637008016608,15,False
NJU_campus_web,0.04,0.0,hqs_5000,hqs_round1,18,0.0032369035363289255,0.0032231026814219955,0.03604990637962244,-0.0003337914710082108,0.42635978341764025,14,False
NJU_campus_web,0.1,0.0,hqs_10000,hqs,18,0.0018627564842105368,0.001790064322904372,0.24482314249661247,0.004069687879222048,3.9023974374714276,18,False
NJU_campus_web,0.1,0.0,hqs_10000,hqs_5000,18,0.0017966620671756128,0.001790064322904372,0.011966767408785649,0.0011251752468451645,0.3672223281038445,13,False
NJU_campus_web,0.1,0.0,hqs_10000,hqs_round1,18,0.0018216306464450003,0.001790064322904372,0.1052504762511251,0.001446616728383686,1.7328608081024321,17,False
NJU_campus_web,0.1,0.0,hqs_5000,hqs_round1,18,0.0018216306464450003,0.0017966620671756128,0.09328370884233944,0.0003214414815385215,1.3706718932355977,17,False
NJU_campus_web,0.1,0.01,hqs_10000,hqs,18,0.00195833451765431,0.0018935110870774345,0.19813923508686343,0.004335003352878919,3.3101306233687233,18,False
NJU_campus_web,0.1,0.01,hqs_10000,hqs_5000,18,0.0019005302621006989,0.0018935110870774345,0.013520657846071692,0.0010437755516519503,0.36932719058658803,15,False
NJU_campus_web,0.1,0.01,hqs_10000,hqs_round1,18,0.0019332644123034013,0.0018935110870774345,0.1250953655789265,0.0020043394940173673,2.0562797811294997,17,False
NJU_campus_web,0.1,0.01,hqs_5000,hqs_round1,18,0.0019332644123034013,0.0019005302621006989,0.1115747077328548,0.0009605639423654169,1.6932060609185395,17,False
NJU_campus_web,0.1,0.05,hqs_10000,hqs,18,0.00343470528735488,0.002685473091348731,1.2839352618135405,0.09055785229175971,21.81358030234799,18,True
NJU_campus_web,0.1,0.05,hqs_10000,hqs_5000,18,0.0026975069144667633,0.002685473091348731,0.021434280433877153,0.002005954320386879,0.44610907403035416,15,False
NJU_campus_web,0.1,0.05,hqs_10000,hqs_round1,18,0.003476656185237478,0.002685473091348731,1.3310863196634595,0.08785306750061359,22.757012823075694,18,True
NJU_campus_web,0.1,0.05,hqs_5000,hqs_round1,18,0.003476656185237478,0.0026975069144667633,1.309652039229582,0.0858471131802267,22.410880721514136,18,True
NJU_campus_web,0.25,0.0,hqs_10000,hqs,18,0.0007888897764683089,0.0007443780382527595,0.3525448568076474,0.0029249498753812528,5.642326665053121,18,True
NJU_campus_web,0.25,0.0,hqs_10000,hqs_5000,18,0.000748654312138344,0.0007443780382527595,0.04334229620132923,0.0007059149256017175,0.5711947178091203,17,False
NJU_campus_web,0.25,0.0,hqs_10000,hqs_round1,18,0.0007626759777879352,0.0007443780382527595,0.17192708689545158,0.0012221623304154994,2.3991760679609953,18,False
NJU_campus_web,0.25,0.0,hqs_5000,hqs_round1,18,0.0007626759777879352,0.000748654312138344,0.12858479069412235,0.0005162474048137818,1.8384826660280629,18,False
NJU_campus_web,0.5,0.0,hqs_10000,hqs,18,0.00024528234539670645,0.00022845924453530406,0.4538913515575206,0.0013099875297546354,6.858667644503158,18,True
NJU_campus_web,0.5,0.0,hqs_10000,hqs_5000,18,0.00023070432564108602,0.00022845924453530406,0.0713376867172219,0.00027065174325306235,0.9731421808166218,18,False
NJU_campus_web,0.5,0.0,hqs_10000,hqs_round1,18,0.00023584342971390008,0.00022845924453530406,0.22012052343129834,0.0005331993147267227,3.1309692144291357,18,False
NJU_campus_web,0.5,0.0,hqs_5000,hqs_round1,18,0.00023584342971390008,0.00023070432564108602,0.14878283671407644,0.0002625475714736604,2.1790321142498126,18,False
Nanjing_scenic_web,0.01,0.0,hqs_10000,hqs,12,0.004381525017415658,0.004262520975215325,0.134063738452892,0.0032691762501403008,2.716041600294805,10,False
Nanjing_scenic_web,0.01,0.0,hqs_10000,hqs_5000,12,0.004266551674551022,0.004262520975215325,-0.03251150918263749,0.0004590850882785121,0.0944720618231254,7,False
Nanjing_scenic_web,0.01,0.0,hqs_10000,hqs_round1,12,0.004343354347820373,0.004262520975215325,0.07411842584130213,0.0021065659753366495,1.861081692439226,10,False
Nanjing_scenic_web,0.01,0.0,hqs_5000,hqs_round1,12,0.004343354347820373,0.004266551674551022,0.10662993502393962,0.0016474808870581374,1.7682801613433385,8,False
Nanjing_scenic_web,0.04,0.0,hqs_10000,hqs,12,0.001924505562458243,0.0018648003509470939,0.20691475698567618,0.0026248463011267487,3.1023662740099045,12,False
Nanjing_scenic_web,0.04,0.0,hqs_10000,hqs_5000,12,0.00186731953993713,0.0018648003509470939,0.010305483136569352,0.0007264205870047927,0.1349093680089175,7,False
Nanjing_scenic_web,0.04,0.0,hqs_10000,hqs_round1,12,0.0018985101522156044,0.0018648003509470939,0.12006490205962243,0.0013996664318727907,1.7755923627361447,11,False
Nanjing_scenic_web,0.04,0.0,hqs_5000,hqs_round1,12,0.0018985101522156044,0.00186731953993713,0.10975941892305308,0.0006732458448679979,1.6428994199517044,10,False
Nanjing_scenic_web,0.1,0.0,hqs_10000,hqs,12,0.0009749707911201771,0.000923847291240759,0.33362580367300954,0.0024184970999707642,5.243592971711541,12,True
Nanjing_scenic_web,0.1,0.0,hqs_10000,hqs_5000,12,0.0009282232627191673,0.000923847291240759,0.0222725350299046,0.0008159582150578474,0.4714352305273173,7,False
Nanjing_scenic_web,0.1,0.0,hqs_10000,hqs_round1,12,0.0009418535762066546,0.000923847291240759,0.12190278491584354,0.0006981289306233115,1.9117923869245712,11,False
Nanjing_scenic_web,0.1,0.0,hqs_5000,hqs_round1,12,0.0009418535762066546,0.0009282232627191673,0.09963024988593894,-0.00011782928443453596,1.447179671216392,11,False
Nanjing_scenic_web,0.1,0.01,hqs_10000,hqs,12,0.0010568662416514311,0.001010058987669834,0.2995261247212873,0.005695918627745576,4.428872087773128,12,False
Nanjing_scenic_web,0.1,0.01,hqs_10000,hqs_5000,12,0.0010129287240012669,0.001010058987669834,0.014096795886180994,0.0006904588216625854,0.283310786182156,7,False
Nanjing_scenic_web,0.1,0.01,hqs_10000,hqs_round1,12,0.0010345752137739096,0.001010058987669834,0.17558308659868752,0.003498731221768575,2.3696900696707823,11,False
Nanjing_scenic_web,0.1,0.01,hqs_5000,hqs_round1,12,0.0010345752137739096,0.0010129287240012669,0.16148629071250656,0.002808272400105989,2.0923070149420075,10,False
Nanjing_scenic_web,0.1,0.05,hqs_10000,hqs,12,0.0021016088268821054,0.0015737992536537192,1.5609715539976816,0.12241408387708062,25.11454874366089,12,True
Nanjing_scenic_web,0.1,0.05,hqs_10000,hqs_5000,12,0.0015780187891745274,0.0015737992536537192,0.01601751425757521,0.0027241993752245073,0.2673945044098902,8,False
Nanjing_scenic_web,0.1,0.05,hqs_10000,hqs_round1,12,0.0020957117851020646,0.0015737992536537192,1.5475531571591183,0.11522287656318592,24.903831488590278,12,True
Nanjing_scenic_web,0.1,0.05,hqs_5000,hqs_round1,12,0.0020957117851020646,0.0015780187891745274,1.5315356429015434,0.1124986771879614,24.7024900851204,12,True
Nanjing_scenic_web,0.25,0.0,hqs_10000,hqs,12,0.0003443554706948778,0.00032484824201551617,0.3057536347903828,0.00129979126540819,5.664852264434139,12,True
Nanjing_scenic_web,0.25,0.0,hqs_10000,hqs_5000,12,0.00032781744604970997,0.00032484824201551617,0.044830655230658024,0.0004966640110015778,0.9057492424437874,10,False
Nanjing_scenic_web,0.25,0.0,hqs_10000,hqs_round1,12,0.0003319151797405262,0.00032484824201551617,0.12871810624459576,0.00024381420544786203,2.1291396586726075,10,False
Nanjing_scenic_web,0.25,0.0,hqs_5000,hqs_round1,12,0.0003319151797405262,0.00032781744604970997,0.08388745101393773,-0.0002528498055537158,1.2345725477272862,9,False
Nanjing_scenic_web,0.5,0.0,hqs_10000,hqs,12,0.00010074464787849515,9.441256002571081e-05,0.35651250621114566,0.00015155083767572539,6.285284614246967,11,True
Nanjing_scenic_web,0.5,0.0,hqs_10000,hqs_5000,12,9.521442538492009e-05,9.441256002571081e-05,0.07191816702937182,-0.00013131190641723264,0.8421679340788968,10,False
Nanjing_scenic_web,0.5,0.0,hqs_10000,hqs_round1,12,9.756900727121481e-05,9.441256002571081e-05,0.2508058652547813,-0.0002723041590849499,3.2350920992051835,11,False
Nanjing_scenic_web,0.5,0.0,hqs_5000,hqs_round1,12,9.756900727121481e-05,9.521442538492009e-05,0.1788876982254095,-0.00014099225266771728,2.4132477639642658,10,False
