location,cr,sigma,candidate,reference,images,old_mse,new_mse,delta_psnr,delta_ssim,mse_reduction_percent,improved_images,target_at_least_5_percent
Ming_Xiaoling,0.01,0.0,hqs_10000,hqs,3,0.00475620933554228,0.0046523341150098915,0.12624036208520786,0.0024932417799714557,2.183991771685656,3,False
Ming_Xiaoling,0.01,0.0,hqs_10000,hqs_5000,3,0.004687666494702228,0.0046523341150098915,0.04016966400136468,0.0022260989862682434,0.7537306617752648,3,False
Ming_Xiaoling,0.01,0.0,hqs_10000,hqs_round1,3,0.004692398090808416,0.0046523341150098915,0.054563645224869596,0.0007917912806434391,0.8538059862611136,3,False
Ming_Xiaoling,0.01,0.0,hqs_5000,hqs_round1,3,0.004692398090808416,0.004687666494702228,0.014393981223504918,-0.0014343077056248044,0.10083535144761457,1,False
Ming_Xiaoling,0.04,0.0,hqs_10000,hqs,3,0.002402452205767994,0.0023590576782166616,0.07692647542177511,0.0015421568132123846,1.8062597643835554,3,False
Ming_Xiaoling,0.04,0.0,hqs_10000,hqs_5000,3,0.0023566937554905174,0.0023590576782166616,0.016091718538637185,0.0013704559547416488,-0.10030674204644097,2,False
Ming_Xiaoling,0.04,0.0,hqs_10000,hqs_round1,3,0.0023761202342538375,0.0023590576782166616,0.03916526491829231,0.0004810369980527973,0.7180847076340813,2,False
Ming_Xiaoling,0.04,0.0,hqs_5000,hqs_round1,3,0.0023761202342538375,0.0023566937554905174,0.023073546379655124,-0.0008894189566888514,0.8175713704748788,2,False
Ming_Xiaoling,0.1,0.0,hqs_10000,hqs,3,0.0013097862604120882,0.0012622088883232753,0.1770964544271353,0.0024021447810927596,3.6324531358149947,3,False
Ming_Xiaoling,0.1,0.0,hqs_10000,hqs_5000,3,0.0012697727121197785,0.0012622088883232753,0.04030238312959611,0.0013664412178595968,0.5956832844419835,2,False
Ming_Xiaoling,0.1,0.0,hqs_10000,hqs_round1,3,0.0012723440910815593,0.0012622088883232753,0.050647575006954305,0.0007099641133745394,0.7965771861028981,2,False
Ming_Xiaoling,0.1,0.0,hqs_5000,hqs_round1,3,0.0012723440910815593,0.0012697727121197785,0.010345191877358198,-0.0006564771044850574,0.20209776426084458,2,False
Ming_Xiaoling,0.1,0.01,hqs_10000,hqs,3,0.0013788363215877343,0.0013475321208817892,0.11430711294935807,0.0020469256752861805,2.2703347899842297,3,False
Ming_Xiaoling,0.1,0.01,hqs_10000,hqs_5000,3,0.001352662214333756,0.0013475321208817892,0.02581889919397974,0.001061502229319654,0.3792590195545231,2,False
Ming_Xiaoling,0.1,0.01,hqs_10000,hqs_round1,3,0.0013577280718339755,0.0013475321208817892,0.046424362947982994,0.0005303594561417467,0.750956775786038,2,False
Ming_Xiaoling,0.1,0.01,hqs_5000,hqs_round1,3,0.0013577280718339755,0.001352662214333756,0.020605463754003257,-0.0005311427731779073,0.373112820255439,1,False
Ming_Xiaoling,0.1,0.05,hqs_10000,hqs,3,0.002288049246617296,0.002000070783060078,0.6614318412942484,0.06574033804786265,12.586200405562586,3,True
Ming_Xiaoling,0.1,0.05,hqs_10000,hqs_5000,3,0.0020029454713531396,0.002000070783060078,0.0134507297952611,0.0008211788303124817,0.14352304314702025,2,False
Ming_Xiaoling,0.1,0.05,hqs_10000,hqs_round1,3,0.002301971181539932,0.002000070783060078,0.7028450467787692,0.06085199583763703,13.114864378010749,3,True
Ming_Xiaoling,0.1,0.05,hqs_5000,hqs_round1,3,0.002301971181539932,0.0020029454713531396,0.6893943169835081,0.060030817007324544,12.98998495657775,3,True
Ming_Xiaoling,0.25,0.0,hqs_10000,hqs,3,0.0005137989177020716,0.0004970652430030588,0.13942704749863447,0.0011781834623018812,3.2568528508882144,3,False
Ming_Xiaoling,0.25,0.0,hqs_10000,hqs_5000,3,0.0004991611129381957,0.0004970652430030588,0.022793933303389007,0.0007010564095179342,0.4198784482228657,3,False
Ming_Xiaoling,0.25,0.0,hqs_10000,hqs_round1,3,0.0004985640058567281,0.0004970652430030588,0.041883020652415816,6.828833023708736e-05,0.3006159361813143,2,False
Ming_Xiaoling,0.25,0.0,hqs_5000,hqs_round1,3,0.0004985640058567281,0.0004991611129381957,0.019089087349026812,-0.0006327680792808469,-0.11976538106506229,1,False
Ming_Xiaoling,0.5,0.0,hqs_10000,hqs,3,0.0001676318872067991,0.000160674309753456,0.27559259354583787,0.0004617753569285214,4.150509529705337,3,False
Ming_Xiaoling,0.5,0.0,hqs_10000,hqs_5000,3,0.0001621718256914019,0.000160674309753456,0.13021968525125752,0.00025879114309945717,0.9234131339160734,3,False
Ming_Xiaoling,0.5,0.0,hqs_10000,hqs_round1,3,0.0001642021920808543,0.000160674309753456,0.41057815918750623,5.134588241580603e-05,2.1484989223902295,3,False
Ming_Xiaoling,0.5,0.0,hqs_5000,hqs_round1,3,0.0001642021920808543,0.0001621718256914019,0.28035847393624874,-0.00020744526068365113,1.23650382721604,2,False
NJU_Gulou,0.01,0.0,hqs_10000,hqs,9,0.007974384056620388,0.007921841841427787,0.03188268206707513,0.0022882072518609384,0.6588874428361646,6,False
NJU_Gulou,0.01,0.0,hqs_10000,hqs_5000,9,0.007981114873058793,0.007921841841427787,0.02092683565284877,0.0017846720396395442,0.742666063247488,7,False
NJU_Gulou,0.01,0.0,hqs_10000,hqs_round1,9,0.007965564810567078,0.007921841841427787,0.02297070533735695,0.0018895144065950843,0.5488997978057797,7,False
NJU_Gulou,0.01,0.0,hqs_5000,hqs_round1,9,0.007965564810567078,0.007981114873058793,0.002043869684508179,0.00010484236695554007,-0.19521606893571075,5,False
NJU_Gulou,0.04,0.0,hqs_10000,hqs,9,0.004127937810571774,0.0040558679025210044,0.09279880179238414,0.0030028244340427612,1.7459058580339137,9,False
NJU_Gulou,0.04,0.0,hqs_10000,hqs_5000,9,0.004092140492289243,0.0040558679025210044,0.0371805390906697,0.0030390516118886535,0.8863964919236467,8,False
NJU_Gulou,0.04,0.0,hqs_10000,hqs_round1,9,0.004100368475467516,0.0040558679025210044,0.057766646568310084,0.0021053145517826197,1.0852822914027893,8,False
NJU_Gulou,0.04,0.0,hqs_5000,hqs_round1,9,0.004100368475467516,0.004092140492289243,0.020586107477640385,-0.0009337370601060337,0.20066448241178314,6,False
NJU_Gulou,0.1,0.0,hqs_10000,hqs,9,0.0024258214919344848,0.0023547887222430232,0.18674001965873308,0.003440389152830181,2.928194425172481,9,False
NJU_Gulou,0.1,0.0,hqs_10000,hqs_5000,9,0.0023645379800104065,0.0023547887222430232,0.016669946731301226,0.0016685997118582627,0.4123113204271833,7,False
NJU_Gulou,0.1,0.0,hqs_10000,hqs_round1,9,0.0023911574359606054,0.0023547887222430232,0.08074336059236092,0.001461430395039937,1.5209669246630586,8,False
NJU_Gulou,0.1,0.0,hqs_5000,hqs_round1,9,0.0023911574359606054,0.0023645379800104065,0.06407341386105969,-0.00020716931681832553,1.1132456420421821,8,False
NJU_Gulou,0.1,0.01,hqs_10000,hqs,9,0.002508125184464075,0.002440208771671015,0.16024940903141172,0.0036174648151929794,2.707855780634494,9,False
NJU_Gulou,0.1,0.01,hqs_10000,hqs_5000,9,0.002449440556312342,0.002440208771671015,0.015676471338172366,0.001468279725617447,0.37689359790896715,8,False
NJU_Gulou,0.1,0.01,hqs_10000,hqs_round1,9,0.0024838701015985937,0.002440208771671015,0.10568274122275007,0.0017274121768766759,1.7577944152344593,8,False
NJU_Gulou,0.1,0.01,hqs_5000,hqs_round1,9,0.0024838701015985937,0.002449440556312342,0.09000626988457766,0.00025913245125922896,1.386125033837049,8,False
NJU_Gulou,0.1,0.05,hqs_10000,hqs,9,0.0038102362330081053,0.0032133501173194903,1.010733085717747,0.06529936982061177,15.665330945041834,9,True
NJU_Gulou,0.1,0.05,hqs_10000,hqs_5000,9,0.0032259239165664216,0.0032133501173194903,0.016695819913684816,0.0014205542737804136,0.3897735833867544,8,False
NJU_Gulou,0.1,0.05,hqs_10000,hqs_round1,9,0.0038422621263238554,0.0032133501173194903,1.0511527571480992,0.06246525696167962,16.368274426036788,9,True
NJU_Gulou,0.1,0.05,hqs_5000,hqs_round1,9,0.0038422621263238554,0.0032259239165664216,1.0344569372344143,0.0610447026878992,16.04102451872863,9,True
NJU_Gulou,0.25,0.0,hqs_10000,hqs,9,0.0010867962596474725,0.001032657616885853,0.3279893294470718,0.002951908197879802,4.9814896104979915,9,False
NJU_Gulou,0.25,0.0,hqs_10000,hqs_5000,9,0.0010366959563758273,0.001032657616885853,0.03108945713136693,0.0007783430414199562,0.38953942717129264,8,False
NJU_Gulou,0.25,0.0,hqs_10000,hqs_round1,9,0.0010567102123902642,0.001032657616885853,0.1835093473372985,0.001316191931247706,2.276177065612406,9,False
NJU_Gulou,0.25,0.0,hqs_5000,hqs_round1,9,0.0010567102123902642,0.0010366959563758273,0.15241989020593158,0.0005378488898277497,1.8940155758658705,9,False
NJU_Gulou,0.5,0.0,hqs_10000,hqs,9,0.00034851562094450093,0.0003269846045104145,0.4633522068007585,0.001369040723482774,6.17792005297666,9,True
NJU_Gulou,0.5,0.0,hqs_10000,hqs_5000,9,0.00032883886279173966,0.0003269846045104145,0.04934921877647014,0.00022990680366092372,0.563880517522497,9,False
NJU_Gulou,0.5,0.0,hqs_10000,hqs_round1,9,0.00033576447251704703,0.0003269846045104145,0.2280879804512242,0.0005404991128709686,2.6148889252083696,9,False
NJU_Gulou,0.5,0.0,hqs_5000,hqs_round1,9,0.00033576447251704703,0.00032883886279173966,0.17873876167475405,0.0003105923092100449,2.0626392284418205,9,False
NJU_Xianlin,0.01,0.0,hqs_10000,hqs,9,0.005022076555059346,0.004894222933108905,0.11051892131594816,0.003773632938039198,2.5458317998286573,8,False
NJU_Xianlin,0.01,0.0,hqs_10000,hqs_5000,9,0.004951802772707469,0.004894222933108905,0.0403107208512081,0.0022372750516515736,1.1628055930644643,5,False
NJU_Xianlin,0.01,0.0,hqs_10000,hqs_round1,9,0.005013562037655283,0.004894222933108905,0.0991734064019288,0.00370393859600163,2.380325677633166,8,False
NJU_Xianlin,0.01,0.0,hqs_5000,hqs_round1,9,0.005013562037655283,0.004951802772707469,0.0588626855507207,0.0014666635443500566,1.231844035916163,7,False
NJU_Xianlin,0.04,0.0,hqs_10000,hqs,9,0.0023905798813679963,0.002344839290612464,0.08526204421556827,0.002863620049483188,1.9133680121727448,7,False
NJU_Xianlin,0.04,0.0,hqs_10000,hqs_5000,9,0.002354064870554747,0.002344839290612464,0.0069287574218574515,0.001511838705401663,0.39189998787541036,6,False
NJU_Xianlin,0.04,0.0,hqs_10000,hqs_round1,9,0.0023734385971903352,0.002344839290612464,0.05844246270346195,0.0017779928234912751,1.204973518663055,7,False
NJU_Xianlin,0.04,0.0,hqs_5000,hqs_round1,9,0.0023734385971903352,0.002354064870554747,0.0515137052816045,0.0002661541180896121,0.8162725026264694,8,False
NJU_Xianlin,0.1,0.0,hqs_10000,hqs,9,0.0012996914764865886,0.0012253399235657206,0.3029062653344919,0.0046989866056139145,5.720707896143173,9,True
NJU_Xianlin,0.1,0.0,hqs_10000,hqs_5000,9,0.0012287861543408196,0.0012253399235657206,0.0072635880862700715,0.0005817507818320663,0.2804581385397964,6,False
NJU_Xianlin,0.1,0.0,hqs_10000,hqs_round1,9,0.001252103856929395,0.0012253399235657206,0.12975759190988928,0.001431803061727435,2.137517045056392,9,False
NJU_Xianlin,0.1,0.0,hqs_5000,hqs_round1,9,0.001252103856929395,0.0012287861543408196,0.1224940038236192,0.0008500522798953685,1.8622818274642738,9,False
NJU_Xianlin,0.1,0.01,hqs_10000,hqs,9,0.0014085438508445447,0.0013468134024838545,0.2360290611423151,0.0050525418905648595,4.382571996155993,9,False
NJU_Xianlin,0.1,0.01,hqs_10000,hqs_5000,9,0.0013516199678890554,0.0013468134024838545,0.011364844353971016,0.0006192713776864536,0.3556151521427853,7,False
NJU_Xianlin,0.1,0.01,hqs_10000,hqs_round1,9,0.0013826587230082099,0.0013468134024838545,0.14450798993510294,0.002281266811158058,2.5924922707150633,9,False
NJU_Xianlin,0.1,0.01,hqs_5000,hqs_round1,9,0.0013826587230082099,0.0013516199678890554,0.13314314558113194,0.001661995433471605,2.2448601815221902,9,False
NJU_Xianlin,0.1,0.05,hqs_10000,hqs,9,0.0030591743417016557,0.002157596065377971,1.5571374379093341,0.1158163347629076,29.471294395800417,9,True
NJU_Xianlin,0.1,0.05,hqs_10000,hqs_5000,9,0.0021690899123671054,0.002157596065377971,0.026172740954069483,0.002591354366993344,0.529892602588844,7,False
NJU_Xianlin,0.1,0.05,hqs_10000,hqs_round1,9,0.0031110502441511014,0.002157596065377971,1.61101988217882,0.11324087803954755,30.647341056791422,9,True
NJU_Xianlin,0.1,0.05,hqs_5000,hqs_round1,9,0.0031110502441511014,0.0021690899123671054,1.5848471412247505,0.1106495236725542,30.277888746892433,9,True
NJU_Xianlin,0.25,0.0,hqs_10000,hqs,9,0.0004909832932891455,0.0004560984596196665,0.377100384168223,0.0028979915528827035,7.105095865030786,9,True
NJU_Xianlin,0.25,0.0,hqs_10000,hqs_5000,9,0.0004606126679008607,0.0004560984596196665,0.055595135271291535,0.0006334868097834789,0.9800443183134111,9,False
NJU_Xianlin,0.25,0.0,hqs_10000,hqs_round1,9,0.0004686417431856066,0.0004560984596196665,0.16034482645360468,0.0011281327295832927,2.6765186303458033,9,False
NJU_Xianlin,0.25,0.0,hqs_5000,hqs_round1,9,0.0004686417431856066,0.0004606126679008607,0.10474969118231314,0.0004946459197998138,1.7132650689987594,9,False
NJU_Xianlin,0.5,0.0,hqs_10000,hqs,9,0.00014204906984891205,0.00012993388456019358,0.44443049631428266,0.0012509343360264965,8.528873368621536,9,True
NJU_Xianlin,0.5,0.0,hqs_10000,hqs_5000,9,0.00013256978849043229,0.00012993388456019358,0.09332615465797368,0.000311396682845201,1.9883142005834409,9,False
NJU_Xianlin,0.5,0.0,hqs_10000,hqs_round1,9,0.00013592238691075313,0.00012993388456019358,0.21215306641137252,0.0005258995165824768,4.405824887765986,9,False
NJU_Xianlin,0.5,0.0,hqs_5000,hqs_round1,9,0.00013592238691075313,0.00013256978849043229,0.11882691175339882,0.00021450283373727587,2.466553521107717,9,False
Qinhuai_Fuzimiao,0.01,0.0,hqs_10000,hqs,3,0.005781170242156537,0.005730214779503989,0.03419804121164679,0.0013163048961612651,0.8814039462283763,2,False
Qinhuai_Fuzimiao,0.01,0.0,hqs_10000,hqs_5000,3,0.00573386282344807,0.005730214779503989,0.001722332713338659,0.0010568215146029198,0.063622797691687,2,False
Qinhuai_Fuzimiao,0.01,0.0,hqs_10000,hqs_round1,3,0.005808121175282052,0.005730214779503989,0.054179361310499274,0.002173668597315418,1.3413355786999315,2,False
Qinhuai_Fuzimiao,0.01,0.0,hqs_5000,hqs_round1,3,0.005808121175282052,0.00573386282344807,0.052457028597160615,0.0011168470827124983,1.278526215155551,2,False
Qinhuai_Fuzimiao,0.04,0.0,hqs_10000,hqs,3,0.0023517020258768382,0.002270345833923129,0.15169258796310103,0.002766716922933251,3.459460044619189,3,False
Qinhuai_Fuzimiao,0.04,0.0,hqs_10000,hqs_5000,3,0.002261316976529036,0.002270345833923129,-0.019051473563699517,0.00018501750356717897,-0.3992742940422067,1,False
Qinhuai_Fuzimiao,0.04,0.0,hqs_10000,hqs_round1,3,0.0023223939779775213,0.002270345833923129,0.09548000952683584,0.0016209887968345142,2.2411418797993576,3,False
Qinhuai_Fuzimiao,0.04,0.0,hqs_5000,hqs_round1,3,0.0023223939779775213,0.002261316976529036,0.11453148309053536,0.0014359712932673352,2.6299155969080945,3,False
Qinhuai_Fuzimiao,0.1,0.0,hqs_10000,hqs,3,0.0011228066091201723,0.0010499469783406949,0.2911170806355668,0.0024146692995230166,6.489063226709191,3,True
Qinhuai_Fuzimiao,0.1,0.0,hqs_10000,hqs_5000,3,0.0010462653655009416,0.0010499469783406949,-0.015134583565278822,0.0003635219242572596,-0.35188136405437387,0,False
Qinhuai_Fuzimiao,0.1,0.0,hqs_10000,hqs_round1,3,0.0010800619255964196,0.0010499469783406949,0.12498411474539377,0.000723889293511674,2.788261167441397,3,False
Qinhuai_Fuzimiao,0.1,0.0,hqs_5000,hqs_round1,3,0.0010800619255964196,0.0010462653655009416,0.14011869831067258,0.0003603673692544144,3.129131700186105,3,False
Qinhuai_Fuzimiao,0.1,0.01,hqs_10000,hqs,3,0.0011501733784414147,0.0010877366532541022,0.2436035619211765,0.001946753098355409,5.428462035168968,3,True
Qinhuai_Fuzimiao,0.1,0.01,hqs_10000,hqs_5000,3,0.0010834126571817532,0.0010877366532541022,-0.01691481962597447,0.00027589346435335447,-0.3991088754304206,0,False
Qinhuai_Fuzimiao,0.1,0.01,hqs_10000,hqs_round1,3,0.0011117761790791802,0.0010877366532541022,0.09707627846529476,0.00029721799646482196,2.1622630775367413,3,False
Qinhuai_Fuzimiao,0.1,0.01,hqs_5000,hqs_round1,3,0.0011117761790791802,0.0010834126571817532,0.11399109809126924,2.1324532111467564e-05,2.5511899275372896,3,False
Qinhuai_Fuzimiao,0.1,0.05,hqs_10000,hqs,3,0.0015319490452706792,0.0014237827892923211,0.32438980988198435,0.029626274899641675,7.060695413615814,3,True
Qinhuai_Fuzimiao,0.1,0.05,hqs_10000,hqs_5000,3,0.001428109104485087,0.0014237827892923211,0.014813528625641621,0.0025901301785840043,0.30294010304805497,2,False
Qinhuai_Fuzimiao,0.1,0.05,hqs_10000,hqs_round1,3,0.0015373145829073193,0.0014237827892923211,0.3420670321637091,0.025270659308691813,7.385072312284358,3,True
Qinhuai_Fuzimiao,0.1,0.05,hqs_5000,hqs_round1,3,0.0015373145829073193,0.001428109104485087,0.3272535035380674,0.022680529130107815,7.103652019985818,3,True
Qinhuai_Fuzimiao,0.25,0.0,hqs_10000,hqs,3,0.0003337338971085113,0.0003115286135167231,0.30938566506049386,0.0011807576786677283,6.65358951673054,3,True
Qinhuai_Fuzimiao,0.25,0.0,hqs_10000,hqs_5000,3,0.00031314523824956274,0.0003115286135167231,0.025110704452634042,0.00031544945780437317,0.5162539727176951,2,False
Qinhuai_Fuzimiao,0.25,0.0,hqs_10000,hqs_round1,3,0.0003206336210250332,0.0003115286135167231,0.12556122314570692,0.00034525471178696127,2.8396920694724104,3,False
Qinhuai_Fuzimiao,0.25,0.0,hqs_5000,hqs_round1,3,0.0003206336210250332,0.00031314523824956274,0.10045051869307287,2.980525398258808e-05,2.335495183421765,3,False
Qinhuai_Fuzimiao,0.5,0.0,hqs_10000,hqs,3,7.569820372568394e-05,6.907840514169159e-05,0.4110700711482996,0.0003479778610865347,8.744987672337977,3,True
Qinhuai_Fuzimiao,0.5,0.0,hqs_10000,hqs_5000,3,7.114613253373865e-05,6.907840514169159e-05,0.14159315437285377,7.819370174407443e-05,2.9063103199130413,3,False
Qinhuai_Fuzimiao,0.5,0.0,hqs_10000,hqs_round1,3,7.2924047862571e-05,6.907840514169159e-05,0.24958717336072075,0.00012473563734690293,5.273490478925025,3,True
Qinhuai_Fuzimiao,0.5,0.0,hqs_5000,hqs_round1,3,7.2924047862571e-05,7.114613253373865e-05,0.10799401898786698,4.654193560282849e-05,2.438037082339306,3,False
Sun_Yat_sen_Mausoleum,0.01,0.0,hqs_10000,hqs,3,0.005460862959717347,0.0051557159904022576,0.24775763179509744,0.008050536638312344,5.58788915902192,3,True
Sun_Yat_sen_Mausoleum,0.01,0.0,hqs_10000,hqs_5000,3,0.005162886192521517,0.0051557159904022576,0.0075457363646549425,0.0009771756126059812,0.13887972447748087,2,False
Sun_Yat_sen_Mausoleum,0.01,0.0,hqs_10000,hqs_round1,3,0.0053557777779983775,0.0051557159904022576,0.16465112895567321,0.004963956172949313,3.7354385467219586,3,False
Sun_Yat_sen_Mausoleum,0.01,0.0,hqs_5000,hqs_round1,3,0.0053557777779983775,0.005162886192521517,0.15710539259101827,0.003986780560343332,3.6015606597656458,2,False
Sun_Yat_sen_Mausoleum,0.04,0.0,hqs_10000,hqs,3,0.0022611255952639585,0.0021719173653867436,0.19817652626375803,0.003383273344566932,3.94530184718912,3,False
Sun_Yat_sen_Mausoleum,0.04,0.0,hqs_10000,hqs_5000,3,0.002192697055537454,0.0021719173653867436,0.04637970106285039,0.001100499876804532,0.9476772041186909,3,False
Sun_Yat_sen_Mausoleum,0.04,0.0,hqs_10000,hqs_round1,3,0.002224532443364962,0.0021719173653867436,0.12102084433623972,0.001731867726863623,2.365219627843662,3,False
Sun_Yat_sen_Mausoleum,0.04,0.0,hqs_5000,hqs_round1,3,0.002224532443364962,0.002192697055537454,0.07464114327338933,0.000631367850059091,1.431104676511341,3,False
Sun_Yat_sen_Mausoleum,0.1,0.0,hqs_10000,hqs,3,0.001072454511645402,0.001008782722235347,0.3216241006959078,0.002897315358797744,5.937015390272105,3,True
Sun_Yat_sen_Mausoleum,0.1,0.0,hqs_10000,hqs_5000,3,0.0010214002180650875,0.001008782722235347,0.05488582362203213,0.001321445331613232,1.235313602501742,3,False
Sun_Yat_sen_Mausoleum,0.1,0.0,hqs_10000,hqs_round1,3,0.0010350980285171597,0.001008782722235347,0.13295745723625885,0.0011051333906650547,2.542300879416315,3,False
Sun_Yat_sen_Mausoleum,0.1,0.0,hqs_5000,hqs_round1,3,0.0010350980285171597,0.0010214002180650875,0.07807163361422671,-0.0002163119409481773,1.3233346093504905,3,False
Sun_Yat_sen_Mausoleum,0.1,0.01,hqs_10000,hqs,3,0.0012064822607651352,0.0011474995288048582,0.24840614833681385,0.004845476142803827,4.888818831274899,3,False
Sun_Yat_sen_Mausoleum,0.1,0.01,hqs_10000,hqs_5000,3,0.0011574816085199112,0.0011474995288048582,0.03533425710332989,0.0012538117343915782,0.8623963993533601,3,False
Sun_Yat_sen_Mausoleum,0.1,0.01,hqs_10000,hqs_round1,3,0.0011869077350931995,0.0011474995288048582,0.1558842381560647,0.003081102942678666,3.3202417612727797,3,False
Sun_Yat_sen_Mausoleum,0.1,0.01,hqs_5000,hqs_round1,3,0.0011869077350931995,0.0011574816085199112,0.12054998105273483,0.0018272912082870874,2.4792261186989073,3,False
Sun_Yat_sen_Mausoleum,0.1,0.05,hqs_10000,hqs,3,0.002872392510703687,0.0020058772783233298,1.5991800311673992,0.1300319726579869,30.167020320216466,3,True
Sun_Yat_sen_Mausoleum,0.1,0.05,hqs_10000,hqs_5000,3,0.002016726763549349,0.0020058772783233298,0.027284720415417258,0.00553160650184275,0.5379749712313364,2,False
Sun_Yat_sen_Mausoleum,0.1,0.05,hqs_10000,hqs_round1,3,0.002870455221156098,0.0020058772783233298,1.596632784497355,0.1233789090487934,30.11988957223839,3,True
Sun_Yat_sen_Mausoleum,0.1,0.05,hqs_5000,hqs_round1,3,0.002870455221156098,0.002016726763549349,1.5693480640819377,0.11784730254695065,29.74191867946656,3,True
Sun_Yat_sen_Mausoleum,0.25,0.0,hqs_10000,hqs,3,0.0003489556258201881,0.00031590124730628916,0.4770809311973257,0.002668786055088024,9.472373009091829,3,True
Sun_Yat_sen_Mausoleum,0.25,0.0,hqs_10000,hqs_5000,3,0.0003232221644826303,0.00031590124730628916,0.11231265073796474,0.001088474739710447,2.2649799366511347,3,False
Sun_Yat_sen_Mausoleum,0.25,0.0,hqs_10000,hqs_round1,3,0.0003326411421197702,0.00031590124730628916,0.24860253943572275,0.0013392270882924828,5.032418631924285,3,True
Sun_Yat_sen_Mausoleum,0.25,0.0,hqs_5000,hqs_round1,3,0.0003326411421197702,0.0003232221644826303,0.13628988869775802,0.0002507523485820358,2.831573261538578,3,False
Sun_Yat_sen_Mausoleum,0.5,0.0,hqs_10000,hqs,3,8.542203609366634e-05,7.606790731282539e-05,0.5271956572011428,0.0008757954365412232,10.950486793108084,3,True
Sun_Yat_sen_Mausoleum,0.5,0.0,hqs_10000,hqs_5000,3,7.698886084726355e-05,7.606790731282539e-05,0.06007117918069108,0.0002465101127624066,1.196216601081057,3,False
Sun_Yat_sen_Mausoleum,0.5,0.0,hqs_10000,hqs_round1,3,8.160086626177549e-05,7.606790731282539e-05,0.3358045471601301,0.00039266762860616183,6.780514965613693,3,True
Sun_Yat_sen_Mausoleum,0.5,0.0,hqs_5000,hqs_round1,3,8.160086626177549e-05,7.698886084726355e-05,0.275733367979439,0.00014615751584375522,5.651907419360757,3,True
Xuanwu_Lake,0.01,0.0,hqs_10000,hqs,3,0.0015278575322464686,0.0015118190159451636,0.12805891871961586,0.0012166216861161372,1.0497389948212588,2,False
Xuanwu_Lake,0.01,0.0,hqs_10000,hqs_5000,3,0.0014817911875322747,0.0015118190159451636,-0.17948376980990824,-0.0024237557603630964,-2.0264547842868463,0,False
Xuanwu_Lake,0.01,0.0,hqs_10000,hqs_round1,3,0.0015171203471926462,0.0015118190159451636,0.02307956787416643,0.0004968478504384274,0.3494337978719009,2,False
Xuanwu_Lake,0.01,0.0,hqs_5000,hqs_round1,3,0.0015171203471926462,0.0014817911875322747,0.20256333768407467,0.0029206036108015234,2.328698558802289,3,False
Xuanwu_Lake,0.04,0.0,hqs_10000,hqs,3,0.0006827424229241798,0.0006578805262618414,0.40086343829407056,0.0028072381237944275,3.6414752954496477,3,False
Xuanwu_Lake,0.04,0.0,hqs_10000,hqs_5000,3,0.0006585703721915144,0.0006578805262618414,-0.0021980134915106455,0.00024970901290581143,0.10474900766904716,1,False
Xuanwu_Lake,0.04,0.0,hqs_10000,hqs_round1,3,0.0006709939532660974,0.0006578805262618414,0.22459348945712185,0.0017647722057402282,1.9543286404334559,3,False
Xuanwu_Lake,0.04,0.0,hqs_5000,hqs_round1,3,0.0006709939532660974,0.0006585703721915144,0.22679150294863248,0.0015150631928344167,1.8515190806281612,2,False
Xuanwu_Lake,0.1,0.0,hqs_10000,hqs,3,0.0003948357833030455,0.0003744505760637185,0.5446655789334282,0.001959858960469537,5.162958399766127,3,True
Xuanwu_Lake,0.1,0.0,hqs_10000,hqs_5000,3,0.00037545475519086216,0.0003744505760637185,0.009036516933268976,0.00021242438650130127,0.2674567609706191,2,False
Xuanwu_Lake,0.1,0.0,hqs_10000,hqs_round1,3,0.00037991025963147925,0.0003744505760637185,0.17902199267476723,0.0002535289249419777,1.4370982171044155,3,False
Xuanwu_Lake,0.1,0.0,hqs_5000,hqs_round1,3,0.00037991025963147925,0.00037545475519086216,0.16998547574149825,4.110453844067644e-05,1.1727781305351015,3,False
Xuanwu_Lake,0.1,0.01,hqs_10000,hqs,3,0.0004919730058114403,0.0004574676477385878,0.5917876756778008,0.013944519594536886,7.013668974772469,3,True
Xuanwu_Lake,0.1,0.01,hqs_10000,hqs_5000,3,0.000458158415969646,0.0004574676477385878,0.012148846873388823,0.00017062785858575533,0.1507706083705318,2,False
Xuanwu_Lake,0.1,0.01,hqs_10000,hqs_round1,3,0.00048188886908928386,0.0004574676477385878,0.40294746682540766,0.010086244491789064,5.067811878877693,3,True
Xuanwu_Lake,0.1,0.01,hqs_5000,hqs_round1,3,0.00048188886908928386,0.000458158415969646,0.3907986199520188,0.009915616633203308,4.9244659177303145,3,False
Xuanwu_Lake,0.1,0.05,hqs_10000,hqs,3,0.0017140445049367604,0.0008654661639391476,3.658884533647092,0.2642577499028313,49.50736918169585,3,True
Xuanwu_Lake,0.1,0.05,hqs_10000,hqs_5000,3,0.000864293817310534,0.0008654661639391476,0.008521078193980873,0.0019538819901587915,-0.1356421398757357,2,False
Xuanwu_Lake,0.1,0.05,hqs_10000,hqs_round1,3,0.0016731061548049084,0.0008654661639391476,3.5486677651966403,0.25138994205762144,48.271891687586034,3,True
Xuanwu_Lake,0.1,0.05,hqs_5000,hqs_round1,3,0.0016731061548049084,0.000864293817310534,3.5401466870026597,0.24943606006746263,48.341961756077914,3,True
Xuanwu_Lake,0.25,0.0,hqs_10000,hqs,3,0.00018093344214874032,0.00017489786423599343,0.2971208954050771,0.0001714378655751266,3.335800082654272,3,False
Xuanwu_Lake,0.25,0.0,hqs_10000,hqs_5000,3,0.00017574126852845076,0.00017489786423599343,0.019105332428644317,-0.00011832456302644327,0.4799124869869664,2,False
Xuanwu_Lake,0.25,0.0,hqs_10000,hqs_round1,3,0.00017582194996057306,0.00017489786423599343,0.09882564174453752,-0.0007775133085250833,0.5255804094920213,2,False
Xuanwu_Lake,0.25,0.0,hqs_5000,hqs_round1,3,0.00017582194996057306,0.00017574126852845076,0.0797203093158932,-0.00065918874549864,0.04588814544509434,2,False
Xuanwu_Lake,0.5,0.0,hqs_10000,hqs,3,7.422646448783122e-05,7.182961789487022e-05,0.21219170294930242,-0.0010793453038533778,3.229099768525201,2,False
Xuanwu_Lake,0.5,0.0,hqs_10000,hqs_5000,3,7.055088246727622e-05,7.182961789487022e-05,-0.04421135068731511,-0.0011087425832748687,-1.812500967917896,1,False
Xuanwu_Lake,0.5,0.0,hqs_10000,hqs_round1,3,7.154892287965848e-05,7.182961789487022e-05,0.007253581310768216,-0.0016579657847086704,-0.39231200682623424,2,False
Xuanwu_Lake,0.5,0.0,hqs_5000,hqs_round1,3,7.154892287965848e-05,7.055088246727622e-05,0.05146493199808333,-0.0005492232014338017,1.394906271420615,2,False
