image,dataset,location,cr,sigma,seed,candidate,reference,old_mse,new_mse,mse_reduction_percent,delta_psnr,delta_ssim
web_xuanwu_lake_03,Nanjing_scenic_web,Xuanwu_Lake,0.01,0.0,2026,hqs_10000,hqs_5000,0.0004821706182250754,0.000533758699878685,-10.699134228359085,-0.44144224299530777,-0.0022726460074093957
web_xuanwu_lake_01,Nanjing_scenic_web,Xuanwu_Lake,0.5,0.0,2026,hqs_10000,hqs_round1,0.00010283179603295057,0.00010801839090102758,-5.043765710768167,-0.2137028237019436,-0.005676961507797285
web_nju_gulou_09,NJU_campus_web,NJU_Gulou,0.01,0.0,2026,hqs_10000,hqs_round1,0.001959419845982745,0.002023572591765152,-3.274068388861884,-0.1399128599767785,-0.0015883181960174575
web_nju_xianlin_04,NJU_campus_web,NJU_Xianlin,0.04,0.0,2026,hqs_10000,hqs_round1,0.0028484408061452775,0.0029403707681646477,-3.227378354538346,-0.13794897788957172,-0.007288177741034962
web_xuanwu_lake_01,Nanjing_scenic_web,Xuanwu_Lake,0.5,0.0,2026,hqs_10000,hqs_5000,0.00010470516174572559,0.00010801839090102758,-3.1643417574275023,-0.13529611496274185,-0.0031613553962708263
web_nju_gulou_09,NJU_campus_web,NJU_Gulou,0.01,0.0,2026,hqs_10000,hqs_5000,0.0019625623754470213,0.002023572591765152,-3.1087020255462727,-0.13295319814981355,-0.0015528061368774715
web_nju_xianlin_02,NJU_campus_web,NJU_Xianlin,0.04,0.0,2026,hqs_10000,hqs,0.0008659591796804124,0.0008926433911986947,-3.0814629770574475,-0.13180573619209568,0.0015293017581440305
web_nju_gulou_09,NJU_campus_web,NJU_Gulou,0.01,0.0,2026,hqs_10000,hqs,0.0019691742007347914,0.002023572591765152,-2.762497650541129,-0.11834651283930953,-0.00043311255400824145
web_nju_xianlin_02,NJU_campus_web,NJU_Xianlin,0.04,0.0,2026,hqs_10000,hqs_5000,0.0008691188046438088,0.0008926433911986947,-2.7067170137374807,-0.1159884736171719,0.001187380960315454
web_nju_xianlin_04,NJU_campus_web,NJU_Xianlin,0.04,0.0,2026,hqs_10000,hqs,0.002876692541198334,0.0029403707681646477,-2.2135916874796546,-0.09508649246810208,-0.00467703320306867
web_nju_xianlin_02,NJU_campus_web,NJU_Xianlin,0.1,0.01,2028,hqs_10000,hqs_5000,0.0004866403924577539,0.0004958715219097778,-1.8969098322074274,-0.0816101361221726,-9.225724363326471e-05
web_xuanwu_lake_01,Nanjing_scenic_web,Xuanwu_Lake,0.5,0.0,2026,hqs_10000,hqs,0.00010623018180153523,0.00010801839090102758,-1.6833343115548516,-0.07249778786776062,-0.005041442320823708
web_xuanwu_lake_01,Nanjing_scenic_web,Xuanwu_Lake,0.01,0.0,2026,hqs_10000,hqs_5000,0.001241098042223647,0.001260116181093304,-1.5323639408521217,-0.06604497821249211,-0.002000354274269145
web_nju_xianlin_02,NJU_campus_web,NJU_Xianlin,0.1,0.0,2026,hqs_10000,hqs_5000,0.00040396644406215815,0.00040997560535332793,-1.4875397151168146,-0.06412724365955569,-7.279905128476649e-05
web_ming_xiaoling_01,Nanjing_scenic_web,Ming_Xiaoling,0.04,0.0,2026,hqs_10000,hqs_5000,0.0037692784294181304,0.0038231508373114584,-1.429249892310147,-0.06163213725250927,-3.6194004604528374e-06
web_nju_xianlin_02,NJU_campus_web,NJU_Xianlin,0.1,0.01,2026,hqs_10000,hqs_5000,0.0004935059402016409,0.0004999841372128949,-1.3126887608702509,-0.05663841349682741,-9.070223808360645e-06
web_qinhuai_fuzimiao_03,Nanjing_scenic_web,Qinhuai_Fuzimiao,0.04,0.0,2026,hqs_10000,hqs_5000,0.002325995937816909,0.002355763455005631,-1.2797751150271042,-0.055227283524740045,-0.0006470347585944003
web_nju_xianlin_07,NJU_campus_web,NJU_Xianlin,0.04,0.0,2026,hqs_10000,hqs_5000,0.0014166032877269872,0.0014340081409871354,-1.2286328438553262,-0.05303371468896145,-0.0006645063045359612
web_qinhuai_fuzimiao_03,Nanjing_scenic_web,Qinhuai_Fuzimiao,0.01,0.0,2026,hqs_10000,hqs,0.005140935468910332,0.0051998008734956335,-1.1450329408196014,-0.049445601729644295,-0.004406929813732363
web_nju_xianlin_04,NJU_campus_web,NJU_Xianlin,0.1,0.01,2027,hqs_10000,hqs_5000,0.0014178559779132324,0.0014336819110876981,-1.1161876397176806,-0.04820687142372293,-0.0013672354762555017
web_xuanwu_lake_02,Nanjing_scenic_web,Xuanwu_Lake,0.1,0.05,2026,hqs_10000,hqs_5000,0.001366037887310367,0.0013802728704320692,-1.0420635660208344,-0.04502207165092997,0.0012918541979088927
web_nju_gulou_09,NJU_campus_web,NJU_Gulou,0.04,0.0,2026,hqs_10000,hqs_5000,0.0008928242804521983,0.0009020258199309783,-1.0306103541583456,-0.04452976691513655,0.00012679341572519043
web_nju_xianlin_04,NJU_campus_web,NJU_Xianlin,0.1,0.01,2028,hqs_10000,hqs_5000,0.0014113101841973813,0.001424609950374782,-0.9423701696706921,-0.04073497936049009,-0.001536007517814575
web_ming_xiaoling_01,Nanjing_scenic_web,Ming_Xiaoling,0.1,0.01,2028,hqs_10000,hqs_round1,0.0022586367426851994,0.0022798628413540907,-0.9397747883821417,-0.040623314233059205,-0.002029654105663359
web_qinhuai_fuzimiao_01,Nanjing_scenic_web,Qinhuai_Fuzimiao,0.1,0.01,2026,hqs_10000,hqs_5000,0.001182171669093129,0.0011922625873811647,-0.8535916188700865,-0.03691369008692291,1.9079895019591397e-05
web_ming_xiaoling_01,Nanjing_scenic_web,Ming_Xiaoling,0.1,0.01,2027,hqs_10000,hqs_round1,0.0022854721951955097,0.0023044777961313506,-0.8315831177379662,-0.035965859325731486,-0.0020747594426870908
web_qinhuai_fuzimiao_02,Nanjing_scenic_web,Qinhuai_Fuzimiao,0.04,0.0,2026,hqs_10000,hqs_5000,0.001975994190625497,0.0019913112947033094,-0.7751593679009572,-0.033534936278201144,0.00034778238685895246
web_xuanwu_lake_01,Nanjing_scenic_web,Xuanwu_Lake,0.25,0.0,2026,hqs_10000,hqs_5000,0.00023363814693897264,0.00023542178035074727,-0.7634170340516055,-0.03302886633444757,-0.0011481731777190918
web_nju_xianlin_02,NJU_campus_web,NJU_Xianlin,0.04,0.0,2026,hqs_10000,hqs_round1,0.0008859357325525366,0.0008926433911986947,-0.7571270013945863,-0.03275775487155386,0.0014266256272690292
web_nju_xianlin_02,NJU_campus_web,NJU_Xianlin,0.01,0.0,2026,hqs_10000,hqs_5000,0.0034800786006842937,0.0035063668810564387,-0.755393293903639,-0.032683026056147924,-0.0036599817004870916
web_ming_xiaoling_01,Nanjing_scenic_web,Ming_Xiaoling,0.1,0.01,2026,hqs_10000,hqs_round1,0.002264839954590312,0.002281443833333821,-0.7331148812460997,-0.03172263463633129,-0.0016984379130602356
web_qinhuai_fuzimiao_03,Nanjing_scenic_web,Qinhuai_Fuzimiao,0.01,0.0,2026,hqs_10000,hqs_round1,0.005162142242820382,0.0051998008734956335,-0.7295155558262323,-0.03156745278794304,-0.0031620692388223404
web_xuanwu_lake_02,Nanjing_scenic_web,Xuanwu_Lake,0.01,0.0,2026,hqs_10000,hqs_5000,0.0027221049021481014,0.002741582166863501,-0.7155221938739187,-0.030964088221924868,-0.002998266999410748
web_xuanwu_lake_01,Nanjing_scenic_web,Xuanwu_Lake,0.01,0.0,2026,hqs_10000,hqs,0.001251258698233884,0.001260116181093304,-0.7078858170514124,-0.03063478823140997,-0.0014563266137954667
web_qinhuai_fuzimiao_01,Nanjing_scenic_web,Qinhuai_Fuzimiao,0.1,0.01,2027,hqs_10000,hqs_5000,0.001180460469809478,0.0011885829824392613,-0.6880800194092318,-0.029780595485526362,0.00018603887939450114
web_ming_xiaoling_01,Nanjing_scenic_web,Ming_Xiaoling,0.1,0.0,2026,hqs_10000,hqs_round1,0.0021918956273866068,0.002206962532537719,-0.6873915419538745,-0.029750899519331853,-0.0010269633333683803
web_ming_xiaoling_01,Nanjing_scenic_web,Ming_Xiaoling,0.1,0.0,2026,hqs_10000,hqs_5000,0.002192593376593317,0.002206962532537719,-0.6553497834025146,-0.028368623808255222,0.0006047891094684843
web_qinhuai_fuzimiao_01,Nanjing_scenic_web,Qinhuai_Fuzimiao,0.1,0.01,2028,hqs_10000,hqs_5000,0.0011717474657285318,0.00117931256862333,-0.6456257099813234,-0.02794904199337367,8.798237133023079e-05
web_xuanwu_lake_03,Nanjing_scenic_web,Xuanwu_Lake,0.04,0.0,2026,hqs_10000,hqs_5000,0.00012907955207924762,0.00012987105263326316,-0.6131881783488113,-0.026549109156206896,-0.0001647988381385801
web_nju_xianlin_04,NJU_campus_web,NJU_Xianlin,0.1,0.01,2026,hqs_10000,hqs_5000,0.0014164106520419097,0.0014248229750966025,-0.5939183698290718,-0.025717252699784865,-0.0010222455747127546
web_qinhuai_fuzimiao_01,Nanjing_scenic_web,Qinhuai_Fuzimiao,0.1,0.0,2026,hqs_10000,hqs_5000,0.0011322767916681306,0.0011388810669765454,-0.5832739271009135,-0.025257675479192443,0.00014104323577879274
web_nju_xianlin_04,NJU_campus_web,NJU_Xianlin,0.1,0.0,2026,hqs_10000,hqs_5000,0.0013372118529022482,0.0013449620013349186,-0.5795752120989484,-0.02509797088935173,-0.0008327095766067494
web_xuanwu_lake_02,Nanjing_scenic_web,Xuanwu_Lake,0.5,0.0,2026,hqs_10000,hqs_5000,9.943089429520465e-05,0.00010000132770605986,-0.5736983609557322,-0.024844205789946727,-0.00023337568759917993
web_nju_gulou_09,NJU_campus_web,NJU_Gulou,0.04,0.0,2026,hqs_10000,hqs_round1,0.0008974336340894727,0.0009020258199309783,-0.5117019985733995,-0.022166271053194464,0.0004687462719679125
web_ming_xiaoling_01,Nanjing_scenic_web,Ming_Xiaoling,0.1,0.01,2028,hqs_10000,hqs_5000,0.0022684139456491314,0.0022798628413540907,-0.5047092805490205,-0.02186411673321942,0.00043271207272999046
web_ming_xiaoling_01,Nanjing_scenic_web,Ming_Xiaoling,0.1,0.01,2027,hqs_10000,hqs_5000,0.0022929340090694587,0.0023044777961313506,-0.5034504707170706,-0.021809721512202174,0.0005403923135995914
web_nju_gulou_02,NJU_campus_web,NJU_Gulou,0.25,0.0,2026,hqs_10000,hqs_5000,0.00028961076176380437,0.00029105437866992003,-0.498467977268402,-0.021594413178029015,-2.568648481371394e-05
web_nju_xianlin_03,NJU_campus_web,NJU_Xianlin,0.01,0.0,2026,hqs_10000,hqs_5000,0.005030808304666137,0.005054974814769689,-0.4803703230181977,-0.02081226999679231,-0.00031813380855783
web_nju_gulou_06,NJU_campus_web,NJU_Gulou,0.1,0.01,2026,hqs_10000,hqs_round1,0.0030244376007654288,0.0030386139298939556,-0.4687261236581364,-0.020308957304834507,-0.004452262509286431
web_qinhuai_fuzimiao_03,Nanjing_scenic_web,Qinhuai_Fuzimiao,0.01,0.0,2026,hqs_10000,hqs_5000,0.0051756214248542655,0.0051998008734956335,-0.46717962262954327,-0.0202421064490359,-0.0006988459001283642
web_nju_xianlin_04,NJU_campus_web,NJU_Xianlin,0.1,0.05,2027,hqs_10000,hqs_5000,0.0022526668545508866,0.0022631533395531937,-0.46551424064869007,-0.020170115555902868,-0.003281539022289226
web_nju_xianlin_02,NJU_campus_web,NJU_Xianlin,0.1,0.01,2027,hqs_10000,hqs_5000,0.0004947901766147338,0.0004970750650487465,-0.46178936890894917,-0.020009093015559642,8.653519630441586e-05
web_xuanwu_lake_02,Nanjing_scenic_web,Xuanwu_Lake,0.1,0.05,2027,hqs_10000,hqs_5000,0.0014215682306665093,0.0014280945340854956,-0.45909181692436185,-0.01989247676992889,0.002196580593608277
web_xuanwu_lake_02,Nanjing_scenic_web,Xuanwu_Lake,0.1,0.05,2028,hqs_10000,hqs_5000,0.0013922859683147683,0.0013984799879608097,-0.44488128064228416,-0.019278097929401383,0.002029191740114178
web_nju_gulou_09,NJU_campus_web,NJU_Gulou,0.1,0.05,2027,hqs_10000,hqs_5000,0.0010787399825244656,0.0010834829381997262,-0.43967552441701585,-0.019053010322945596,0.0022178062962070477
web_qinhuai_fuzimiao_02,Nanjing_scenic_web,Qinhuai_Fuzimiao,0.1,0.01,2026,hqs_10000,hqs_5000,0.0009103490031724484,0.0009142641314208929,-0.43006893343111585,-0.018637607847121984,0.00016518448376656725
web_nju_gulou_06,NJU_campus_web,NJU_Gulou,0.1,0.05,2026,hqs_10000,hqs_5000,0.0037367889435502193,0.003752082518818477,-0.40927051271264503,-0.01773811879208509,-0.006023237787961877
web_sun_yat_sen_mausoleum_03,Nanjing_scenic_web,Sun_Yat_sen_Mausoleum,0.1,0.05,2027,hqs_10000,hqs_5000,0.002230269370660554,0.002239356928873713,-0.40746460193135103,-0.017660008062250654,0.004496617840489381
web_nju_gulou_06,NJU_campus_web,NJU_Gulou,0.01,0.0,2026,hqs_10000,hqs,0.009404507283595223,0.009442394538588248,-0.4028627322040901,-0.01746095787834534,-0.0007032985380588941
web_qinhuai_fuzimiao_01,Nanjing_scenic_web,Qinhuai_Fuzimiao,0.1,0.05,2026,hqs_10000,hqs_5000,0.0015145998563584333,0.0015206001539697438,-0.3961638835578096,-0.01717118824625885,0.004026455372095117
web_nju_xianlin_05,NJU_campus_web,NJU_Xianlin,0.01,0.0,2026,hqs_10000,hqs_5000,0.00481064960187036,0.004828963196410122,-0.38068859832653956,-0.01650170559305053,-0.0015895176684593837
web_nju_xianlin_09,NJU_campus_web,NJU_Xianlin,0.1,0.05,2028,hqs_10000,hqs_5000,0.0035368828995411697,0.0035494383376178744,-0.35498597022631806,-0.015389545570737795,0.00112821270142216
web_qinhuai_fuzimiao_02,Nanjing_scenic_web,Qinhuai_Fuzimiao,0.1,0.01,2028,hqs_10000,hqs_5000,0.0009105517874814451,0.000913749242623945,-0.35115577021094246,-0.01522378734161478,0.00015721922874456506
web_xuanwu_lake_01,Nanjing_scenic_web,Xuanwu_Lake,0.1,0.01,2027,hqs_10000,hqs_5000,0.0005228958484594034,0.0005246842710576924,-0.3420227189713243,-0.014828513940805976,-0.00017909047865871663
web_ming_xiaoling_01,Nanjing_scenic_web,Ming_Xiaoling,0.1,0.01,2026,hqs_10000,hqs_5000,0.0022739044364640066,0.002281443833333821,-0.3315617291964168,-0.014375723888633729,0.0004930578938722174
web_nju_gulou_06,NJU_campus_web,NJU_Gulou,0.1,0.0,2026,hqs_10000,hqs_round1,0.0029799339769808354,0.00298980500415329,-0.33124986153068026,-0.014362224386132993,-0.0031189817633628936
web_qinhuai_fuzimiao_02,Nanjing_scenic_web,Qinhuai_Fuzimiao,0.1,0.0,2026,hqs_10000,hqs_5000,0.0008746383685826996,0.0008774159669974912,-0.31757106874839014,-0.013770082931614525,0.0002024483809470734
web_sun_yat_sen_mausoleum_01,Nanjing_scenic_web,Sun_Yat_sen_Mausoleum,0.01,0.0,2026,hqs_10000,hqs_5000,0.005944958115898798,0.0059629570496922335,-0.30275964006039047,-0.013128819731889507,-0.0011533926249375215
web_nju_gulou_06,NJU_campus_web,NJU_Gulou,0.1,0.05,2027,hqs_10000,hqs_5000,0.003743018073185327,0.003753668078142713,-0.2845298833495269,-0.012339429458300799,-0.005467765310088635
web_nju_xianlin_02,NJU_campus_web,NJU_Xianlin,0.1,0.05,2028,hqs_10000,hqs_5000,0.0009599625821144866,0.0009626306786040084,-0.2779375508204618,-0.012053931012069086,0.0018262986435667594
web_nju_gulou_06,NJU_campus_web,NJU_Gulou,0.1,0.01,2028,hqs_10000,hqs_round1,0.0030399828385263214,0.0030480154674324554,-0.26423270566975354,-0.01146034626867376,-0.0038655973750352235
web_nju_gulou_02,NJU_campus_web,NJU_Gulou,0.1,0.01,2027,hqs_10000,hqs_5000,0.0010905640486132857,0.001093321767309087,-0.2528708606622354,-0.010968180113419379,9.11433086395741e-05
web_nju_gulou_02,NJU_campus_web,NJU_Gulou,0.1,0.01,2028,hqs_10000,hqs_5000,0.0011002193730690597,0.0011028893744639634,-0.24267900204808512,-0.010526647324955007,-7.823868024348091e-05
web_sun_yat_sen_mausoleum_03,Nanjing_scenic_web,Sun_Yat_sen_Mausoleum,0.1,0.05,2028,hqs_10000,hqs_5000,0.0021867634768691557,0.0021920195453509392,-0.24035834407243328,-0.0104261052574941,0.004515187901638518
web_nju_gulou_06,NJU_campus_web,NJU_Gulou,0.1,0.01,2027,hqs_10000,hqs_round1,0.0030456530420370767,0.0030529095712879357,-0.2382585655917424,-0.010335130746447874,-0.0038029975425005746
web_sun_yat_sen_mausoleum_03,Nanjing_scenic_web,Sun_Yat_sen_Mausoleum,0.1,0.05,2026,hqs_10000,hqs_5000,0.002251447452552256,0.002256624819231596,-0.22995725143266643,-0.009975451291111881,0.005161686736721571
web_ming_xiaoling_01,Nanjing_scenic_web,Ming_Xiaoling,0.1,0.05,2026,hqs_10000,hqs_5000,0.0030702471252957303,0.0030772737717689866,-0.22886256990077847,-0.009928018691322649,-0.004116452445052543
web_ming_xiaoling_01,Nanjing_scenic_web,Ming_Xiaoling,0.1,0.05,2027,hqs_10000,hqs_5000,0.0032065772728288996,0.0032138788201217816,-0.22770532788192188,-0.009877874779519402,-0.003674006450211209
web_qinhuai_fuzimiao_03,Nanjing_scenic_web,Qinhuai_Fuzimiao,0.1,0.01,2028,hqs_10000,hqs_5000,0.0011614222131695463,0.0011640176790052269,-0.223473066577351,-0.009694483716867097,0.0005152262945175012
web_xuanwu_lake_01,Nanjing_scenic_web,Xuanwu_Lake,0.01,0.0,2026,hqs_10000,hqs_round1,0.0012573481959877592,0.001260116181093304,-0.2201446754667824,-0.009550253443098455,-0.0009602802995573034
web_nju_xianlin_06,NJU_campus_web,NJU_Xianlin,0.1,0.0,2026,hqs_10000,hqs_5000,0.0016120607752562281,0.001615346333594077,-0.20381107141116406,-0.00884239453469604,0.00022185441517830196
web_nju_xianlin_06,NJU_campus_web,NJU_Xianlin,0.01,0.0,2026,hqs_10000,hqs_round1,0.0050851310449117545,0.005095292507815703,-0.1998269624558846,-0.008669715380587917,-0.001040800886721649
web_xuanwu_lake_01,Nanjing_scenic_web,Xuanwu_Lake,0.1,0.0,2026,hqs_10000,hqs_5000,0.0004372671546671803,0.0004381302285555739,-0.19737908031316476,-0.00856361592661159,-0.00021630498600011538
web_nju_xianlin_04,NJU_campus_web,NJU_Xianlin,0.1,0.05,2028,hqs_10000,hqs_5000,0.002224377801548258,0.0022287538528241906,-0.19673147578107564,-0.008535546132147687,-0.0011858683252818913
web_nju_xianlin_06,NJU_campus_web,NJU_Xianlin,0.01,0.0,2026,hqs_10000,hqs,0.005085356373228207,0.005095292507815703,-0.19538718347851258,-0.008477278498371987,-0.0015822907150049303
web_nju_xianlin_09,NJU_campus_web,NJU_Xianlin,0.04,0.0,2026,hqs_10000,hqs_5000,0.004300980727755575,0.004308345821964378,-0.17124220439479476,-0.007430594101418109,0.0005975980887252819
web_ming_xiaoling_01,Nanjing_scenic_web,Ming_Xiaoling,0.25,0.0,2026,hqs_10000,hqs_round1,0.0010229604957785981,0.001024594464569874,-0.15972941262334395,-0.006931425959542992,-0.00046432609701152483
web_nju_xianlin_09,NJU_campus_web,NJU_Xianlin,0.1,0.05,2026,hqs_10000,hqs_5000,0.0035827251412272275,0.0035884160628442572,-0.15884337739289212,-0.0068930071343693555,0.0014921034153508872
web_xuanwu_lake_01,Nanjing_scenic_web,Xuanwu_Lake,0.25,0.0,2026,hqs_10000,hqs_round1,0.0002350546708919609,0.00023542178035074727,-0.156180456824484,-0.006777539838253688,-0.0024614301948547856
web_qinhuai_fuzimiao_03,Nanjing_scenic_web,Qinhuai_Fuzimiao,0.1,0.0,2026,hqs_10000,hqs_5000,0.001131880936251995,0.0011335439010480481,-0.14692047041269252,-0.006375992285029497,0.0007470741560459127
web_nju_gulou_04,NJU_campus_web,NJU_Gulou,0.01,0.0,2026,hqs_10000,hqs_round1,0.016459941434303505,0.01648390017520047,-0.14555787450758473,-0.006316901910039974,7.617222593236939e-05
web_qinhuai_fuzimiao_01,Nanjing_scenic_web,Qinhuai_Fuzimiao,0.25,0.0,2026,hqs_10000,hqs_5000,0.0003716497730697955,0.00037216524410664564,-0.13869806312334365,-0.006019406910418468,0.0001661646461487143
web_xuanwu_lake_01,Nanjing_scenic_web,Xuanwu_Lake,0.1,0.01,2028,hqs_10000,hqs_5000,0.0005238761377518845,0.0005245688060131628,-0.1322198533895369,-0.005738442427876578,-3.540706777571678e-05
web_nju_gulou_08,NJU_campus_web,NJU_Gulou,0.1,0.05,2026,hqs_10000,hqs_5000,0.001531570534639642,0.0015335855184004518,-0.13156323624912147,-0.005709963469136881,0.0026460926801264995
web_nju_xianlin_09,NJU_campus_web,NJU_Xianlin,0.1,0.05,2027,hqs_10000,hqs_5000,0.003543513373727351,0.0035481592152808816,-0.13110833976177627,-0.005690233478247819,0.0013076118187624886
web_qinhuai_fuzimiao_02,Nanjing_scenic_web,Qinhuai_Fuzimiao,0.1,0.01,2027,hqs_10000,hqs_5000,0.0009102486746172719,0.0009114325189978474,-0.13005724848469402,-0.005644644695188106,0.00017658255338670603
web_nju_gulou_04,NJU_campus_web,NJU_Gulou,0.01,0.0,2026,hqs_10000,hqs,0.016464630075751167,0.01648390017520047,-0.11703937082490068,-0.005079983080900519,0.000549594768323225
web_nju_gulou_06,NJU_campus_web,NJU_Gulou,0.01,0.0,2026,hqs_10000,hqs_5000,0.00943152556983513,0.009442394538588248,-0.11524083429175214,-0.005001964242872248,0.0015392448255329705
web_qinhuai_fuzimiao_03,Nanjing_scenic_web,Qinhuai_Fuzimiao,0.1,0.05,2026,hqs_10000,hqs_5000,0.0015226011733582357,0.0015242861468697784,-0.11066414114382361,-0.004803425239629178,-0.00011259991240497591
web_qinhuai_fuzimiao_03,Nanjing_scenic_web,Qinhuai_Fuzimiao,0.1,0.01,2027,hqs_10000,hqs_5000,0.0011616558295143456,0.0011628466201218856,-0.10250803872244862,-0.004449587353857254,0.0005827820198536227
web_nju_xianlin_07,NJU_campus_web,NJU_Xianlin,0.1,0.01,2027,hqs_10000,hqs_5000,0.0008365799354163469,0.0008373434469817901,-0.09126582327882993,-0.003961816726182121,-0.00028004855492702596
web_qinhuai_fuzimiao_03,Nanjing_scenic_web,Qinhuai_Fuzimiao,0.1,0.01,2026,hqs_10000,hqs_5000,0.0011621068020495823,0.0011631615486733674,-0.09076159109686621,-0.003939938113298069,0.0005929454531669043
web_sun_yat_sen_mausoleum_02,Nanjing_scenic_web,Sun_Yat_sen_Mausoleum,0.1,0.01,2027,hqs_10000,hqs_5000,0.0007344930146153422,0.0007351575345372226,-0.0904732800254715,-0.003927428258666765,0.0011950645005702754
web_nju_xianlin_08,NJU_campus_web,NJU_Xianlin,0.01,0.0,2026,hqs_10000,hqs_5000,0.0035582991819877114,0.0035612902928637644,-0.08406012881643221,-0.003649151483372748,0.000721443662778043
web_nju_gulou_02,NJU_campus_web,NJU_Gulou,0.1,0.0,2026,hqs_10000,hqs_5000,0.0009136327562321247,0.0009142862447926467,-0.07152639351690748,-0.0031052414002310513,0.0006038793803453402
web_ming_xiaoling_01,Nanjing_scenic_web,Ming_Xiaoling,0.1,0.05,2028,hqs_10000,hqs_5000,0.0031544819589968435,0.0031567170172345886,-0.07085341640236109,-0.0030760351673926323,-0.0035929016401879954
web_ming_xiaoling_01,Nanjing_scenic_web,Ming_Xiaoling,0.04,0.0,2026,hqs_10000,hqs_round1,0.0038205264922820123,0.0038231508373114584,-0.06869066435601923,-0.0029821735286219564,-0.0010300303200846406
web_xuanwu_lake_02,Nanjing_scenic_web,Xuanwu_Lake,0.04,0.0,2026,hqs_10000,hqs_5000,0.0011666167995371965,0.0011672270218746727,-0.05230700755536333,-0.002271070561857158,0.0006447942157984388
web_nju_gulou_08,NJU_campus_web,NJU_Gulou,0.1,0.01,2026,hqs_10000,hqs_5000,0.0008950485301750593,0.0008954645553333735,-0.04648073755653126,-0.002018163791177585,0.0003845717132091586
web_nju_xianlin_08,NJU_campus_web,NJU_Xianlin,0.1,0.01,2027,hqs_10000,hqs_5000,0.001064163482968601,0.0010645119365377072,-0.03274436444051787,-0.0014218369059690872,0.0006725514059066073
web_nju_xianlin_06,NJU_campus_web,NJU_Xianlin,0.1,0.01,2028,hqs_10000,hqs_5000,0.001835507138251676,0.0018360125577494334,-0.027535686853208396,-0.0011956950717042503,-2.3836892038553437e-05
web_xuanwu_lake_02,Nanjing_scenic_web,Xuanwu_Lake,0.1,0.01,2027,hqs_10000,hqs_5000,0.0007437849640763236,0.0007438099528698438,-0.003359679843928376,-0.00014590659073121515,0.00031309073829643985
web_nju_gulou_08,NJU_campus_web,NJU_Gulou,0.1,0.0,2026,hqs_10000,hqs_5000,0.0007925962240329494,0.0007926156442806598,-0.0024502069428944395,-0.00010640983185794539,0.0010124290208817222
