image,dataset,sequence,split,cr,actual_cr,sigma,seed,measurement_sha256,method,psnr,ssim,seconds,relative_residual
fresh_div2k_0849,DIV2K_fresh,fresh_div2k_0849,test,0.1,0.1001129150390625,0.0,2026,3677abd7bb13b9bb83434384d19d4dc51909e9bc07360c71fd35c85ea24e47ff,hqs,19.64337938544133,0.705697283268109,0.32072965893894434,0.0055788429453969
fresh_div2k_0821,DIV2K_fresh,fresh_div2k_0821,test,0.1,0.1001129150390625,0.0,2026,2f2393397fcf4e15d9074850784fa64a22625e11d900f0477ae5d18a0d9b6e22,hqs,22.423783748536714,0.8565582579591554,0.3260715410578996,0.007612711284309626
fresh_div2k_0889,DIV2K_fresh,fresh_div2k_0889,test,0.1,0.1001129150390625,0.0,2026,aee75b9f496fad6d977249f931b70176f3d01779314e08019e5ed65fe3f15a19,hqs,22.673559217737775,0.7787256067489423,0.3281014880631119,0.004696996882557869
kodim08,Kodak,kodim08,test,0.1,0.1001129150390625,0.0,2026,9efacdb89f48072c3f0e31d1aeef8b7a42eb968282d15bb9afa92d391e2cc2df,hqs,22.86126852365445,0.7855867720393697,0.32465622294694185,0.006937053520232439
kodim13,Kodak,kodim13,test,0.1,0.1001129150390625,0.0,2026,37997413393982215ffaf29dfb5ded1283a483b7720fe9a1a3d833abb8dc8307,hqs,22.942657431025765,0.6328069630834385,0.32145177002530545,0.0025988384149968624
fresh_div2k_0892,DIV2K_fresh,fresh_div2k_0892,test,0.1,0.1001129150390625,0.0,2026,40c27e624470ed8c9432c15c4d15d90978c4855a2e726d3e49e458fbf5c9df73,hqs,23.067733277714673,0.796847538359195,0.3297995440661907,0.004280359484255314
fresh_div2k_0861,DIV2K_fresh,fresh_div2k_0861,test,0.1,0.1001129150390625,0.0,2026,48d6681faa6bc63c6c089b760a66cc803cb138f3c3ce9848a10dd5f6f57bf325,hqs,23.207012298529584,0.7476204742251337,0.3205542709911242,0.006381419952958822
fresh_div2k_0870,DIV2K_fresh,fresh_div2k_0870,test,0.1,0.1001129150390625,0.0,2026,10690968bcf54104f86298faca4987e73c76008ec48e8408c6f68af6572e384a,hqs,23.262256870917337,0.6867180709849801,0.323943326016888,0.003330842824652791
kodim05,Kodak,kodim05,test,0.1,0.1001129150390625,0.0,2026,38f7685a89b23fcf63ad528324b78b7e66087c343f2bffcbed8698b72f286bde,hqs,23.38881723515994,0.741440284360528,0.32305150700267404,0.006096930708736181
fresh_div2k_0883,DIV2K_fresh,fresh_div2k_0883,test,0.1,0.1001129150390625,0.0,2026,ccd79da2089af8acf167c1d169b2283121d04a81e71626c399e84c3c7c045b68,hqs,24.74982561657061,0.7781495457997322,0.3198015809757635,0.0035573288332670927
fresh_div2k_0887,DIV2K_fresh,fresh_div2k_0887,test,0.1,0.1001129150390625,0.0,2026,a3c7d818260dc227a1f00ffa2cc63a351c85814bbb1ac33895814b479e567db6,hqs,24.770876298543335,0.8196971432049498,0.33370809396728873,0.0045152632519602776
fresh_div2k_0845,DIV2K_fresh,fresh_div2k_0845,test,0.1,0.1001129150390625,0.0,2026,114ccba95146dc4a6f8fc50f64c9f989abe82acccba8112c621042f63a2ddbb1,hqs,24.829058089477016,0.8513392968850731,0.3219549560453743,0.003243600018322468
fresh_div2k_0836,DIV2K_fresh,fresh_div2k_0836,test,0.1,0.1001129150390625,0.0,2026,02f96399ba6cda70b465125c9ae0df2cf24fc0dc12e6185d3502b6faa075b2fa,hqs,24.85638025952724,0.8217997437222563,0.32591880892869085,0.0037270744796842337
kodim01,Kodak,kodim01,test,0.1,0.1001129150390625,0.0,2026,40e7cc33fdc3172c07c2679b8848e4ab3416ce89db487b17f58f0cad6529b495,hqs,24.92010058318052,0.6745541009800806,0.3187574290204793,0.0039202370680868626
kodim19,Kodak,kodim19,test,0.1,0.1001129150390625,0.0,2026,0a314f5425c803c2e189be466d676714491629b34b9d7ea7f1649540707de9fa,hqs,25.405868638174816,0.7937948196370411,0.3271886659786105,0.004032282158732414
fresh_div2k_0830,DIV2K_fresh,fresh_div2k_0830,test,0.1,0.1001129150390625,0.0,2026,d10ec87763de32d606611e9a8eb8ed3036df815b12a5f26351726ec5a58c3cf0,hqs,25.612580517469866,0.7938664588503861,0.32122018898371607,0.004214882850646973
fresh_div2k_0832,DIV2K_fresh,fresh_div2k_0832,test,0.1,0.1001129150390625,0.0,2026,81a76ef3aa3489fd1741c37893798809cd1566ff6f1d71a69644c4215220b1bb,hqs,25.700468202518223,0.8450395981180072,0.3237836000043899,0.004927660338580608
fresh_div2k_0823,DIV2K_fresh,fresh_div2k_0823,test,0.1,0.1001129150390625,0.0,2026,679dce580b70c272eb31b85854811bd11cd7f05a7ff340f2e21ba1fae98a7b04,hqs,25.719216052455728,0.8701281309301854,0.3197037699865177,0.0032566306181252003
hevc_BQTerrace_f0000,HEVC_B,BQTerrace,test,0.1,0.1001129150390625,0.0,2026,87fd2b97d0579416bf1e2e98e0611d7ee012de2ef9e3f4fa769e3a5834fa8618,hqs,26.088300475521766,0.8266723750704527,0.3190653270576149,0.003461310174316168
fresh_div2k_0804,DIV2K_fresh,fresh_div2k_0804,test,0.1,0.1001129150390625,0.0,2026,1443ad6c91dec27751110c0da4d1c3902122511529cf382daa0b65d3ff4149eb,hqs,26.090734020380026,0.8073796840952039,0.3258706530323252,0.003241945756599307
fresh_div2k_0826,DIV2K_fresh,fresh_div2k_0826,test,0.1,0.1001129150390625,0.0,2026,9e071bcf426d4f8d184985002ffdf4b0eabca6273fdad3efebb6dd41324df088,hqs,26.232469635135732,0.8270114688423276,0.3272242300445214,0.003814711468294263
kodim14,Kodak,kodim14,test,0.1,0.1001129150390625,0.0,2026,b74ee720ade016301b5b127dc3d02f338c2c5b853afc0f7f502d837251d8188b,hqs,26.236889976890016,0.7660406762840748,0.31888137909118086,0.002755369758233428
fresh_div2k_0811,DIV2K_fresh,fresh_div2k_0811,test,0.1,0.1001129150390625,0.0,2026,d212eb8acf65f44f01fe50180d35abcdf1f0c08cba3520db844bdef66d7d6299,hqs,26.36072997896226,0.7297840174230933,0.3294084459776059,0.0025393415708094835
kodim18,Kodak,kodim18,test,0.1,0.1001129150390625,0.0,2026,cffbd5f3015c98edc56a3461077b5e3630732535322ffa10d8d33801d519a717,hqs,26.43359850588145,0.75612214219445,0.32011248893104494,0.00448976457118988
fresh_div2k_0817,DIV2K_fresh,fresh_div2k_0817,test,0.1,0.1001129150390625,0.0,2026,5989fe3ed5e28523ff400449d327811a2adbdeb4ec881ff97dc90bba67d600f8,hqs,26.55328407892902,0.8126194016536474,0.325118001899682,0.002991589717566967
kodim24,Kodak,kodim24,test,0.1,0.1001129150390625,0.0,2026,65c0d7bfaabc734b4c4e23168b4cbb136fd6c80539eaa517d1c3c473ba0aa88b,hqs,26.8561258915545,0.8143258165858984,0.32226679695304483,0.0034698613453656435
fresh_div2k_0858,DIV2K_fresh,fresh_div2k_0858,test,0.1,0.1001129150390625,0.0,2026,21c9fa0274b87c75fdcfcdd9512dc635f391019ec709ce0a08a3e229981e8e3f,hqs,26.944918710591004,0.7505123393876553,0.32238099607639015,0.003633459797129035
fresh_div2k_0813,DIV2K_fresh,fresh_div2k_0813,test,0.1,0.1001129150390625,0.0,2026,679429ab02412ed08003ec8bab225eed34153323e4622e3547943754aac44172,hqs,27.251444325072065,0.8908315761768818,0.3245778330601752,0.003806890221312642
fresh_div2k_0864,DIV2K_fresh,fresh_div2k_0864,test,0.1,0.1001129150390625,0.0,2026,6424485b2b48275c339ab072518fbf7d12ba7518ad4045d535dfc334abd3b7f6,hqs,27.337634787640255,0.7902964842201471,0.3252949439920485,0.0030376326758414507
fresh_div2k_0879,DIV2K_fresh,fresh_div2k_0879,test,0.1,0.1001129150390625,0.0,2026,84b914ca817d8ced02d36540c0d096559e226a8fb94b038d781ecffef1e262d6,hqs,27.58792344207672,0.9224051168447733,0.3186125149950385,0.006542041432112455
fresh_div2k_0899,DIV2K_fresh,fresh_div2k_0899,test,0.1,0.1001129150390625,0.0,2026,2cf80ee9cf0442548e22a116b91228fb8d351421d138e068d27f71e18109b65a,hqs,27.630982448315542,0.8978566516933442,0.3273353079566732,0.0073797027580440044
kodim06,Kodak,kodim06,test,0.1,0.1001129150390625,0.0,2026,afe752bf66f6ef69921ae60671d27c03f2a0735b29e02a5aabb7839d8cae202b,hqs,27.870381363000114,0.7566214546398521,0.3200512540061027,0.002333077136427164
kodim21,Kodak,kodim21,test,0.1,0.1001129150390625,0.0,2026,59d4d3ff8ed81341a3613e71dc3376bffd663308696c72b9b8663c5547317f33,hqs,27.94711319187702,0.8664759727957249,0.3244459719862789,0.003287765895947814
kodim11,Kodak,kodim11,test,0.1,0.1001129150390625,0.0,2026,9052a7929b3d8efcdd62f4b6c8de73bcf1ebfec53cd47cef47de8160eb31cae4,hqs,27.957972952469973,0.8089438144295216,0.3254887849325314,0.004110362380743027
fresh_div2k_0855,DIV2K_fresh,fresh_div2k_0855,test,0.1,0.1001129150390625,0.0,2026,1ebf3ca91b7f6b4217d662d8062023525ad1005ec25969e869f7d6d54f25a279,hqs,28.520646531748927,0.8583142489494086,0.3241952130338177,0.0027598803862929344
hevc_Cactus_f0333,HEVC_B,Cactus,test,0.1,0.1001129150390625,0.0,2026,1c4c8348384e37d777965637a5599b8dc3437b8fc1f4547d47c6f53ca85eee2b,hqs,28.696087099746258,0.8495182632043362,0.35997019498609006,0.003675630083307624
fresh_div2k_0842,DIV2K_fresh,fresh_div2k_0842,test,0.1,0.1001129150390625,0.0,2026,27a05205ee300432d0712f70a5740155d8835e2860381db596a2e5089a402611,hqs,28.73763776862959,0.8708342397227288,0.3292923349654302,0.001633355626836419
hevc_Cactus_f0000,HEVC_B,Cactus,test,0.1,0.1001129150390625,0.0,2026,5f4b3097f2dc36507ba5d0a054164ac546cd4ffb8584d140da664bd8297de513,hqs,29.070006312032852,0.8497454054756165,0.3289360429625958,0.003144683549180627
fresh_div2k_0808,DIV2K_fresh,fresh_div2k_0808,test,0.1,0.1001129150390625,0.0,2026,d7032f0e4980e3c86a0d708077158b1428c0bca5621ebb9961f810405b1169bb,hqs,29.441705411781086,0.9215630284144878,0.3922088099643588,0.0037164620589464903
kodim17,Kodak,kodim17,test,0.1,0.1001129150390625,0.0,2026,1271749dbdf53534ffc2e38d7da126a3807f57029d48ce4462e447ad57c17722,hqs,29.447479982586447,0.853842156796217,0.31528404692653567,0.0025723797734826803
hevc_Cactus_f0166,HEVC_B,Cactus,test,0.1,0.1001129150390625,0.0,2026,2f48634e5c6a8f049d700ccdacc45afd55d18ac391c6e2a0fbb6da59ed6dd764,hqs,29.543563248402442,0.8754470901367665,0.32419068994931877,0.0035617367830127478
fresh_div2k_0874,DIV2K_fresh,fresh_div2k_0874,test,0.1,0.1001129150390625,0.0,2026,750b0d462077340d2106e9ce49dafce2f78a7a24cfb1ae9fbb6207c563707240,hqs,29.553628299990407,0.8442079738345146,0.32057663006708026,0.002092731185257435
kodim22,Kodak,kodim22,test,0.1,0.1001129150390625,0.0,2026,715791871bba2feb44dd3fa362f3d854cf0a624b5f17fe19536e23cb32fb5d0a,hqs,29.730413312941735,0.8230215022837706,0.3243948119925335,0.0019302844302728772
fresh_div2k_0839,DIV2K_fresh,fresh_div2k_0839,test,0.1,0.1001129150390625,0.0,2026,c2c66e9d5a37964509f3ff0b3cac2987af7b95190e814a1ae27e7e626b9346f7,hqs,29.751820367762882,0.878901860628128,0.32368470693472773,0.004301946144551039
hevc_BQTerrace_f0400,HEVC_B,BQTerrace,test,0.1,0.1001129150390625,0.0,2026,dd44e061127f091462619b18abd45ff8e6a589295f83622cb0b6e9333492191d,hqs,29.835577204918508,0.8893750444734096,0.3267193080391735,0.003414612030610442
fresh_div2k_0851,DIV2K_fresh,fresh_div2k_0851,test,0.1,0.1001129150390625,0.0,2026,7664b0e90f4a02f436c47a8dc55fc0a5f839ce50cc59796b10bf07f4213f1859,hqs,29.86842127286936,0.946910980861187,0.32101131102535874,0.007910327985882759
hevc_ParkScene_f0160,HEVC_B,ParkScene,test,0.1,0.1001129150390625,0.0,2026,eeac34cecacae82de3d32d49198f8b6126942a78423fb7ae41c9bd3896d5060d,hqs,30.45997891285412,0.8224028076047898,0.3196653709746897,0.002568964147940278
hevc_KristenAndSara_f0400,HEVC_E,KristenAndSara,test,0.1,0.1001129150390625,0.0,2026,d16265ba04201647ffd755a38ebf6644fc1a235118496f6bd42e483595a3d017,hqs,30.93309314529666,0.9413743260741234,0.3292299030581489,0.0034607734996825457
hevc_BasketballDrive_f0167,HEVC_B,BasketballDrive,test,0.1,0.1001129150390625,0.0,2026,794cfde4094a3636cf21f66c4810c6bfaa97c39c5ac8ec9a2b5cae85fc486ec8,hqs,30.938622407879595,0.8692384831237793,0.3190042399801314,0.0026051118038594723
hevc_ParkScene_f0080,HEVC_B,ParkScene,test,0.1,0.1001129150390625,0.0,2026,1c485b3c6860e0ec80f8cacf5446d28e4e361258ef233db688b6fe134ff1fa69,hqs,30.99923970995885,0.8460052364530564,0.32775788207072765,0.002820239868015051
hevc_KristenAndSara_f0200,HEVC_E,KristenAndSara,test,0.1,0.1001129150390625,0.0,2026,1e4a426df82916cdc78dae913acdf2a7de3dcaeaf0f8634a786e2a1b2b69cf79,hqs,31.007222302744335,0.9480357874419689,0.32241451705340296,0.0032053152099251747
hevc_KristenAndSara_f0000,HEVC_E,KristenAndSara,test,0.1,0.1001129150390625,0.0,2026,c828da3ea10c15b82123d0326f40c99e6267811aecdac31ca86c73215adef2f9,hqs,31.044956498973658,0.9452289822635651,0.3235184079967439,0.0037390487268567085
kodim16,Kodak,kodim16,test,0.1,0.1001129150390625,0.0,2026,137041f72e8ccdfb8b91ef47832872b3ac9227b6205cf1341a6ddcb4e57224a5,hqs,31.126084002383916,0.8164091880677938,0.31905730394646525,0.0012640745844691992
hevc_ParkScene_f0000,HEVC_B,ParkScene,test,0.1,0.1001129150390625,0.0,2026,cdcaadc219688880da3ecd83602b0d74bc4a59b47e28a15b8421e42f96e0be2d,hqs,31.336675993558465,0.8565258826982975,0.3237184339668602,0.0027819001115858555
kodim07,Kodak,kodim07,test,0.1,0.1001129150390625,0.0,2026,b35259fa538e5217d29ed0176f52f8ecb54ad687c7a2763abfcab66385205591,hqs,31.655622950801487,0.9338027429535389,0.3271900500403717,0.004382237326353788
fresh_div2k_0868,DIV2K_fresh,fresh_div2k_0868,test,0.1,0.1001129150390625,0.0,2026,b0550b1d9cd7abc91f9080d300eb4741ec8f1a0d116beda67f55f9d6470a5f88,hqs,31.821626193537274,0.9745089227576256,0.32044293195940554,0.00228316243737936
kodim10,Kodak,kodim10,test,0.1,0.1001129150390625,0.0,2026,219aa0296c638d62e515cbb9b97d9dda31094aaeee9e71990375d335015ccca5,hqs,31.997524895584064,0.9218234584922791,0.3549441529903561,0.002447093604132533
fresh_div2k_0802,DIV2K_fresh,fresh_div2k_0802,test,0.1,0.1001129150390625,0.0,2026,66b9c6357c472e6dbb4e0309e298ed5e5aeb39bafc6ff2e666f02e663f805431,hqs,32.12033658793449,0.9555928787317276,0.3249557319795713,0.002944242674857378
hevc_BasketballDrive_f0334,HEVC_B,BasketballDrive,test,0.1,0.1001129150390625,0.0,2026,c1c421b074bcfefa90614627f75729c093e6800bb409b4ae70a4897c90505f56,hqs,32.344630608045804,0.915515642162323,0.3326114790979773,0.0030811161268502474
kodim15,Kodak,kodim15,test,0.1,0.1001129150390625,0.0,2026,566a61cb6bb3d779b629ba91f9e421fb5e7589973e37684fa9524ab4e1bc8a97,hqs,32.37333466584114,0.8715951700026989,0.3155439649708569,0.002460631774738431
hevc_BQTerrace_f0200,HEVC_B,BQTerrace,test,0.1,0.1001129150390625,0.0,2026,abe48d4c09fea10e396a9f342ba32b29f6e36fecd38190e1f3afda350c45862c,hqs,32.66545615640015,0.9409356276273727,0.3243962050182745,0.002885382156819105
hevc_Kimono1_f0000,HEVC_B,Kimono1,test,0.1,0.1001129150390625,0.0,2026,a4e84cb021d1c54b6b000abe4d5fb1a226091edf4a29d9f19fc5efead4dc5880,hqs,32.71168384761235,0.891691312259674,0.36112214101012796,0.0026741798501461744
hevc_FourPeople_f0000,HEVC_E,FourPeople,test,0.1,0.1001129150390625,0.0,2026,9ba1d01a92742cfb02099d2c065eedac66b6483d48ad6aa69d8ce0cc2d28520b,hqs,32.731516703062795,0.9455336523323059,0.3319001100026071,0.0032842732034623623
kodim20,Kodak,kodim20,test,0.1,0.1001129150390625,0.0,2026,bf3ab6d2c2eb28686beef3d33f392645c195489cc9616140b04a3554d064e9c6,hqs,32.818224851961354,0.9370997766563892,0.3275191260036081,0.00209986325353384
kodim02,Kodak,kodim02,test,0.1,0.1001129150390625,0.0,2026,2c2df344729ecb30d9b705885887aaba82025f2081c545cc5865754a9579aff6,hqs,33.18084626284823,0.8531527228868008,0.31995168805588037,0.002243457827717066
kodim23,Kodak,kodim23,test,0.1,0.1001129150390625,0.0,2026,2831e7f26b57f57fa75c4e8179a7bc353565e7d9903d100950ec8b2d94f92a88,hqs,33.25963845122955,0.9426991541705132,0.3241022030124441,0.002090263646095991
kodim09,Kodak,kodim09,test,0.1,0.1001129150390625,0.0,2026,9c7f4af5342072c0f1725c259e6f58c77538139b7498d6ea31068bd442364410,hqs,33.302120455960164,0.9496477103476524,0.32508604205213487,0.0029141739942133427
hevc_Kimono1_f0080,HEVC_B,Kimono1,test,0.1,0.1001129150390625,0.0,2026,94e09a133d9e67156d91d13dd067df95429ab9c5df427f67fc3afc1b09c2587c,hqs,33.40067778458184,0.9207490753893852,0.3209284609183669,0.003028006525710225
hevc_FourPeople_f0400,HEVC_E,FourPeople,test,0.1,0.1001129150390625,0.0,2026,33d5e5b7dd818f75553b7a9ee02cdc48cca5d2f6c6c6152a5484086faaeee30f,hqs,33.421481142213985,0.9532004153194428,0.325645443983376,0.003303801640868187
kodim12,Kodak,kodim12,test,0.1,0.1001129150390625,0.0,2026,a9d49bb11cf4ceef3e81a5cd88c4c6654e5f81727c8dfd6b89f08f02dfb87c2f,hqs,33.457527015837684,0.8708156843156815,0.32037495996337384,0.001495410455390811
hevc_FourPeople_f0200,HEVC_E,FourPeople,test,0.1,0.1001129150390625,0.0,2026,0429cb089558711871c231e115f5040286dede66c7ed9682e8f0dcabbc041e61,hqs,33.52905138333709,0.9544134727120399,0.3239713499788195,0.0033296961337327957
kodim04,Kodak,kodim04,test,0.1,0.1001129150390625,0.0,2026,4f84fc23e66d02c05cfdae6fc398ae9b02ecc776dff63c6c7a377b89f3ddaefa,hqs,33.88674689623532,0.888631023633957,0.3195796519285068,0.002092525130137801
hevc_BasketballDrive_f0000,HEVC_B,BasketballDrive,test,0.1,0.1001129150390625,0.0,2026,06bbb566f32605fbc7a95700dd97c164b425f6441c32377f567d9d7e3c3202b6,hqs,35.085087620972295,0.9260406781873703,0.34510895295534283,0.002060465980321169
hevc_Kimono1_f0160,HEVC_B,Kimono1,test,0.1,0.1001129150390625,0.0,2026,481fa446425eca798411cbb75c04d0371977342d76b7768a7f9977e170dc6423,hqs,35.09106148716469,0.9314110238842964,0.3258327739313245,0.0031323526054620743
fresh_div2k_0896,DIV2K_fresh,fresh_div2k_0896,test,0.1,0.1001129150390625,0.0,2026,ac893dcedbbd746e7f853401e9e6b5c2cc8ab210c67034c64f409a2409c4223a,hqs,35.25573545322254,0.9780631352975369,0.32123190409038216,0.0018751365132629871
kodim03,Kodak,kodim03,test,0.1,0.1001129150390625,0.0,2026,22da5bd8200cf4b7035f95f616a05db3abc83b384d556529c7cc3011fcf1a7e0,hqs,35.98648949975009,0.9379115232844353,0.3128452670061961,0.0016364394687116146
hevc_Johnny_f0400,HEVC_E,Johnny,test,0.1,0.1001129150390625,0.0,2026,0e41c79cbe0653d751d62981f9d3128ed5ac683146738da2e19c18f69314ecb4,hqs,36.3247500314614,0.9506779422426224,0.3317621049936861,0.002329394221305847
hevc_Johnny_f0200,HEVC_E,Johnny,test,0.1,0.1001129150390625,0.0,2026,a07cf8a6983834cc6bb84a373510fda9903ab09e27d4671457c66260572a26de,hqs,36.36166065526248,0.9554198018417358,0.325866678962484,0.0023488232400268316
hevc_Johnny_f0000,HEVC_E,Johnny,test,0.1,0.1001129150390625,0.0,2026,4aafb4786886b7d63c895ff259eefb62120b5c4046eadcebd5f727f3958544cd,hqs,36.630607538704176,0.9561029012422562,0.3292521770345047,0.0023632398806512356
fresh_div2k_0877,DIV2K_fresh,fresh_div2k_0877,test,0.1,0.1001129150390625,0.0,2026,37dc4cc5f9fa84758686bd434945db415760367c2c236f97e27051067bc2e870,hqs,37.12631238187677,0.9612975281391144,0.32479133806191385,0.004546201787889004
