dataset,cr,sigma,reference,units,images,old_mean_mse,new_mean_mse,mse_reduction_percent,bootstrap_low,bootstrap_high,delta_psnr,delta_ssim,positive_mse_units,target_at_least_5_percent
DIV2K_fresh,0.01,0.0,hqs,32,32,0.010724041480965322,0.01044763112793647,2.5774830647519176,1.204092153720124,4.284881553364434,0.10967860864443163,0.004015289136459215,27,False
DIV2K_fresh,0.01,0.0,hqs_round1,32,32,0.010639701913355101,0.01044763112793647,1.8052271293196864,0.7926471748278766,2.980158168957093,0.07520946510166904,0.002317163913717492,26,False
DIV2K_fresh,0.04,0.0,hqs,32,32,0.005262816183689286,0.005153028273748176,2.0861057295021856,0.919363169571982,3.4352889538889504,0.10772351306738848,0.001273461676676588,26,False
DIV2K_fresh,0.04,0.0,hqs_round1,32,32,0.005224362488220268,0.005153028273748176,1.3654147206081935,0.5203849166301572,2.3866471297595395,0.06732461119302746,2.745978102527795e-05,23,False
DIV2K_fresh,0.1,0.0,hqs,32,32,0.0026623263536867114,0.0025482825693281877,4.283613997983348,2.080671699508484,7.036718204171571,0.2373036038417895,0.002233022492304025,30,False
DIV2K_fresh,0.1,0.0,hqs_round1,32,32,0.0025959910115396665,0.0025482825693281877,1.8377737827059426,0.6812737781568712,3.4836840605894217,0.08809505533401707,4.079198575587112e-06,27,False
DIV2K_fresh,0.1,0.01,hqs,32,32,0.002745514231981794,0.002641186482950162,3.7999347377749793,1.7993643928160754,6.449149422607802,0.18803168843412613,0.003337397399630524,30,False
DIV2K_fresh,0.1,0.01,hqs_round1,32,32,0.002692901692640395,0.002641186482950162,1.9204269443466426,0.8295102594118897,3.4195170283177045,0.09727041441699039,0.001040564718605065,30,False
DIV2K_fresh,0.1,0.05,hqs,32,32,0.004051255003994883,0.0035569880866171038,12.200340805266263,8.770958112727065,16.39293588413627,0.6782738968845403,0.06369447490605945,32,True
DIV2K_fresh,0.1,0.05,hqs_round1,32,32,0.004037139430432427,0.0035569880866171038,11.89335548323861,8.439084796824316,16.03712566676538,0.6732299074373265,0.06000627409924069,32,True
DIV2K_fresh,0.25,0.0,hqs,32,32,0.0009893991853038842,0.0009345535200340014,5.543330344772568,3.7848164801917092,8.116953485168583,0.3521860906513474,0.00199815420988202,32,True
DIV2K_fresh,0.25,0.0,hqs_round1,32,32,0.0009551271955210935,0.0009345535200340014,2.154024676877475,1.3367519100587133,3.393595455270079,0.13160719775861685,0.0003820717374812821,32,False
DIV2K_fresh,0.5,0.0,hqs,32,32,0.0002936866619301899,0.0002735806134301537,6.846088401799955,4.95998564648064,9.482032781860237,0.4166747837526166,0.001019233088314534,32,True
DIV2K_fresh,0.5,0.0,hqs_round1,32,32,0.0002798412558957387,0.0002735806134301537,2.2372121099676345,1.3994391633432122,3.5183002532530554,0.14410246019387785,0.00017612161356210868,30,False
HEVC_B,0.01,0.0,hqs,5,15,0.004313233913666849,0.004261766416407823,1.1932461417394236,0.41262175752107,2.2324213984156516,0.05876446904407094,0.002716231246705928,4,False
HEVC_B,0.01,0.0,hqs_round1,5,15,0.004316416110790009,0.004261766416407823,1.266089574764917,0.6450753286904587,2.148847234800022,0.06408755225852475,0.003130028697319246,5,False
HEVC_B,0.04,0.0,hqs,5,15,0.0018118266652416073,0.0017780989250876296,1.8615323861281285,1.2749990817026768,2.499492158594785,0.09788516277183396,0.0016409006650348462,5,False
HEVC_B,0.04,0.0,hqs_round1,5,15,0.0017939091713026773,0.0017780989250876296,0.8813292483234703,0.4142731386290732,1.3263344889169137,0.03765308669557565,0.000696330123286352,5,False
HEVC_B,0.1,0.0,hqs,5,15,0.000878059831107748,0.0008423517514025211,4.0667023407935705,3.3155711174786884,4.755916112039205,0.18763730495263573,0.002086899125484624,5,False
HEVC_B,0.1,0.0,hqs_round1,5,15,0.0008503187518376567,0.0008423517514025211,0.9369428132588786,0.40881222110514787,1.2554490915896777,0.04158902022120827,0.00029853677709301696,4,False
HEVC_B,0.1,0.01,hqs,5,15,0.0009376450199938648,0.000908210836167336,3.139160684362341,2.4386048942066973,3.7372738148248486,0.149194387148157,0.002240632701687193,5,False
HEVC_B,0.1,0.01,hqs_round1,5,15,0.0009188701100374602,0.000908210836167336,1.1600414197486142,0.4015033342350538,1.714167852977888,0.05477061954020428,0.0006507873467013401,4,False
HEVC_B,0.1,0.05,hqs,5,15,0.001781211426301526,0.0014883851014410397,16.439728632805007,9.467456056950518,22.971457223248805,0.8208999299513188,0.05915849109243472,5,True
HEVC_B,0.1,0.05,hqs_round1,5,15,0.0017929532504661664,0.0014883851014410397,16.98695428594913,9.859603215491985,23.56406751536563,0.8515210038707435,0.05654953040568417,5,True
HEVC_B,0.25,0.0,hqs,5,15,0.0002999734299286705,0.0002862304972966838,4.581383302932718,2.5756612930643574,7.514998993473543,0.23783325390987736,0.0011977121475060654,5,False
HEVC_B,0.25,0.0,hqs_round1,5,15,0.0002891858710585958,0.0002862304972966838,1.0219634005954492,0.38785896572951506,1.7802465498337288,0.05326125236600088,7.138920209407058e-05,5,False
HEVC_B,0.5,0.0,hqs,5,15,8.113504185985039e-05,7.630725551052238e-05,5.950309802843689,4.188961832285764,7.045301939354475,0.2453058054412959,0.0004271382034937377,5,True
HEVC_B,0.5,0.0,hqs_round1,5,15,7.718612927014621e-05,7.630725551052238e-05,1.1386420953275578,-1.8594727651009002,2.6066244249383863,0.035111803184167435,-0.00012547538127899072,4,False
HEVC_E,0.01,0.0,hqs,3,9,0.004285847789043146,0.004125261426120397,3.746898416068145,0.9933308972132626,7.4192045160706765,0.19068459879229926,0.006961814328424207,3,False
HEVC_E,0.01,0.0,hqs_round1,3,9,0.004245415807437699,0.004125261426120397,2.8302146778367288,0.4728170602104953,5.580283809628872,0.14496028194812086,0.005303612309897583,3,False
HEVC_E,0.04,0.0,hqs,3,9,0.0012816542121969574,0.0012094178436297099,5.636182355568664,1.7048709519387528,8.254029257161822,0.25767426695258183,0.003917254560104006,3,True
HEVC_E,0.04,0.0,hqs_round1,3,9,0.0012545734829169358,0.0012094178436297099,3.5992821386784835,1.3883216319068303,4.847819653386798,0.15459013356254817,0.0026185504024753337,3,False
HEVC_E,0.1,0.0,hqs,3,9,0.0004998836013032684,0.00043198678489471924,13.582525258186584,8.223719497785408,18.259335907675002,0.542835146266345,0.0039162406370639846,3,True
HEVC_E,0.1,0.0,hqs_round1,3,9,0.0004540753614050038,0.00043198678489471924,4.864517740389596,1.6023989506021685,7.25690656831024,0.17132052944472145,0.001233956038236629,3,False
HEVC_E,0.1,0.01,hqs,3,9,0.0006090511606148094,0.0005361204496821093,11.97448024876594,5.706348187143117,16.735336822193126,0.4865136477983821,0.0065542054789861,3,True
HEVC_E,0.1,0.01,hqs_round1,3,9,0.0005636434591845312,0.0005361204496821093,4.883053116990244,2.6982200857035066,6.884042388775891,0.1905450874702089,0.002992112694638735,3,False
HEVC_E,0.1,0.05,hqs,3,9,0.0016302566508813257,0.0012097806245503651,25.792014165600797,21.800669716329203,36.36123105873238,1.380989588390363,0.12260879250352057,3,True
HEVC_E,0.1,0.05,hqs_round1,3,9,0.0016432178724483943,0.0012097806245503651,26.377345035336543,22.310030194993622,37.6504927105028,1.4223165337503378,0.11818990096587693,3,True
HEVC_E,0.25,0.0,hqs,3,9,9.633050742652005e-05,8.552790060839543e-05,11.214107666114748,0.7253700826995391,18.97168865540968,0.4479141174773973,0.000856144549528759,3,True
HEVC_E,0.25,0.0,hqs_round1,3,9,8.867613459706814e-05,8.552790060839543e-05,3.5502607358539495,-0.008669724716470206,6.623430123637464,0.13748619344600935,0.00017426604133182386,2,False
HEVC_E,0.5,0.0,hqs,3,9,1.794029227536641e-05,1.7195002114995503e-05,4.1542810391905105,0.6977849619938081,7.665349198830285,0.19151854467560583,5.321782430014712e-05,3,False
HEVC_E,0.5,0.0,hqs_round1,3,9,1.7561326574205328e-05,1.7195002114995503e-05,2.085972592457186,-0.831171683259857,6.054649011471913,0.09940205940348316,1.635102113086953e-05,2,False
Kodak,0.01,0.0,hqs,24,24,0.005699749594308881,0.005663745889818658,0.6316716882820983,0.007372498943755722,1.32263707670186,0.0350502526316873,0.0002724922596985535,13,False
Kodak,0.01,0.0,hqs_round1,24,24,0.005682830851457542,0.005663745889818658,0.33583546893690697,-0.2098120896249539,0.932303295971889,0.013322378635682123,-3.9760076845467285e-05,13,False
Kodak,0.04,0.0,hqs,24,24,0.0029936367580592365,0.0028902898685594283,3.4522187510420466,1.8264077603858462,5.291150520078216,0.15208720887347038,0.002288547771803385,20,False
Kodak,0.04,0.0,hqs_round1,24,24,0.002955358578302159,0.0028902898685594283,2.201719622805043,0.6895366669186429,3.9905038552985945,0.06642954395512064,0.0008105496454492919,18,False
Kodak,0.1,0.0,hqs,24,24,0.0016836609572911942,0.0016036530125166156,4.752022337282302,2.4107025749417863,7.691711662642392,0.18911682337028068,0.002820998296833105,24,False
Kodak,0.1,0.0,hqs_round1,24,24,0.0016316587304802271,0.0016036530125166156,1.7163955575053902,0.6592172239877786,3.153423102508294,0.05404588665854796,5.4275120034868084e-05,21,False
Kodak,0.1,0.01,hqs,24,24,0.0017559075350317822,0.0016782451189781198,4.422921737291641,2.350553592276844,6.8274663542130005,0.17310927491258657,0.0037714692504147,24,False
Kodak,0.1,0.01,hqs_round1,24,24,0.0017110769181541655,0.0016782451189781198,1.9187798530683975,1.000990490238923,3.2155815508124737,0.08371272137488,0.0009681716706011938,22,False
Kodak,0.1,0.05,hqs,24,24,0.002789994198781938,0.0023216246641996727,16.787473421512743,10.619896172605186,25.27181655581083,1.0207526852811148,0.08005923425591199,24,True
Kodak,0.1,0.05,hqs_round1,24,24,0.0027887144235835067,0.0023216246641996727,16.749286174079536,10.412396880384032,25.83266976976274,1.0178174209536934,0.07722321315023979,24,True
Kodak,0.25,0.0,hqs,24,24,0.0007046650037117494,0.0006754452039293658,4.146622810622258,2.245475536197217,7.999289847339772,0.1847093695225063,0.000841631136005753,22,False
Kodak,0.25,0.0,hqs_round1,24,24,0.0006817679415298986,0.0006754452039293658,0.9274031844830555,-0.14632603563543456,3.1501394355238155,0.038913252227300944,-0.0008534104972916234,11,False
Kodak,0.5,0.0,hqs,24,24,0.00023366464236773224,0.00022422650501917733,4.039180790434493,2.167307845493194,7.972241563529111,0.19411286876038503,0.0001637248230775129,21,False
Kodak,0.5,0.0,hqs_round1,24,24,0.0002255987439115357,0.00022422650501917733,0.6082653070517363,-0.9223844871136988,3.7693286789588467,0.05875947936917836,-0.0006314398932655794,9,False
