image,dataset,sequence,cr,sigma,seed,method,delta_psnr,delta_ssim
hevc_ParkScene_f0160,HEVC_B,ParkScene,0.01,0.0,2026,hqs_finetuned,-0.0888400030517218,-0.007767202197750733
kodim02,Kodak,kodim02,0.04,0.0,2026,hqs_finetuned,-0.07596563758444574,-0.0011728958672285739
hevc_Kimono1_f0000,HEVC_B,Kimono1,0.01,0.0,2026,hqs_finetuned,-0.05218766868956237,-0.004017248174192911
hevc_Kimono1_f0000,HEVC_B,Kimono1,0.1,0.01,2027,hqs_finetuned,-0.04974507824152141,-0.001188292913436917
kodim06,Kodak,kodim06,0.01,0.0,2026,hqs_finetuned,-0.04956611614546702,0.00012711958119671074
kodim20,Kodak,kodim20,0.01,0.0,2026,hqs_finetuned,-0.0439426285907345,-4.5195755793314696e-05
kodim15,Kodak,kodim15,0.25,0.0,2026,hqs_finetuned,-0.039879522334494766,-0.0012529853477477593
kodim16,Kodak,kodim16,0.01,0.0,2026,hqs_finetuned,-0.03943964180692916,-0.0024857875070404267
fresh_div2k_0892,DIV2K_fresh,fresh_div2k_0892,0.01,0.0,2026,hqs_finetuned,-0.03704560186484329,-0.01018152761050889
hevc_KristenAndSara_f0000,HEVC_E,KristenAndSara,0.01,0.0,2026,hqs_finetuned,-0.03663382040423713,-0.0005455160183461816
kodim13,Kodak,kodim13,0.01,0.0,2026,hqs_finetuned,-0.03543412586093808,-0.00692363198477014
hevc_ParkScene_f0160,HEVC_B,ParkScene,0.04,0.0,2026,hqs_finetuned,-0.03276344244549989,-0.0023227964899987796
hevc_Kimono1_f0000,HEVC_B,Kimono1,0.1,0.01,2028,hqs_finetuned,-0.032649356144453634,-0.0007325830903053276
kodim17,Kodak,kodim17,0.04,0.0,2026,hqs_finetuned,-0.03248338217978741,-0.0011048727093861954
fresh_div2k_0899,DIV2K_fresh,fresh_div2k_0899,0.01,0.0,2026,hqs_finetuned,-0.03200596022975688,-0.0037190384117909425
hevc_KristenAndSara_f0400,HEVC_E,KristenAndSara,0.01,0.0,2026,hqs_finetuned,-0.030847957498302492,0.0005493107794419805
fresh_div2k_0849,DIV2K_fresh,fresh_div2k_0849,0.04,0.0,2026,hqs_finetuned,-0.022828596641062404,-0.014589690396928756
kodim08,Kodak,kodim08,0.01,0.0,2026,hqs_finetuned,-0.02211860116390696,0.0006915846873001841
kodim06,Kodak,kodim06,0.04,0.0,2026,hqs_finetuned,-0.0204583584132223,-0.0031148610280584688
kodim10,Kodak,kodim10,0.5,0.0,2026,hqs_finetuned,-0.01994982306235471,-0.00044795347023007803
kodim11,Kodak,kodim11,0.01,0.0,2026,hqs_finetuned,-0.019055281671672475,-0.004118378492636743
hevc_Johnny_f0000,HEVC_E,Johnny,0.5,0.0,2026,hqs_finetuned,-0.019053645419283782,-0.00023349674606332194
fresh_div2k_0864,DIV2K_fresh,fresh_div2k_0864,0.04,0.0,2026,hqs_finetuned,-0.018903096823571275,-0.0081679456260082
kodim01,Kodak,kodim01,0.01,0.0,2026,hqs_finetuned,-0.01812276782924016,-0.007223446741828732
fresh_div2k_0870,DIV2K_fresh,fresh_div2k_0870,0.1,0.0,2026,hqs_finetuned,-0.017249837078932018,-0.00835246253990285
fresh_div2k_0870,DIV2K_fresh,fresh_div2k_0870,0.1,0.01,2026,hqs_finetuned,-0.01627222856470567,-0.008505414630737063
kodim04,Kodak,kodim04,0.01,0.0,2026,hqs_finetuned,-0.015427192414904312,0.0002743796453755776
fresh_div2k_0870,DIV2K_fresh,fresh_div2k_0870,0.1,0.01,2027,hqs_finetuned,-0.015094205362323976,-0.00850177260862528
fresh_div2k_0849,DIV2K_fresh,fresh_div2k_0849,0.1,0.0,2026,hqs_finetuned,-0.015075688176700908,-0.01022661822355908
fresh_div2k_0870,DIV2K_fresh,fresh_div2k_0870,0.1,0.01,2028,hqs_finetuned,-0.013980325148459372,-0.008317168853139933
fresh_div2k_0851,DIV2K_fresh,fresh_div2k_0851,0.04,0.0,2026,hqs_finetuned,-0.01378938197105839,-0.00027828709626753767
fresh_div2k_0849,DIV2K_fresh,fresh_div2k_0849,0.1,0.01,2027,hqs_finetuned,-0.01315145607588164,-0.009935065880056548
fresh_div2k_0858,DIV2K_fresh,fresh_div2k_0858,0.04,0.0,2026,hqs_finetuned,-0.013147541146384611,-0.007674984937620644
fresh_div2k_0817,DIV2K_fresh,fresh_div2k_0817,0.01,0.0,2026,hqs_finetuned,-0.012559269358579428,-0.0039005412856196187
kodim14,Kodak,kodim14,0.01,0.0,2026,hqs_finetuned,-0.012221599592290744,-0.0011349611014312422
fresh_div2k_0849,DIV2K_fresh,fresh_div2k_0849,0.1,0.01,2026,hqs_finetuned,-0.011653749777284617,-0.01012686151643094
kodim09,Kodak,kodim09,0.5,0.0,2026,hqs_finetuned,-0.011050684276419531,-0.0003531454887391039
fresh_div2k_0849,DIV2K_fresh,fresh_div2k_0849,0.1,0.01,2028,hqs_finetuned,-0.009237180057059646,-0.00979101241208613
kodim21,Kodak,kodim21,0.01,0.0,2026,hqs_finetuned,-0.008142253570650126,-0.00236307382904577
kodim02,Kodak,kodim02,0.01,0.0,2026,hqs_finetuned,-0.007121262032462994,0.0013576466779481322
kodim15,Kodak,kodim15,0.04,0.0,2026,hqs_finetuned,-0.005506234702071566,-0.0005115251102447704
fresh_div2k_0858,DIV2K_fresh,fresh_div2k_0858,0.01,0.0,2026,hqs_finetuned,-0.00312485118583794,-0.0015408492474379143
kodim02,Kodak,kodim02,0.5,0.0,2026,hqs_finetuned,-0.0024303199389166252,-0.00048156548595434945
kodim22,Kodak,kodim22,0.25,0.0,2026,hqs_finetuned,-0.002264864292548907,-0.0011395221624375118
fresh_div2k_0870,DIV2K_fresh,fresh_div2k_0870,0.01,0.0,2026,hqs_finetuned,-0.0015506165656269388,-0.003458539210130007
fresh_div2k_0861,DIV2K_fresh,fresh_div2k_0861,0.04,0.0,2026,hqs_finetuned,-0.001156043200062129,-0.012519008921670904
fresh_div2k_0817,DIV2K_fresh,fresh_div2k_0817,0.04,0.0,2026,hqs_finetuned,-0.0008222843491445531,-0.0012084500414054622
