dataset,cr,sigma,method,units,delta_psnr,delta_ssim,bootstrap_low,bootstrap_high,positive_units
DIV2K_fresh,0.01,0.0,hqs_finetuned,32,0.10967860864443163,0.004015289136459215,0.062183130455305755,0.17596462477349184,27
DIV2K_fresh,0.01,0.0,hqs_round1,32,0.03446914354276259,0.0016981252227417226,0.017942199794583884,0.055784575951124224,26
DIV2K_fresh,0.04,0.0,hqs_finetuned,32,0.10772351306738848,0.001273461676676588,0.05852969712304491,0.16458331265487613,26
DIV2K_fresh,0.04,0.0,hqs_round1,32,0.040398901874361015,0.0012460018956513101,0.020897673240982927,0.06253611176900425,28
DIV2K_fresh,0.1,0.0,hqs_finetuned,32,0.2373036038417895,0.002233022492304025,0.1556864068812019,0.32951846068868995,30
DIV2K_fresh,0.1,0.0,hqs_round1,32,0.14920854850777243,0.002228943293728438,0.10136277108261287,0.20469481474663184,31
DIV2K_fresh,0.1,0.01,hqs_finetuned,32,0.18803168843412613,0.003337397399630524,0.12054514858731888,0.2690311891002153,30
DIV2K_fresh,0.1,0.01,hqs_round1,32,0.09076127401713574,0.002296832681025459,0.05414885356142492,0.13225733286219185,28
DIV2K_fresh,0.1,0.05,hqs_finetuned,32,0.6782738968845403,0.06369447490605945,0.48525190083430286,0.9144577003820007,32
DIV2K_fresh,0.1,0.05,hqs_round1,32,0.005043989447213957,0.003688200806818763,-0.01651045325406097,0.028433137135791334,16
DIV2K_fresh,0.25,0.0,hqs_finetuned,32,0.3521860906513474,0.00199815420988202,0.25649164421426723,0.46107196067544887,32
DIV2K_fresh,0.25,0.0,hqs_round1,32,0.22057889289273058,0.001616082472400738,0.16422335220758227,0.28094444073973324,32
DIV2K_fresh,0.5,0.0,hqs_finetuned,32,0.4166747837526166,0.001019233088314534,0.3170403028965798,0.5233853835377463,32
DIV2K_fresh,0.5,0.0,hqs_round1,32,0.2725723235587387,0.0008431114747524254,0.21119475792688874,0.3397741021366107,32
HEVC_B,0.01,0.0,hqs_finetuned,5,0.05876446904407094,0.002716231246705928,0.014253222714430792,0.11414576630035309,4
HEVC_B,0.01,0.0,hqs_round1,5,-0.005323083214453799,-0.00041379745061331796,-0.015581498922040521,0.00628599812844636,1
HEVC_B,0.04,0.0,hqs_finetuned,5,0.09788516277183396,0.0016409006650348462,0.061571921432026035,0.13419840411164186,5
HEVC_B,0.04,0.0,hqs_round1,5,0.0602320760762583,0.0009445705417484943,0.02075808782986641,0.09977775116939697,5
HEVC_B,0.1,0.0,hqs_finetuned,5,0.18763730495263573,0.002086899125484624,0.15409965012999766,0.22117495977527382,5
HEVC_B,0.1,0.0,hqs_round1,5,0.14604828473142745,0.0017883623483916067,0.11880941385482319,0.17050833690765257,5
HEVC_B,0.1,0.01,hqs_finetuned,5,0.149194387148157,0.002240632701687193,0.11133357607282894,0.1894107955621353,5
HEVC_B,0.1,0.01,hqs_round1,5,0.09442376760795275,0.0015898453549858527,0.07555346530819537,0.11557380470928354,5
HEVC_B,0.1,0.05,hqs_finetuned,5,0.8208999299513188,0.05915849109243472,0.4706774156507606,1.2303667869010244,5
HEVC_B,0.1,0.05,hqs_round1,5,-0.03062107391942482,0.0026089606867505514,-0.04376973341688234,-0.018803087010683586,0
HEVC_B,0.25,0.0,hqs_finetuned,5,0.23783325390987736,0.0011977121475060654,0.1287753636511662,0.3887236542242481,5
HEVC_B,0.25,0.0,hqs_round1,5,0.1845720015438765,0.001126322945411995,0.10463040872574891,0.297423335042375,5
HEVC_B,0.5,0.0,hqs_finetuned,5,0.2453058054412959,0.0004271382034937377,0.1957486125663512,0.2948629983162406,5
HEVC_B,0.5,0.0,hqs_round1,5,0.21019400225712842,0.0005526135847727283,0.14829881572577128,0.2714105541095482,5
HEVC_E,0.01,0.0,hqs_finetuned,3,0.19068459879229926,0.006961814328424207,0.041126835749111024,0.33371120530823717,3
HEVC_E,0.01,0.0,hqs_round1,3,0.045724316844178416,0.0016582020185266222,0.022095609254762394,0.08457822929054615,3
HEVC_E,0.04,0.0,hqs_finetuned,3,0.25767426695258183,0.003917254560104006,0.07398328182458276,0.374537909376933,3
HEVC_E,0.04,0.0,hqs_round1,3,0.10308413339003368,0.0012987041576286718,0.013895229882978791,0.18693057445100672,3
HEVC_E,0.1,0.0,hqs_finetuned,3,0.542835146266345,0.0039162406370639846,0.3694843042963403,0.8758093809962174,3
HEVC_E,0.1,0.0,hqs_round1,3,0.3715146168216236,0.002682284598827356,0.2526526207691309,0.5485551447150042,3
HEVC_E,0.1,0.01,hqs_finetuned,3,0.4865136477983821,0.0065542054789861,0.2522890720943612,0.7954213848855199,3
HEVC_E,0.1,0.01,hqs_round1,3,0.29596856032817315,0.0035620927843473655,0.1346244583985323,0.4851206438702569,3
HEVC_E,0.1,0.05,hqs_finetuned,3,1.380989588390363,0.12260879250352057,1.0688540112728357,1.9627024573627665,3
HEVC_E,0.1,0.05,hqs_round1,3,-0.041326945359975005,0.004418891537643632,-0.08784247002400154,-0.008066150374133151,0
HEVC_E,0.25,0.0,hqs_finetuned,3,0.4479141174773973,0.000856144549528759,0.03192582906825692,0.911685984518698,3
HEVC_E,0.25,0.0,hqs_round1,3,0.310427924031388,0.0006818785081969351,0.029900837784161638,0.615107473281725,3
HEVC_E,0.5,0.0,hqs_finetuned,3,0.19151854467560583,5.321782430014712e-05,0.028597008720562183,0.34774947209731977,3
HEVC_E,0.5,0.0,hqs_round1,3,0.09211648527212268,3.6866803169277595e-05,0.06715103491447394,0.13328725092966445,3
Kodak,0.01,0.0,hqs_finetuned,24,0.0350502526316873,0.0002724922596985535,0.006991605156873519,0.06773458225158238,13
Kodak,0.01,0.0,hqs_round1,24,0.021727873996005176,0.0003122523365440208,0.009612938324203818,0.03808314635312183,18
Kodak,0.04,0.0,hqs_finetuned,24,0.15208720887347038,0.002288547771803385,0.0734249042183689,0.2528320021341285,20
Kodak,0.04,0.0,hqs_round1,24,0.08565766491834974,0.0014779981263540927,0.04183613248462731,0.14330411161936885,23
Kodak,0.1,0.0,hqs_finetuned,24,0.18911682337028068,0.002820998296833105,0.12402821557257013,0.28174413760536915,24
Kodak,0.1,0.0,hqs_round1,24,0.13507093671173273,0.0027667231767982367,0.09384354555378988,0.18311574233327935,24
Kodak,0.1,0.01,hqs_finetuned,24,0.17310927491258657,0.0037714692504147,0.11283650511760866,0.24804503673732844,24
Kodak,0.1,0.01,hqs_round1,24,0.08939655353770655,0.0028032975798135055,0.05169601016760206,0.13329138487247985,21
Kodak,0.1,0.05,hqs_finetuned,24,1.0207526852811148,0.08005923425591199,0.6922291923877234,1.4155051759429609,24
Kodak,0.1,0.05,hqs_round1,24,0.0029352643274215395,0.002836021105672214,-0.029252372535052883,0.029646743055176727,13
Kodak,0.25,0.0,hqs_finetuned,24,0.1847093695225063,0.000841631136005753,0.09320027031016022,0.32675648056766254,22
Kodak,0.25,0.0,hqs_round1,24,0.14579611729520536,0.0016950416332973766,0.09967451215689914,0.2090155840791313,23
Kodak,0.5,0.0,hqs_finetuned,24,0.19411286876038503,0.0001637248230775129,0.0940134917419442,0.3597513964799029,21
Kodak,0.5,0.0,hqs_round1,24,0.13535338939120667,0.0007951647163430923,0.09700313922643615,0.18261004673448256,23
