image,dataset,sequence,cr,sigma,seed,reference,old_mse,new_mse,mse_reduction_percent,delta_psnr,delta_ssim
hevc_BasketballDrive_f0167,HEVC_B,BasketballDrive,0.5,0.0,2026,hqs_round1,6.875777259477207e-05,7.6171601910496e-05,-10.782532702764769,-0.44471289735214015,-0.0037053644208907555
kodim02,Kodak,kodim02,0.5,0.0,2026,hqs_round1,8.326548805736756e-05,8.563449895579347e-05,-2.8451294211999656,-0.12183729034305912,-0.001547089447975214
kodim06,Kodak,kodim06,0.01,0.0,2026,hqs_round1,0.003757352701486351,0.0038631861084361427,-2.8167014214003805,-0.12063666663252093,-0.0009945737263558074
kodim08,Kodak,kodim08,0.5,0.0,2026,hqs_round1,0.000502902310851842,0.0005160103074205327,-2.6064697428985095,-0.11174745620384385,-0.0036174661717415235
kodim02,Kodak,kodim02,0.04,0.0,2026,hqs_round1,0.0007437456808698164,0.0007599609841393743,-2.1802215040219064,-0.09366839801227655,-0.001482014405727372
hevc_Kimono1_f0000,HEVC_B,Kimono1,0.1,0.01,2027,hqs_round1,0.0005496841715078651,0.0005616514043928455,-2.177110694701745,-0.0935361779145154,-0.0013836350741387449
hevc_Johnny_f0000,HEVC_E,Johnny,0.5,0.0,2026,hqs_round1,1.6763125803080916e-05,1.712776875791537e-05,-2.175268259141938,-0.09345786616683682,-0.00018190956020358584
hevc_Kimono1_f0000,HEVC_B,Kimono1,0.1,0.01,2028,hqs_round1,0.0005524153301803093,0.0005628790907953576,-1.8941836048671723,-0.08149394012259137,-0.0011185297408103922
hevc_Kimono1_f0000,HEVC_B,Kimono1,0.1,0.0,2026,hqs_round1,0.0005246589334621253,0.0005345886136585067,-1.8925971832514765,-0.0814263229640062,-0.000886720300197652
hevc_Kimono1_f0000,HEVC_B,Kimono1,0.1,0.01,2026,hqs_round1,0.0005487955601850538,0.0005586914044391147,-1.8031932056309152,-0.07761400494212722,-0.0009892737956047615
kodim10,Kodak,kodim10,0.5,0.0,2026,hqs_round1,3.8901866410194077e-05,3.953234519264059e-05,-1.6206903180390864,-0.06982140783850355,-0.0005585974645614389
kodim20,Kodak,kodim20,0.01,0.0,2026,hqs_round1,0.0028925998308445148,0.002935951201030698,-1.498699188318997,-0.06460476348195598,-0.0009407948542962119
kodim16,Kodak,kodim16,0.1,0.0,2026,hqs_round1,0.000749741980155094,0.0007608469787924913,-1.4811760487388081,-0.06385491546522104,-0.003494373338460921
kodim16,Kodak,kodim16,0.01,0.0,2026,hqs_round1,0.0017360955201115075,0.0017611594267329938,-1.443693986369854,-0.062250552920648516,-0.0033744935133326326
kodim02,Kodak,kodim02,0.25,0.0,2026,hqs_round1,0.00022663600603786634,0.00022963503478067927,-1.323279912686015,-0.05709239793255705,-0.001989291522025982
hevc_BQTerrace_f0200,HEVC_B,BQTerrace,0.25,0.0,2026,hqs_round1,0.00015048827340170224,0.000152423887305032,-1.2862224142627943,-0.0555037392494242,-0.0002575435924530023
hevc_Johnny_f0400,HEVC_E,Johnny,0.25,0.0,2026,hqs_round1,7.141432625795311e-05,7.233190102748575e-05,-1.2848609202281036,-0.05544536079415252,-0.00036075155925752167
kodim16,Kodak,kodim16,0.1,0.01,2028,hqs_round1,0.0007920438435967123,0.0008021104323782211,-1.2709635789599494,-0.05484942249908542,-0.0036750940895080575
kodim13,Kodak,kodim13,0.5,0.0,2026,hqs_round1,0.0011079135694210044,0.0011213846918896723,-1.215900124384972,-0.05248741692217607,-0.003716365059852511
hevc_Kimono1_f0000,HEVC_B,Kimono1,0.01,0.0,2026,hqs_round1,0.002693383482503545,0.002726109200370923,-1.2150411584524345,-0.052450560484892605,-0.0040019061463412164
kodim16,Kodak,kodim16,0.25,0.0,2026,hqs_round1,0.0003641181064435991,0.00036837194207198546,-1.1682570993061248,-0.05044268144890651,-0.0018359703640937752
kodim16,Kodak,kodim16,0.1,0.01,2026,hqs_round1,0.0007927108002649321,0.0008016611502805924,-1.129081376546015,-0.048760622697159306,-0.003903106778621712
kodim16,Kodak,kodim16,0.1,0.01,2027,hqs_round1,0.0007832057870873595,0.0007919276394015234,-1.1136092784246765,-0.048096129277997335,-0.0033335948969125395
hevc_Kimono1_f0160,HEVC_B,Kimono1,0.04,0.0,2026,hqs_round1,0.0006295925427958996,0.0006365560395315137,-1.106032276794533,-0.0477706762237311,-0.0006124498910903275
kodim04,Kodak,kodim04,0.04,0.0,2026,hqs_round1,0.0007981563873026049,0.0008069025846446076,-1.09579995614153,-0.047331131205627486,-0.0011361712281108272
kodim07,Kodak,kodim07,0.1,0.01,2027,hqs_round1,0.0007264596483893891,0.000734198212363766,-1.0652434710632486,-0.04601826570672074,-0.00061590211033824
kodim09,Kodak,kodim09,0.5,0.0,2026,hqs_round1,4.240792714064191e-05,4.2856674887325134e-05,-1.0581694908005979,-0.04571427414538931,-0.00045085827636726084
fresh_div2k_0877,DIV2K_fresh,fresh_div2k_0877,0.04,0.0,2026,hqs_round1,0.0005240925250084644,0.0005293316941333759,-0.99966492077459,-0.043199329578904155,-0.0006734259665012177
hevc_ParkScene_f0160,HEVC_B,ParkScene,0.01,0.0,2026,hqs_round1,0.0028271206435687337,0.0028553078246802413,-0.9970278833211221,-0.04308593655262882,-0.00461950591949456
kodim07,Kodak,kodim07,0.1,0.0,2026,hqs_round1,0.0006457029284668629,0.0006520363852739343,-0.9808623327927979,-0.04239075061927622,-0.0007919831936359367
hevc_KristenAndSara_f0400,HEVC_E,KristenAndSara,0.01,0.0,2026,hqs_round1,0.005256423243157727,0.005307823039631388,-0.9778473706539614,-0.04226108238935922,-0.0002819529293703882
kodim15,Kodak,kodim15,0.04,0.0,2026,hqs_round1,0.000942260444188174,0.000951330666332171,-0.9626024524261645,-0.041605365926237425,-0.0010215009530782915
kodim13,Kodak,kodim13,0.01,0.0,2026,hqs_round1,0.011266602177901259,0.011374958861274147,-0.961751215334683,-0.04156874948400002,-0.0071204805238077595
kodim22,Kodak,kodim22,0.25,0.0,2026,hqs_round1,0.00043706993198444307,0.00044121669849652925,-0.9487649935694398,-0.041010101567380275,-0.0012441686325073142
kodim17,Kodak,kodim17,0.04,0.0,2026,hqs_round1,0.0022069811858066958,0.0022274257126149205,-0.9263570953710554,-0.040045978155056616,-0.0013100596239677964
kodim04,Kodak,kodim04,0.25,0.0,2026,hqs_round1,0.0001775043999610069,0.00017911518063739343,-0.9074595766304316,-0.03923272611731221,-0.0006240335731505509
hevc_KristenAndSara_f0000,HEVC_E,KristenAndSara,0.01,0.0,2026,hqs_round1,0.005276172411803486,0.00532279378892078,-0.8836211836632968,-0.03820662699219568,-0.0016057783418269578
hevc_BasketballDrive_f0167,HEVC_B,BasketballDrive,0.04,0.0,2026,hqs_round1,0.001510445732171734,0.0015236175494024395,-0.8720483596432738,-0.037708399246842106,0.0006496978602371639
kodim02,Kodak,kodim02,0.01,0.0,2026,hqs_round1,0.0014524849541264026,0.00146455249319276,-0.8308202458190195,-0.03593300133541888,-0.00013006363169809632
hevc_Johnny_f0200,HEVC_E,Johnny,0.5,0.0,2026,hqs_round1,1.7717177917413417e-05,1.7851827914888663e-05,-0.7599968691565984,-0.03288145331553949,-2.863783836359879e-05
fresh_div2k_0892,DIV2K_fresh,fresh_div2k_0892,0.01,0.0,2026,hqs_round1,0.01753901198424833,0.01767065604976626,-0.7505785709945423,-0.032475488029120925,-0.009973179943970456
kodim05,Kodak,kodim05,0.5,0.0,2026,hqs_round1,0.0005801311264354886,0.0005844593015557885,-0.7460684185131683,-0.03228106947528886,-0.0009324513263702094
kodim23,Kodak,kodim23,0.04,0.0,2026,hqs_round1,0.0011855869015884196,0.001194362799416351,-0.7402154845143505,-0.03202875483727752,0.0003536122751907067
kodim14,Kodak,kodim14,0.01,0.0,2026,hqs_round1,0.007348235487458417,0.007400329063853862,-0.7089263331905293,-0.03067965940305939,-0.0026763731844961502
fresh_div2k_0849,DIV2K_fresh,fresh_div2k_0849,0.04,0.0,2026,hqs_round1,0.018849859741520678,0.018983410722589286,-0.7084985400418464,-0.03066121132648547,-0.014527004192576465
kodim16,Kodak,kodim16,0.5,0.0,2026,hqs_round1,0.00010811870654039609,0.00010885417616811888,-0.6802427177095449,-0.029442538651494488,-0.0005240580787658766
fresh_div2k_0830,DIV2K_fresh,fresh_div2k_0830,0.1,0.0,2026,hqs_round1,0.0027038562695012444,0.002721287489079292,-0.6446799622697119,-0.027908231979093756,-0.006046060899138506
fresh_div2k_0858,DIV2K_fresh,fresh_div2k_0858,0.04,0.0,2026,hqs_round1,0.0032532503356889463,0.0032741221113933077,-0.6415668500942884,-0.027773895186509634,-0.008417223938575247
kodim22,Kodak,kodim22,0.5,0.0,2026,hqs_round1,0.00015021027952808337,0.00015115563105599862,-0.6293520862122648,-0.027246764432966586,-0.0005472316455841231
kodim06,Kodak,kodim06,0.25,0.0,2026,hqs_round1,0.0007761619591185991,0.0007807756920378647,-0.5944291478166219,-0.025739304480040914,-0.0023634701380730316
kodim06,Kodak,kodim06,0.04,0.0,2026,hqs_round1,0.002377038031465019,0.0023910588775645047,-0.589845257580679,-0.02554140051947229,-0.0034046455204281845
fresh_div2k_0817,DIV2K_fresh,fresh_div2k_0817,0.04,0.0,2026,hqs_round1,0.003988238083797743,0.004011680322676903,-0.5877843395155846,-0.025452419916096147,-0.0025269917177559442
kodim15,Kodak,kodim15,0.25,0.0,2026,hqs_round1,0.000289404401086945,0.0002910266464960589,-0.560546212504387,-0.02427623632081577,-0.0010676388006209958
hevc_Cactus_f0166,HEVC_B,Cactus,0.04,0.0,2026,hqs_round1,0.0024445416384186185,0.002457833836203372,-0.5437501074169626,-0.02355079624744505,-0.0011927747611366613
kodim07,Kodak,kodim07,0.1,0.01,2028,hqs_round1,0.0007282224575124784,0.0007321621103591401,-0.5409957913299124,-0.023431823097812554,-0.00030063038372996065
fresh_div2k_0864,DIV2K_fresh,fresh_div2k_0864,0.04,0.0,2026,hqs_round1,0.003162345224027428,0.003179188482878694,-0.5326192321853718,-0.023069976177669815,-0.007389036147934069
fresh_div2k_0864,DIV2K_fresh,fresh_div2k_0864,0.1,0.01,2028,hqs_round1,0.0018232692447939887,0.001832962150413147,-0.5316222849057972,-0.023026908479604202,-0.006069788222536454
kodim09,Kodak,kodim09,0.25,0.0,2026,hqs_round1,0.00014863718324026638,0.00014939509026124824,-0.509904052579313,-0.02208858407821168,-8.387011623378626e-05
fresh_div2k_0864,DIV2K_fresh,fresh_div2k_0864,0.1,0.0,2026,hqs_round1,0.0018007080155469722,0.0018096274926987406,-0.49533167369497644,-0.021458878714977203,-0.005918914937552033
fresh_div2k_0849,DIV2K_fresh,fresh_div2k_0849,0.1,0.0,2026,hqs_round1,0.010840208974806304,0.010893554995861811,-0.49211247845395434,-0.02131975771312966,-0.008645031099300815
kodim21,Kodak,kodim21,0.01,0.0,2026,hqs_round1,0.00524418232734974,0.005269918619671943,-0.49075891560790286,-0.02126126070083245,-0.002868028865713468
kodim15,Kodak,kodim15,0.5,0.0,2026,hqs_round1,0.00010247461514889305,0.00010294258251900316,-0.45666662854031426,-0.019787632237978414,-0.0007860166168213167
fresh_div2k_0849,DIV2K_fresh,fresh_div2k_0849,0.1,0.01,2027,hqs_round1,0.010880760412949015,0.01093031973785112,-0.45547666726606373,-0.01973618750132644,-0.008412156887319
kodim21,Kodak,kodim21,0.25,0.0,2026,hqs_round1,0.000602472761234566,0.0006051911307569666,-0.4512020621198154,-0.01955138155665992,-0.0008438389296532289
kodim12,Kodak,kodim12,0.25,0.0,2026,hqs_round1,0.0001928576568334936,0.00019371043986412485,-0.4421826152163133,-0.01916141390999826,-0.0012537101449966448
fresh_div2k_0849,DIV2K_fresh,fresh_div2k_0849,0.1,0.01,2026,hqs_round1,0.010881520107551083,0.01092859358569803,-0.4326002036634691,-0.018747067379738525,-0.00858752983228861
kodim07,Kodak,kodim07,0.1,0.01,2026,hqs_round1,0.0007445228576960098,0.000747613032693171,-0.4150544157534686,-0.01798827944131176,-0.00014756215167044395
hevc_Kimono1_f0000,HEVC_B,Kimono1,0.25,0.0,2026,hqs_round1,0.00014164544669079774,0.00014223042725469156,-0.412989317736967,-0.017898963162913617,-6.627323246000127e-05
fresh_div2k_0858,DIV2K_fresh,fresh_div2k_0858,0.01,0.0,2026,hqs_round1,0.005734492860307456,0.005757943870656706,-0.408946543670341,-0.017724106321558963,-0.002973182312104472
hevc_Kimono1_f0080,HEVC_B,Kimono1,0.1,0.01,2028,hqs_round1,0.00046616715712288846,0.0004680698008559146,-0.4081462419551318,-0.017689491079011077,-0.00032453415536870533
fresh_div2k_0855,DIV2K_fresh,fresh_div2k_0855,0.01,0.0,2026,hqs_round1,0.004455204202865674,0.004472528513878217,-0.388855599512139,-0.016855034437295302,-0.0009786168041353571
fresh_div2k_0899,DIV2K_fresh,fresh_div2k_0899,0.01,0.0,2026,hqs_round1,0.01624832559855384,0.016309756991472604,-0.3780782982600428,-0.01638877015988527,-0.0017994373695682797
fresh_div2k_0849,DIV2K_fresh,fresh_div2k_0849,0.1,0.01,2028,hqs_round1,0.010899559486737166,0.010940054364802342,-0.37152765774113305,-0.01610534175485867,-0.008276875563129837
hevc_ParkScene_f0160,HEVC_B,ParkScene,0.04,0.0,2026,hqs_round1,0.001512444883296032,0.0015179026204519953,-0.3608552758675998,-0.015643537187695955,-0.001360005745561832
kodim08,Kodak,kodim08,0.01,0.0,2026,hqs_round1,0.02057870234485853,0.020649713904613058,-0.3450730690619519,-0.014960535405077025,-0.00012881384111129712
fresh_div2k_0817,DIV2K_fresh,fresh_div2k_0817,0.01,0.0,2026,hqs_round1,0.007343121503286214,0.007368004557514653,-0.3388620795298447,-0.014691714836075676,-0.0043144141502707845
kodim10,Kodak,kodim10,0.01,0.0,2026,hqs_round1,0.0033152065989816367,0.0033238377735691268,-0.26035103182231456,-0.01129220832755351,0.0021589995553239483
kodim04,Kodak,kodim04,0.01,0.0,2026,hqs_round1,0.002249915546901346,0.0022555054882571627,-0.24845116357878894,-0.010776715036186602,-2.3622305145964972e-05
fresh_div2k_0861,DIV2K_fresh,fresh_div2k_0861,0.04,0.0,2026,hqs_round1,0.00836463130654615,0.008384911259964333,-0.24244886205937455,-0.010516676657481128,-0.012152089525868659
hevc_BQTerrace_f0000,HEVC_B,BQTerrace,0.25,0.0,2026,hqs_round1,0.0008854349459274534,0.0008875428703680222,-0.2380665513897151,-0.010326811488969412,-0.0008022547901868071
kodim10,Kodak,kodim10,0.25,0.0,2026,hqs_round1,0.00014735896513397244,0.00014769596833610156,-0.22869541858057119,-0.00992077597154406,-0.0004770752353667751
fresh_div2k_0842,DIV2K_fresh,fresh_div2k_0842,0.04,0.0,2026,hqs_round1,0.0022995946039903064,0.002304728280050946,-0.22324265554161116,-0.009684499393493695,-0.0010998336263299269
kodim15,Kodak,kodim15,0.1,0.01,2026,hqs_round1,0.0006128371605108105,0.0006141921027500483,-0.22109335506164118,-0.0095913633780782,-0.002305145549058918
kodim08,Kodak,kodim08,0.25,0.0,2026,hqs_round1,0.001833382405268591,0.0018370581555591811,-0.20049010397542588,-0.00869845772060529,-0.003477602997541407
fresh_div2k_0864,DIV2K_fresh,fresh_div2k_0864,0.1,0.01,2027,hqs_round1,0.0018243928542065458,0.0018280445536115971,-0.20015970774229785,-0.008684137481523635,-0.005462964955206928
kodim04,Kodak,kodim04,0.5,0.0,2026,hqs_round1,6.638330533620978e-05,6.650474160557479e-05,-0.18293194162293247,-0.007937375494968535,-0.0003645198078155998
fresh_div2k_0864,DIV2K_fresh,fresh_div2k_0864,0.5,0.0,2026,hqs_round1,0.0002839976272923903,0.0002844824435685481,-0.17071138261963714,-0.00740758015314924,-0.00038424048042295933
kodim01,Kodak,kodim01,0.01,0.0,2026,hqs_round1,0.007260659963113608,0.007272289618131329,-0.16017352522776918,-0.006950682723413593,-0.005178374978226263
kodim06,Kodak,kodim06,0.5,0.0,2026,hqs_round1,0.0002295091998504251,0.00022986970956455818,-0.15707854603128624,-0.006816482361450937,-0.0010056470012664853
kodim11,Kodak,kodim11,0.5,0.0,2026,hqs_round1,0.00021122155129509916,0.00021155180594554357,-0.1563546183708464,-0.006785091776876584,-0.0009249878673552869
fresh_div2k_0874,DIV2K_fresh,fresh_div2k_0874,0.1,0.0,2026,hqs_round1,0.0010995476297496723,0.0011012654937499456,-0.15623370500688072,-0.006779848770715802,-0.0005734518733024885
kodim07,Kodak,kodim07,0.5,0.0,2026,hqs_round1,3.45343517837694e-05,3.4587955698050265e-05,-0.15521911231026753,-0.006735854081114212,5.5714473723433855e-06
kodim21,Kodak,kodim21,0.1,0.0,2026,hqs_round1,0.0015829367812093657,0.0015853394785722483,-0.15178732286749153,-0.006587041790943715,-0.0017873580069541761
fresh_div2k_0830,DIV2K_fresh,fresh_div2k_0830,0.1,0.01,2026,hqs_round1,0.0028037677467316236,0.0028077608648559202,-0.1424197182149367,-0.006180809471768356,-0.005457289533555509
fresh_div2k_0832,DIV2K_fresh,fresh_div2k_0832,0.1,0.01,2027,hqs_round1,0.002700928418786254,0.002704529375364934,-0.13332291791345874,-0.005786284391035679,-0.0013928605155945073
kodim13,Kodak,kodim13,0.25,0.0,2026,hqs_round1,0.0027075831213454076,0.0027111403364279175,-0.1313797184827381,-0.005702003858427673,-0.005824221609592506
fresh_div2k_0823,DIV2K_fresh,fresh_div2k_0823,0.01,0.0,2026,hqs_round1,0.009188701933593384,0.009200692986254823,-0.13049778682667768,-0.005663752139586364,0.00023008419150816195
fresh_div2k_0855,DIV2K_fresh,fresh_div2k_0855,0.1,0.01,2027,hqs_round1,0.0014236624196809033,0.001425213647411594,-0.10896036231948791,-0.004729512230987609,0.0004110227696300095
fresh_div2k_0870,DIV2K_fresh,fresh_div2k_0870,0.5,0.0,2026,hqs_round1,0.000804345148823817,0.00080504501680906,-0.08701090399643174,-0.003777192500638904,-0.00033721916294093823
kodim18,Kodak,kodim18,0.5,0.0,2026,hqs_round1,0.0003449609906160817,0.0003451988537049031,-0.06895361947929501,-0.0029935856704454977,-0.00023540914058695073
kodim05,Kodak,kodim05,0.25,0.0,2026,hqs_round1,0.0018682187094029852,0.0018687587374596225,-0.028906040492970853,-0.0012551919835637193,-0.0023433939855098673
fresh_div2k_0864,DIV2K_fresh,fresh_div2k_0864,0.1,0.01,2026,hqs_round1,0.0018194366867224526,0.0018198873572489857,-0.02476978340724134,-0.0010756048181761457,-0.005270553778354059
fresh_div2k_0892,DIV2K_fresh,fresh_div2k_0892,0.04,0.0,2026,hqs_round1,0.011455432974936997,0.011458151182785472,-0.023728547444878956,-0.0010303954777839408,-0.006733663493755759
fresh_div2k_0855,DIV2K_fresh,fresh_div2k_0855,0.04,0.0,2026,hqs_round1,0.002196680981279484,0.002197164732344548,-0.022021908014258074,-0.000956294019928805,-0.00015812811962701012
fresh_div2k_0870,DIV2K_fresh,fresh_div2k_0870,0.1,0.0,2026,hqs_round1,0.004736069855874364,0.004736955409761705,-0.018698074865630687,-0.0008119711645129257,-0.005847000443049755
fresh_div2k_0870,DIV2K_fresh,fresh_div2k_0870,0.1,0.01,2026,hqs_round1,0.00475805825365005,0.0047585049860703445,-0.009388964919709863,-0.00040773842463437404,-0.005983231828052493
fresh_div2k_0870,DIV2K_fresh,fresh_div2k_0870,0.1,0.01,2027,hqs_round1,0.004758051710003761,0.004758218381423117,-0.003502934173793548,-0.00015212783376128414,-0.006078293561066039
kodim14,Kodak,kodim14,0.5,0.0,2026,hqs_round1,0.00036213229869283873,0.0003621410214446874,-0.002408719653046454,-0.0001046081055235959,-0.0007361376972199185
