dataset,cr,sigma,method,units,images,psnr,ssim,seconds
HEVC_B,0.1,0.0,hqs,5,15,31.217776591310002,0.8807515965167285,0.357260328065604
HEVC_B,0.1,0.0,hqs_finetuned,5,15,31.363824876041424,0.8825399588651199,0.36007101980503653
HEVC_B,0.1,0.0,hqs_last,5,15,31.363824876041424,0.8825399588651199,0.3554119618531938
HEVC_B,0.1,0.01,hqs,5,15,30.88947743174314,0.8726034476327514,0.3648821379239154
HEVC_B,0.1,0.01,hqs_finetuned,5,15,30.983901199351095,0.8741932929877374,0.36284455328972803
HEVC_B,0.1,0.01,hqs_last,5,15,30.983901199351095,0.8741932929877374,0.36703750139568003
HEVC_B,0.1,0.05,hqs,5,15,27.992763189351685,0.746904679513501,0.36123702759957976
HEVC_B,0.1,0.05,hqs_finetuned,5,15,27.96214211543226,0.7495136402002517,0.36258749929256734
HEVC_B,0.1,0.05,hqs_last,5,15,27.96214211543226,0.7495136402002517,0.3629007720880003
HEVC_B,0.25,0.0,hqs,5,15,36.093513104409595,0.9531784260771433,0.35517744957469405
HEVC_B,0.25,0.0,hqs_finetuned,5,15,36.27808510595347,0.9543047490225554,0.3624599591984103
HEVC_B,0.25,0.0,hqs_last,5,15,36.27808510595347,0.9543047490225554,0.3610939151374623
HEVC_E,0.1,0.0,hqs,3,9,33.55381548900629,0.9499985868300067,0.37712480013983113
HEVC_E,0.1,0.0,hqs_finetuned,3,9,33.92533010582791,0.952680871428834,0.3654649797956356
HEVC_E,0.1,0.0,hqs_last,3,9,33.92533010582791,0.952680871428834,0.36424308455187
HEVC_E,0.1,0.01,hqs,3,9,32.5738106773457,0.9372343859436909,0.3753136153229409
HEVC_E,0.1,0.01,hqs_finetuned,3,9,32.869779237673875,0.9407964787280384,0.3719731576016379
HEVC_E,0.1,0.01,hqs_last,3,9,32.869779237673875,0.9407964787280384,0.3767421039476715
HEVC_E,0.1,0.05,hqs,3,9,28.02644574156278,0.7621280919359426,0.3747481849579209
HEVC_E,0.1,0.05,hqs_finetuned,3,9,27.98511879620281,0.7665469834735862,0.3764409911560102
HEVC_E,0.1,0.05,hqs_last,3,9,27.98511879620281,0.7665469834735862,0.37793439488720004
HEVC_E,0.25,0.0,hqs,3,9,40.30158279389181,0.9832957833564017,0.37099752632073235
HEVC_E,0.25,0.0,hqs_finetuned,3,9,40.6120107179232,0.9839776618645986,0.3877835929031587
HEVC_E,0.25,0.0,hqs_last,3,9,40.6120107179232,0.9839776618645986,0.36844553401331526
Kodak,0.1,0.0,hqs,24,24,29.376785314034574,0.8332151929550711,0.3391434262205924
Kodak,0.1,0.0,hqs_finetuned,24,24,29.511856250746305,0.8359819161318693,0.3392591389080432
Kodak,0.1,0.0,hqs_last,24,24,29.511856250746305,0.8359819161318693,0.33967323463002685
Kodak,0.1,0.01,hqs,24,24,28.994972948748455,0.8233758992422789,0.34092099702037454
Kodak,0.1,0.01,hqs_finetuned,24,24,29.084369502286155,0.8261791968220923,0.34259561703462776
Kodak,0.1,0.01,hqs_last,24,24,29.084369502286155,0.8261791968220923,0.34238163235325675
Kodak,0.1,0.05,hqs,24,24,26.254734620254904,0.6827743077360777,0.34149764797216947
Kodak,0.1,0.05,hqs_finetuned,24,24,26.257669884582324,0.6856103288417499,0.34300812154833693
Kodak,0.1,0.05,hqs_last,24,24,26.257669884582324,0.6856103288417499,0.3410558549140761
Kodak,0.25,0.0,hqs,24,24,33.47371887369527,0.9203249799852862,0.34786775874575443
Kodak,0.25,0.0,hqs_finetuned,24,24,33.619514990990474,0.9220200216185835,0.3438582187469971
Kodak,0.25,0.0,hqs_last,24,24,33.619514990990474,0.9220200216185835,0.33901291667037486
