dataset,sequence,cr,sigma,method,units,images,psnr,ssim,seconds
HEVC_B,BQTerrace,0.1,0.0,hqs,1,3,29.529777945613475,0.8856610157237451,0.3601091483530278
HEVC_B,BQTerrace,0.1,0.0,hqs_finetuned,1,3,29.688572905616002,0.8885911954865952,0.3682206296750034
HEVC_B,BQTerrace,0.1,0.0,hqs_last,1,3,29.688572905616002,0.8885911954865952,0.34973879061484087
HEVC_B,BQTerrace,0.1,0.01,hqs,1,3,28.91523828803214,0.8708362465495263,0.3734681695415121
HEVC_B,BQTerrace,0.1,0.01,hqs_finetuned,1,3,28.997519490562155,0.8735709301377121,0.36572631634771824
HEVC_B,BQTerrace,0.1,0.01,hqs_last,1,3,28.997519490562155,0.8735709301377121,0.37744486741980326
HEVC_B,BQTerrace,0.1,0.05,hqs,1,3,25.25157441613706,0.6785959465281555,0.3565959516628128
HEVC_B,BQTerrace,0.1,0.05,hqs_finetuned,1,3,25.19562563796494,0.6834158256605706,0.3604757126757047
HEVC_B,BQTerrace,0.1,0.05,hqs_last,1,3,25.19562563796494,0.6834158256605706,0.36361466919899815
HEVC_B,BQTerrace,0.25,0.0,hqs,1,3,34.38597374420721,0.9537875349818865,0.35629673829923075
HEVC_B,BQTerrace,0.25,0.0,hqs_finetuned,1,3,34.51142151244255,0.9547159204705954,0.36043749198627967
HEVC_B,BQTerrace,0.25,0.0,hqs_last,1,3,34.51142151244255,0.9547159204705954,0.3588804056247075
HEVC_B,BasketballDrive,0.1,0.0,hqs,1,3,32.7894468789659,0.9035982678244908,0.36062693397980183
HEVC_B,BasketballDrive,0.1,0.0,hqs_finetuned,1,3,32.961628164599865,0.904568119693478,0.36080037030236173
HEVC_B,BasketballDrive,0.1,0.0,hqs_last,1,3,32.961628164599865,0.904568119693478,0.36073331399044645
HEVC_B,BasketballDrive,0.1,0.01,hqs,1,3,32.29025285315134,0.891779375714933,0.3580293868823598
HEVC_B,BasketballDrive,0.1,0.01,hqs_finetuned,1,3,32.40145736920335,0.8929340454361651,0.36175449288243217
HEVC_B,BasketballDrive,0.1,0.01,hqs_last,1,3,32.40145736920335,0.8929340454361651,0.3600656918974386
HEVC_B,BasketballDrive,0.1,0.05,hqs,1,3,28.11372281268895,0.7174990968170679,0.36122684899924534
HEVC_B,BasketballDrive,0.1,0.05,hqs_finetuned,1,3,28.08822164640492,0.7195715765855194,0.3596019361090536
HEVC_B,BasketballDrive,0.1,0.05,hqs_last,1,3,28.08822164640492,0.7195715765855194,0.3665332486723653
HEVC_B,BasketballDrive,0.25,0.0,hqs,1,3,37.85795598256423,0.9588355414617856,0.3521681569594269
HEVC_B,BasketballDrive,0.25,0.0,hqs_finetuned,1,3,38.2655165425291,0.9609399394645691,0.360747985347795
HEVC_B,BasketballDrive,0.25,0.0,hqs_last,1,3,38.2655165425291,0.9609399394645691,0.36271924870864797
HEVC_B,Cactus,0.1,0.0,hqs,1,3,29.103218886727188,0.8582369196055731,0.36057782600012916
HEVC_B,Cactus,0.1,0.0,hqs_finetuned,1,3,29.230369657599685,0.8601088742485047,0.36170502499832463
HEVC_B,Cactus,0.1,0.0,hqs_last,1,3,29.230369657599685,0.8601088742485047,0.35484867997001857
HEVC_B,Cactus,0.1,0.01,hqs,1,3,28.967276804770943,0.8537520020641751,0.36129838686125976
HEVC_B,Cactus,0.1,0.01,hqs_finetuned,1,3,29.055082585562545,0.8552336673426894,0.3578820191194407
HEVC_B,Cactus,0.1,0.01,hqs_last,1,3,29.055082585562545,0.8552336673426894,0.35888060244421166
HEVC_B,Cactus,0.1,0.05,hqs,1,3,26.95931697846768,0.7685893939519434,0.35910607244457227
HEVC_B,Cactus,0.1,0.05,hqs_finetuned,1,3,26.945656129001875,0.7707852694445148,0.3680452342248625
HEVC_B,Cactus,0.1,0.05,hqs_last,1,3,26.945656129001875,0.7707852694445148,0.36605102554636276
HEVC_B,Cactus,0.25,0.0,hqs,1,3,33.985562252243334,0.9486616696837743,0.3627658609766513
HEVC_B,Cactus,0.25,0.0,hqs_finetuned,1,3,34.17656179406579,0.9500932196572621,0.371136411675252
HEVC_B,Cactus,0.25,0.0,hqs_last,1,3,34.17656179406579,0.9500932196572621,0.36945298096785945
HEVC_B,Kimono1,0.1,0.0,hqs,1,3,33.73447437311963,0.9146171371777853,0.35245787833506864
HEVC_B,Kimono1,0.1,0.0,hqs_finetuned,1,3,33.90916644975352,0.9159552378649711,0.35855834271448356
HEVC_B,Kimono1,0.1,0.0,hqs_last,1,3,33.90916644975352,0.9159552378649711,0.35892293268504244
HEVC_B,Kimono1,0.1,0.01,hqs,1,3,33.446271901456065,0.9090083015783628,0.3749232825486817
HEVC_B,Kimono1,0.1,0.01,hqs_finetuned,1,3,33.57439966977753,0.9101858058652348,0.37086443643137396
HEVC_B,Kimono1,0.1,0.01,hqs_last,1,3,33.57439966977753,0.9101858058652348,0.3740571619968655
HEVC_B,Kimono1,0.1,0.05,hqs,1,3,30.522716582452052,0.8130957134519021,0.3657681900076568
HEVC_B,Kimono1,0.1,0.05,hqs_finetuned,1,3,30.486953252150816,0.8152986782019934,0.3642845504477413
HEVC_B,Kimono1,0.1,0.05,hqs_last,1,3,30.486953252150816,0.8152986782019934,0.35510491077891654
HEVC_B,Kimono1,0.25,0.0,hqs,1,3,39.45364918199585,0.9745121768248876,0.3558849203400314
HEVC_B,Kimono1,0.25,0.0,hqs_finetuned,1,3,39.57906586619779,0.9749983379160563,0.3611394723023598
HEVC_B,Kimono1,0.25,0.0,hqs_last,1,3,39.57906586619779,0.9749983379160563,0.3617673233772318
HEVC_B,ParkScene,0.1,0.0,hqs,1,3,30.931964872123814,0.8416446422520479,0.3525298536599924
HEVC_B,ParkScene,0.1,0.0,hqs_finetuned,1,3,31.02938720263805,0.843476367032051,0.35107073133500916
HEVC_B,ParkScene,0.1,0.0,hqs_last,1,3,31.02938720263805,0.843476367032051,0.3528160920056204
HEVC_B,ParkScene,0.1,0.01,hqs,1,3,30.828347311305222,0.8376413122567601,0.3566914637857634
HEVC_B,ParkScene,0.1,0.01,hqs_finetuned,1,3,30.89104688164989,0.8390420161568853,0.357995501667675
HEVC_B,ParkScene,0.1,0.01,hqs_last,1,3,30.89104688164989,0.8390420161568853,0.36473918322008103
HEVC_B,ParkScene,0.1,0.05,hqs,1,3,29.11648515701269,0.7567432468184365,0.3634880748836116
HEVC_B,ParkScene,0.1,0.05,hqs_finetuned,1,3,29.094253911638756,0.7584968511086599,0.3605300630054747
HEVC_B,ParkScene,0.1,0.05,hqs_last,1,3,29.094253911638756,0.7584968511086599,0.3632000062433589
HEVC_B,ParkScene,0.25,0.0,hqs,1,3,34.784424361037374,0.9300952074333827,0.34877157129812986
HEVC_B,ParkScene,0.25,0.0,hqs_finetuned,1,3,34.85785981453214,0.9307763276042939,0.358838434680365
HEVC_B,ParkScene,0.25,0.0,hqs_last,1,3,34.85785981453214,0.9307763276042939,0.3526496170088649
HEVC_E,FourPeople,0.1,0.0,hqs,1,3,33.22734974287129,0.9510491801212629,0.3725849100155756
HEVC_E,FourPeople,0.1,0.0,hqs_finetuned,1,3,33.48000236364042,0.9530577603721619,0.3610094556740175
HEVC_E,FourPeople,0.1,0.0,hqs_last,1,3,33.48000236364042,0.9530577603721619,0.3604332823306322
HEVC_E,FourPeople,0.1,0.01,hqs,1,3,32.46695410791785,0.939836020164675,0.3640675878850743
HEVC_E,FourPeople,0.1,0.01,hqs_finetuned,1,3,32.601578566316384,0.9421879684682158,0.37042706925421953
HEVC_E,FourPeople,0.1,0.01,hqs_last,1,3,32.601578566316384,0.9421879684682158,0.37684016542819637
HEVC_E,FourPeople,0.1,0.05,hqs,1,3,28.449539037653597,0.7834018431727491,0.36629119712031555
HEVC_E,FourPeople,0.1,0.05,hqs_finetuned,1,3,28.42146682197181,0.7876699281600672,0.3698326411217245
HEVC_E,FourPeople,0.1,0.05,hqs_last,1,3,28.42146682197181,0.7876699281600672,0.3709484612336382
HEVC_E,FourPeople,0.25,0.0,hqs,1,3,40.027206415214444,0.9872110993197759,0.3615124213198821
HEVC_E,FourPeople,0.25,0.0,hqs_finetuned,1,3,40.31348187624271,0.9878660014371872,0.4053734813351184
HEVC_E,FourPeople,0.25,0.0,hqs_last,1,3,40.31348187624271,0.9878660014371872,0.3696662533717851
HEVC_E,Johnny,0.1,0.0,hqs,1,3,36.439006075142686,0.9540668817755381,0.37383056404845166
HEVC_E,Johnny,0.1,0.0,hqs_finetuned,1,3,36.75234216012342,0.9552284516181945,0.3699473310261965
HEVC_E,Johnny,0.1,0.0,hqs_last,1,3,36.75234216012342,0.9552284516181945,0.3649264199969669
HEVC_E,Johnny,0.1,0.01,hqs,1,3,34.99422145915435,0.9412730969057083,0.3856727570916216
HEVC_E,Johnny,0.1,0.01,hqs_finetuned,1,3,35.26238203787008,0.9434621405934758,0.37186844566733473
HEVC_E,Johnny,0.1,0.01,hqs_last,1,3,35.26238203787008,0.9434621405934758,0.37154215332379353
HEVC_E,Johnny,0.1,0.05,hqs,1,3,29.12846801101129,0.7607165165456351,0.37820275077441085
HEVC_E,Johnny,0.1,0.05,hqs_finetuned,1,3,29.040625540987282,0.7636030452660613,0.37514483976540053
HEVC_E,Johnny,0.1,0.05,hqs_last,1,3,29.040625540987282,0.7636030452660613,0.3784566475337164
HEVC_E,Johnny,0.25,0.0,hqs,1,3,41.75504036896663,0.9763726282933552,0.3728259389754385
HEVC_E,Johnny,0.25,0.0,hqs_finetuned,1,3,41.784941206750794,0.9764148576377233,0.3831583206774667
HEVC_E,Johnny,0.25,0.0,hqs_last,1,3,41.784941206750794,0.9764148576377233,0.3709822506643832
HEVC_E,KristenAndSara,0.1,0.0,hqs,1,3,30.995090649004883,0.9448796985932191,0.38495892635546625
HEVC_E,KristenAndSara,0.1,0.0,hqs_finetuned,1,3,31.54364579371989,0.9497564022961457,0.3654381526866928
HEVC_E,KristenAndSara,0.1,0.0,hqs_last,1,3,31.54364579371989,0.9497564022961457,0.36736955132801086
HEVC_E,KristenAndSara,0.1,0.01,hqs,1,3,30.2602564649649,0.9305940407606893,0.37620050099212676
HEVC_E,KristenAndSara,0.1,0.01,hqs_finetuned,1,3,30.74537710883516,0.9367393271224235,0.3736239578833596
HEVC_E,KristenAndSara,0.1,0.01,hqs_last,1,3,30.74537710883516,0.9367393271224235,0.38184399309102446
HEVC_E,KristenAndSara,0.1,0.05,hqs,1,3,26.50133017602346,0.7422659160894435,0.37975060697903645
HEVC_E,KristenAndSara,0.1,0.05,hqs_finetuned,1,3,26.493264025649328,0.7483679769946301,0.38434549258090556
HEVC_E,KristenAndSara,0.1,0.05,hqs_last,1,3,26.493264025649328,0.7483679769946301,0.3843980758942456
HEVC_E,KristenAndSara,0.25,0.0,hqs,1,3,39.12250159749437,0.9863036224560737,0.3786542186668764
HEVC_E,KristenAndSara,0.25,0.0,hqs_finetuned,1,3,39.737609070776095,0.9876521265188853,0.37481897669689107
HEVC_E,KristenAndSara,0.25,0.0,hqs_last,1,3,39.737609070776095,0.9876521265188853,0.3646880980037774
Kodak,kodim01,0.1,0.0,hqs,1,1,24.92010058318052,0.6745541009800806,0.33195083297323436
Kodak,kodim01,0.1,0.0,hqs_finetuned,1,1,25.216023899726384,0.6891392988304533,0.3320933299837634
Kodak,kodim01,0.1,0.0,hqs_last,1,1,25.216023899726384,0.6891392988304533,0.33038753899745643
Kodak,kodim01,0.1,0.01,hqs,1,1,24.856811019524134,0.6705879154034567,0.335579860334595
Kodak,kodim01,0.1,0.01,hqs_finetuned,1,1,25.145256116616974,0.6854129783963184,0.33177748799789697
Kodak,kodim01,0.1,0.01,hqs_last,1,1,25.145256116616974,0.6854129783963184,0.33018182307326543
Kodak,kodim01,0.1,0.05,hqs,1,1,23.791061586191145,0.5935850490198222,0.3323128496219094
Kodak,kodim01,0.1,0.05,hqs_finetuned,1,1,23.904603455825765,0.6014410521603352,0.3328332153226559
Kodak,kodim01,0.1,0.05,hqs_last,1,1,23.904603455825765,0.6014410521603352,0.3322175993428876
Kodak,kodim01,0.25,0.0,hqs,1,1,28.337345294926774,0.8444972710380554,0.3301010719733313
Kodak,kodim01,0.25,0.0,hqs_finetuned,1,1,28.483979211824114,0.849692727437973,0.331319572054781
Kodak,kodim01,0.25,0.0,hqs_last,1,1,28.483979211824114,0.849692727437973,0.3310268959030509
Kodak,kodim02,0.1,0.0,hqs,1,1,33.18084626284823,0.8531527228868008,0.33092472900170833
Kodak,kodim02,0.1,0.0,hqs_finetuned,1,1,33.2464779785832,0.8547232788020372,0.3343651039758697
Kodak,kodim02,0.1,0.0,hqs_last,1,1,33.2464779785832,0.8547232788020372,0.332833549939096
Kodak,kodim02,0.1,0.01,hqs,1,1,32.93099740422749,0.8455901063294013,0.33888063932924223
Kodak,kodim02,0.1,0.01,hqs_finetuned,1,1,32.96714663057672,0.8469285393360853,0.33585563534870744
Kodak,kodim02,0.1,0.01,hqs_last,1,1,32.96714663057672,0.8469285393360853,0.33813945467894274
Kodak,kodim02,0.1,0.05,hqs,1,1,30.488364447910143,0.7292290617746513,0.3381400103292738
Kodak,kodim02,0.1,0.05,hqs_finetuned,1,1,30.487737111905105,0.7312441150469383,0.3365039492879684
Kodak,kodim02,0.1,0.05,hqs_last,1,1,30.487737111905105,0.7312441150469383,0.33393251364274573
Kodak,kodim02,0.25,0.0,hqs,1,1,36.26408046864129,0.9185647877278328,0.3672014439944178
Kodak,kodim02,0.25,0.0,hqs_finetuned,1,1,36.446710919071364,0.9214577102966308,0.33693109394516796
Kodak,kodim02,0.25,0.0,hqs_last,1,1,36.446710919071364,0.9214577102966308,0.33676013501826674
Kodak,kodim03,0.1,0.0,hqs,1,1,35.98648949975009,0.9379115232844353,0.3383267030585557
Kodak,kodim03,0.1,0.0,hqs_finetuned,1,1,36.2081074106571,0.9393006405386924,0.3371302339946851
Kodak,kodim03,0.1,0.0,hqs_last,1,1,36.2081074106571,0.9393006405386924,0.3342645540833473
Kodak,kodim03,0.1,0.01,hqs,1,1,35.13173581447297,0.9253510349098842,0.33743169034520787
Kodak,kodim03,0.1,0.01,hqs_finetuned,1,1,35.31067833734306,0.9272922581688562,0.336974901962094
Kodak,kodim03,0.1,0.01,hqs_last,1,1,35.31067833734306,0.9272922581688562,0.33613643535257626
Kodak,kodim03,0.1,0.05,hqs,1,1,30.662750062786404,0.7548034507497151,0.3346545303550859
Kodak,kodim03,0.1,0.05,hqs_finetuned,1,1,30.698281014500523,0.7592359993373154,0.3361103596398607
Kodak,kodim03,0.1,0.05,hqs_last,1,1,30.698281014500523,0.7592359993373154,0.33714789637209225
Kodak,kodim03,0.25,0.0,hqs,1,1,40.534907127794725,0.9710301630029678,0.3324018770363182
Kodak,kodim03,0.25,0.0,hqs_finetuned,1,1,40.75280373323517,0.9724223430614471,0.33514766301959753
Kodak,kodim03,0.25,0.0,hqs_last,1,1,40.75280373323517,0.9724223430614471,0.337551502045244
Kodak,kodim04,0.1,0.0,hqs,1,1,33.88674689623532,0.888631023633957,0.33632295101415366
Kodak,kodim04,0.1,0.0,hqs_finetuned,1,1,33.94855123380304,0.8891330282063484,0.33381540002301335
Kodak,kodim04,0.1,0.0,hqs_last,1,1,33.94855123380304,0.8891330282063484,0.3322954890318215
Kodak,kodim04,0.1,0.01,hqs,1,1,33.52198045409597,0.8807877803359032,0.33484013863683987
Kodak,kodim04,0.1,0.01,hqs_finetuned,1,1,33.54055207644996,0.8811373604850768,0.33402606336555135
Kodak,kodim04,0.1,0.01,hqs_last,1,1,33.54055207644996,0.8811373604850768,0.3345633763819933
Kodak,kodim04,0.1,0.05,hqs,1,1,30.053302289504728,0.7603896089455883,0.3330218910317247
Kodak,kodim04,0.1,0.05,hqs_finetuned,1,1,30.029507097783284,0.7618705864860017,0.33372084866277874
Kodak,kodim04,0.1,0.05,hqs_last,1,1,30.029507097783284,0.7618705864860017,0.331353642938969
Kodak,kodim04,0.25,0.0,hqs,1,1,37.44694241522331,0.9424057269697189,0.33950246102176607
Kodak,kodim04,0.25,0.0,hqs_finetuned,1,1,37.50790877228029,0.9429309061899185,0.3348998170113191
Kodak,kodim04,0.25,0.0,hqs_last,1,1,37.50790877228029,0.9429309061899185,0.3352378570707515
Kodak,kodim05,0.1,0.0,hqs,1,1,23.38881723515994,0.741440284360528,0.33685102802701294
Kodak,kodim05,0.1,0.0,hqs_finetuned,1,1,23.41285477442873,0.7419491739598513,0.33929801103658974
Kodak,kodim05,0.1,0.0,hqs_last,1,1,23.41285477442873,0.7419491739598513,0.3348630761029199
Kodak,kodim05,0.1,0.01,hqs,1,1,23.353081852880692,0.7396397761557102,0.3351480823087816
Kodak,kodim05,0.1,0.01,hqs_finetuned,1,1,23.37668107867277,0.740174540113628,0.3319808216765523
Kodak,kodim05,0.1,0.01,hqs_last,1,1,23.37668107867277,0.740174540113628,0.33235884667374194
Kodak,kodim05,0.1,0.05,hqs,1,1,22.715289481751526,0.707063281680607,0.33103118972697604
Kodak,kodim05,0.1,0.05,hqs_finetuned,1,1,22.73190357215634,0.7076712939712936,0.3315177020461609
Kodak,kodim05,0.1,0.05,hqs_last,1,1,22.73190357215634,0.7076712939712936,0.3313553826495384
Kodak,kodim05,0.25,0.0,hqs,1,1,27.16762711086234,0.8879292124252319,0.333996164961718
Kodak,kodim05,0.25,0.0,hqs_finetuned,1,1,27.285722829630934,0.8894810388698577,0.332097998005338
Kodak,kodim05,0.25,0.0,hqs_last,1,1,27.285722829630934,0.8894810388698577,0.33225138392299414
Kodak,kodim06,0.1,0.0,hqs,1,1,27.870381363000114,0.7566214546398521,0.32982306298799813
Kodak,kodim06,0.1,0.0,hqs_finetuned,1,1,27.91027050091049,0.7587922767609022,0.3298211880028248
Kodak,kodim06,0.1,0.0,hqs_last,1,1,27.91027050091049,0.7587922767609022,0.3314100760035217
Kodak,kodim06,0.1,0.01,hqs,1,1,27.64629318869045,0.7448038825665576,0.3311420623213053
Kodak,kodim06,0.1,0.01,hqs_finetuned,1,1,27.642879045113503,0.7461133278906766,0.34778395264099043
Kodak,kodim06,0.1,0.01,hqs_last,1,1,27.642879045113503,0.7461133278906766,0.3327325376837204
Kodak,kodim06,0.1,0.05,hqs,1,1,25.328842537356653,0.5725805979222508,0.33142007367375
Kodak,kodim06,0.1,0.05,hqs_finetuned,1,1,25.301011612575646,0.5757722477538921,0.3344076353435715
Kodak,kodim06,0.1,0.05,hqs_last,1,1,25.301011612575646,0.5757722477538921,0.33358274966788787
Kodak,kodim06,0.25,0.0,hqs,1,1,31.025706199037764,0.8734833474702836,0.3371793820988387
Kodak,kodim06,0.25,0.0,hqs_finetuned,1,1,31.100476465093394,0.8755418368415833,0.3291750008938834
Kodak,kodim06,0.25,0.0,hqs_last,1,1,31.100476465093394,0.8755418368415833,0.33078255492728204
Kodak,kodim07,0.1,0.0,hqs,1,1,31.655622950801487,0.9338027429535389,0.3361159390769899
Kodak,kodim07,0.1,0.0,hqs_finetuned,1,1,31.899672439269544,0.936882677337408,0.3449134089751169
Kodak,kodim07,0.1,0.0,hqs_last,1,1,31.899672439269544,0.936882677337408,0.3353982559638098
Kodak,kodim07,0.1,0.01,hqs,1,1,31.210318994254774,0.9252930732622145,0.33210093236994
Kodak,kodim07,0.1,0.01,hqs_finetuned,1,1,31.34882133424431,0.9278444814118544,0.335028978336292
Kodak,kodim07,0.1,0.01,hqs_last,1,1,31.34882133424431,0.9278444814118544,0.3389615823204319
Kodak,kodim07,0.1,0.05,hqs,1,1,27.556289197270498,0.785580555135101,0.33510335596899193
Kodak,kodim07,0.1,0.05,hqs_finetuned,1,1,27.47610180871385,0.7871681833787889,0.3360509096722429
Kodak,kodim07,0.1,0.05,hqs_last,1,1,27.47610180871385,0.7871681833787889,0.33910544430060935
Kodak,kodim07,0.25,0.0,hqs,1,1,37.727644213774774,0.9806497802801132,0.3503326619975269
Kodak,kodim07,0.25,0.0,hqs_finetuned,1,1,37.90733188633891,0.9811077221364976,0.3355741359991953
Kodak,kodim07,0.25,0.0,hqs_last,1,1,37.90733188633891,0.9811077221364976,0.35185682005248964
Kodak,kodim08,0.1,0.0,hqs,1,1,22.86126852365445,0.7855867720393697,0.3359025660902262
Kodak,kodim08,0.1,0.0,hqs_finetuned,1,1,23.0347830410295,0.7915246994074192,0.3312151790596545
Kodak,kodim08,0.1,0.0,hqs_last,1,1,23.0347830410295,0.7915246994074192,0.32855682901572436
Kodak,kodim08,0.1,0.01,hqs,1,1,22.78291710276554,0.7825227101322126,0.33899468067102134
Kodak,kodim08,0.1,0.01,hqs_finetuned,1,1,22.941390038291757,0.7884279188358333,0.338051888315628
Kodak,kodim08,0.1,0.01,hqs_last,1,1,22.941390038291757,0.7884279188358333,0.3401234953198582
Kodak,kodim08,0.1,0.05,hqs,1,1,21.38305517277249,0.7061998975787058,0.33851004869211465
Kodak,kodim08,0.1,0.05,hqs_finetuned,1,1,21.36627418990445,0.7092568514223742,0.3391855009831488
Kodak,kodim08,0.1,0.05,hqs_last,1,1,21.36627418990445,0.7092568514223742,0.33855044628338266
Kodak,kodim08,0.25,0.0,hqs,1,1,27.216668107945114,0.8966801692028046,0.3336964499903843
Kodak,kodim08,0.25,0.0,hqs_finetuned,1,1,27.367469408333363,0.8994619919469357,0.332498692907393
Kodak,kodim08,0.25,0.0,hqs_last,1,1,27.367469408333363,0.8994619919469357,0.3329702590126544
Kodak,kodim09,0.1,0.0,hqs,1,1,33.302120455960164,0.9496477103476524,0.3362181260017678
Kodak,kodim09,0.1,0.0,hqs_finetuned,1,1,33.355705012285696,0.9502131948766709,0.3374264530139044
Kodak,kodim09,0.1,0.0,hqs_last,1,1,33.355705012285696,0.9502131948766709,0.33439189090859145
Kodak,kodim09,0.1,0.01,hqs,1,1,32.28217256144331,0.9334708916501998,0.35181460234646994
Kodak,kodim09,0.1,0.01,hqs_finetuned,1,1,32.247791898459504,0.9345989639773369,0.3493422669901823
Kodak,kodim09,0.1,0.01,hqs_last,1,1,32.247791898459504,0.9345989639773369,0.341632618336007
Kodak,kodim09,0.1,0.05,hqs,1,1,27.20819494558255,0.6954942915385601,0.3407871276916315
Kodak,kodim09,0.1,0.05,hqs_finetuned,1,1,27.20113630246208,0.6978691701660088,0.3465198240398119
Kodak,kodim09,0.1,0.05,hqs_last,1,1,27.20113630246208,0.6978691701660088,0.33615105669014156
Kodak,kodim09,0.25,0.0,hqs,1,1,38.23983358543737,0.9771550077867508,0.33636178309097886
Kodak,kodim09,0.25,0.0,hqs_finetuned,1,1,38.278725334015654,0.9775257870035171,0.33685236098244786
Kodak,kodim09,0.25,0.0,hqs_last,1,1,38.278725334015654,0.9775257870035171,0.34904792404267937
Kodak,kodim10,0.1,0.0,hqs,1,1,31.997524895584064,0.9218234584922791,0.33142972108908
Kodak,kodim10,0.1,0.0,hqs_finetuned,1,1,32.23499628823633,0.925103503054142,0.33263391605578363
Kodak,kodim10,0.1,0.0,hqs_last,1,1,32.23499628823633,0.925103503054142,0.33171180996578187
Kodak,kodim10,0.1,0.01,hqs,1,1,31.276316207728772,0.9012395198327899,0.3461717317113653
Kodak,kodim10,0.1,0.01,hqs_finetuned,1,1,31.42271693918379,0.904616733905514,0.3419868079945445
Kodak,kodim10,0.1,0.01,hqs_last,1,1,31.42271693918379,0.904616733905514,0.3427480789832771
Kodak,kodim10,0.1,0.05,hqs,1,1,27.32551322731256,0.6772623610151817,0.3410886607210462
Kodak,kodim10,0.1,0.05,hqs_finetuned,1,1,27.31432305688239,0.6797004831704193,0.3385479236021638
Kodak,kodim10,0.1,0.05,hqs_last,1,1,27.31432305688239,0.6797004831704193,0.3399388756758223
Kodak,kodim10,0.25,0.0,hqs,1,1,38.143688676111296,0.9738015720767975,0.33234261395409703
Kodak,kodim10,0.25,0.0,hqs_finetuned,1,1,38.3162343708061,0.9743427285861969,0.3378979170229286
Kodak,kodim10,0.25,0.0,hqs_last,1,1,38.3162343708061,0.9743427285861969,0.3410225099651143
Kodak,kodim11,0.1,0.0,hqs,1,1,27.957972952469973,0.8089438144295216,0.346478890045546
Kodak,kodim11,0.1,0.0,hqs_finetuned,1,1,27.997852380324886,0.8099007994573116,0.34820302692241967
Kodak,kodim11,0.1,0.0,hqs_last,1,1,27.997852380324886,0.8099007994573116,0.3500709329964593
Kodak,kodim11,0.1,0.01,hqs,1,1,27.809736430799603,0.8027020983612935,0.3548274606776734
Kodak,kodim11,0.1,0.01,hqs_finetuned,1,1,27.829839104487714,0.8032660653299489,0.35221787996124476
Kodak,kodim11,0.1,0.01,hqs_last,1,1,27.829839104487714,0.8032660653299489,0.34993605967611074
Kodak,kodim11,0.1,0.05,hqs,1,1,26.139492507607645,0.703520449939755,0.34150356027142453
Kodak,kodim11,0.1,0.05,hqs_finetuned,1,1,26.142925261312303,0.7047547160246271,0.33958706601212424
Kodak,kodim11,0.1,0.05,hqs_last,1,1,26.142925261312303,0.7047547160246271,0.33789731096476316
Kodak,kodim11,0.25,0.0,hqs,1,1,31.641797671901124,0.9038385140357017,0.3683758919360116
Kodak,kodim11,0.25,0.0,hqs_finetuned,1,1,31.673908693819087,0.9043553002943993,0.3440103310858831
Kodak,kodim11,0.25,0.0,hqs_last,1,1,31.673908693819087,0.9043553002943993,0.3401994430460036
Kodak,kodim12,0.1,0.0,hqs,1,1,33.457527015837684,0.8708156843156815,0.3301449690479785
Kodak,kodim12,0.1,0.0,hqs_finetuned,1,1,33.66786674322514,0.8722853061819077,0.3305557359708473
Kodak,kodim12,0.1,0.0,hqs_last,1,1,33.66786674322514,0.8722853061819077,0.3321911239763722
Kodak,kodim12,0.1,0.01,hqs,1,1,32.5409772132951,0.844357275841554,0.36142383865080774
Kodak,kodim12,0.1,0.01,hqs_finetuned,1,1,32.669533989955426,0.8468606135059198,0.3551609506054471
Kodak,kodim12,0.1,0.01,hqs_last,1,1,32.669533989955426,0.8468606135059198,0.352816479629837
Kodak,kodim12,0.1,0.05,hqs,1,1,26.768205967460684,0.5543829798599602,0.3418416643592839
Kodak,kodim12,0.1,0.05,hqs_finetuned,1,1,26.823417973843302,0.5591092076229781,0.3428091029636562
Kodak,kodim12,0.1,0.05,hqs_last,1,1,26.823417973843302,0.5591092076229781,0.3427410960042228
Kodak,kodim12,0.25,0.0,hqs,1,1,37.10607624932067,0.9303480245437622,0.3457493489840999
Kodak,kodim12,0.25,0.0,hqs_finetuned,1,1,37.147631140988295,0.9314732157001495,0.381972442031838
Kodak,kodim12,0.25,0.0,hqs_last,1,1,37.147631140988295,0.9314732157001495,0.36536705493927
Kodak,kodim13,0.1,0.0,hqs,1,1,22.942657431025765,0.6328069630834385,0.3409433440538123
Kodak,kodim13,0.1,0.0,hqs_finetuned,1,1,23.036188670912672,0.635529449072726,0.346667152014561
Kodak,kodim13,0.1,0.0,hqs_last,1,1,23.036188670912672,0.635529449072726,0.3391677549807355
Kodak,kodim13,0.1,0.01,hqs,1,1,22.907913546697973,0.63037398905456,0.3325126199439789
Kodak,kodim13,0.1,0.01,hqs_finetuned,1,1,23.000478254672544,0.6331585947563118,0.3304926020015652
Kodak,kodim13,0.1,0.01,hqs_last,1,1,23.000478254672544,0.6331585947563118,0.3288671813206747
Kodak,kodim13,0.1,0.05,hqs,1,1,22.189105625642117,0.5799610352523009,0.32640883900846046
Kodak,kodim13,0.1,0.05,hqs_finetuned,1,1,22.238757572448538,0.5822170341658933,0.32849986796888214
Kodak,kodim13,0.1,0.05,hqs_last,1,1,22.238757572448538,0.5822170341658933,0.3264489696593955
Kodak,kodim13,0.25,0.0,hqs,1,1,25.567161702567848,0.7937478474276066,0.34771677607204765
Kodak,kodim13,0.25,0.0,hqs_finetuned,1,1,25.67418201891,0.7963431316037178,0.3447856189450249
Kodak,kodim13,0.25,0.0,hqs_last,1,1,25.67418201891,0.7963431316037178,0.34206695295870304
Kodak,kodim14,0.1,0.0,hqs,1,1,26.236889976890016,0.7660406762840748,0.32782100897748023
Kodak,kodim14,0.1,0.0,hqs_finetuned,1,1,26.26282438098404,0.7664089484307766,0.32678213994950056
Kodak,kodim14,0.1,0.0,hqs_last,1,1,26.26282438098404,0.7664089484307766,0.3286724319914356
Kodak,kodim14,0.1,0.01,hqs,1,1,26.165093860239953,0.7626330665326914,0.3299900686445956
Kodak,kodim14,0.1,0.01,hqs_finetuned,1,1,26.192922809744534,0.7631284233144919,0.333088789251633
Kodak,kodim14,0.1,0.01,hqs_last,1,1,26.192922809744534,0.7631284233144919,0.32696510300350684
Kodak,kodim14,0.1,0.05,hqs,1,1,24.93857352116919,0.6969436315875545,0.326809166969421
Kodak,kodim14,0.1,0.05,hqs_finetuned,1,1,24.951105747658122,0.6981337097131305,0.32638257136568427
Kodak,kodim14,0.1,0.05,hqs_last,1,1,24.951105747658122,0.6981337097131305,0.326524538686499
Kodak,kodim14,0.25,0.0,hqs,1,1,29.85624063630974,0.8879087495555877,0.337832995923236
Kodak,kodim14,0.25,0.0,hqs_finetuned,1,1,29.944889785464312,0.8885433204340935,0.35116261907387525
Kodak,kodim14,0.25,0.0,hqs_last,1,1,29.944889785464312,0.8885433204340935,0.3294356120750308
Kodak,kodim15,0.1,0.0,hqs,1,1,32.37333466584114,0.8715951700026989,0.326480892021209
Kodak,kodim15,0.1,0.0,hqs_finetuned,1,1,32.42213635796536,0.8726849349861145,0.3312282559927553
Kodak,kodim15,0.1,0.0,hqs_last,1,1,32.42213635796536,0.8726849349861145,0.33118071395438164
Kodak,kodim15,0.1,0.01,hqs,1,1,32.093145517196284,0.8639920941374303,0.3485378329642117
Kodak,kodim15,0.1,0.01,hqs_finetuned,1,1,32.11467002281089,0.8650728086149693,0.34238033163516474
Kodak,kodim15,0.1,0.01,hqs_last,1,1,32.11467002281089,0.8650728086149693,0.33441752300132066
Kodak,kodim15,0.1,0.05,hqs,1,1,29.183220372469133,0.7416926502476732,0.3340298936624701
Kodak,kodim15,0.1,0.05,hqs_finetuned,1,1,29.153487858300394,0.7438393403170557,0.3287239136407152
Kodak,kodim15,0.1,0.05,hqs_last,1,1,29.153487858300394,0.7438393403170557,0.32880351164688665
Kodak,kodim15,0.25,0.0,hqs,1,1,35.40055197280543,0.9264651487159729,0.32541182707063854
Kodak,kodim15,0.25,0.0,hqs_finetuned,1,1,35.38494868679175,0.9262798021688461,0.3236168740550056
Kodak,kodim15,0.25,0.0,hqs_last,1,1,35.38494868679175,0.9262798021688461,0.3263160759815946
Kodak,kodim16,0.1,0.0,hqs,1,1,31.126084002383916,0.8164091880677938,0.3415591650409624
Kodak,kodim16,0.1,0.0,hqs_finetuned,1,1,31.250881711076374,0.8196547302484513,0.3262442370178178
Kodak,kodim16,0.1,0.0,hqs_last,1,1,31.250881711076374,0.8196547302484513,0.3219423480331898
Kodak,kodim16,0.1,0.01,hqs,1,1,30.927516354079547,0.8060618770512938,0.3316897959448397
Kodak,kodim16,0.1,0.01,hqs_finetuned,1,1,31.027533714349914,0.8093762254926761,0.3248460030105586
Kodak,kodim16,0.1,0.01,hqs_last,1,1,31.027533714349914,0.8093762254926761,0.3256983597142001
Kodak,kodim16,0.1,0.05,hqs,1,1,28.447557682438433,0.6552776869127159,0.3341883710430314
Kodak,kodim16,0.1,0.05,hqs_finetuned,1,1,28.52475220533246,0.6604245989182408,0.32753713335841894
Kodak,kodim16,0.1,0.05,hqs_last,1,1,28.52475220533246,0.6604245989182408,0.32452141066702705
Kodak,kodim16,0.25,0.0,hqs,1,1,34.19616091934979,0.9072554828834534,0.3278405589517206
Kodak,kodim16,0.25,0.0,hqs_finetuned,1,1,34.38757724435942,0.9102064406995773,0.32668753899633884
Kodak,kodim16,0.25,0.0,hqs_last,1,1,34.38757724435942,0.9102064406995773,0.3236524210078642
Kodak,kodim17,0.1,0.0,hqs,1,1,29.447479982586447,0.853842156796217,0.32618190604262054
Kodak,kodim17,0.1,0.0,hqs_finetuned,1,1,29.494063486769726,0.854301606061697,0.3287494129035622
Kodak,kodim17,0.1,0.0,hqs_last,1,1,29.494063486769726,0.854301606061697,0.3293935579713434
Kodak,kodim17,0.1,0.01,hqs,1,1,29.303763207794514,0.8485479242424171,0.32919018835915875
Kodak,kodim17,0.1,0.01,hqs_finetuned,1,1,29.338789532170434,0.8489748769510189,0.32944703874333453
Kodak,kodim17,0.1,0.01,hqs_last,1,1,29.338789532170434,0.8489748769510189,0.3315063086338341
Kodak,kodim17,0.1,0.05,hqs,1,1,27.3872943955467,0.7606933316354701,0.3297495049191639
Kodak,kodim17,0.1,0.05,hqs_finetuned,1,1,27.393459356281976,0.7623428686400354,0.32840454562877613
Kodak,kodim17,0.1,0.05,hqs_last,1,1,27.393459356281976,0.7623428686400354,0.33081697664844495
Kodak,kodim17,0.25,0.0,hqs,1,1,33.737026520858315,0.9398508891448975,0.3288405690109357
Kodak,kodim17,0.25,0.0,hqs_finetuned,1,1,33.91284318082114,0.94079960825634,0.3274565329775214
Kodak,kodim17,0.25,0.0,hqs_last,1,1,33.91284318082114,0.94079960825634,0.3290958220604807
Kodak,kodim18,0.1,0.0,hqs,1,1,26.43359850588145,0.75612214219445,0.3441560509381816
Kodak,kodim18,0.1,0.0,hqs_finetuned,1,1,26.48867855463385,0.756168681801945,0.3292783939978108
Kodak,kodim18,0.1,0.0,hqs_last,1,1,26.48867855463385,0.756168681801945,0.3299176499713212
Kodak,kodim18,0.1,0.01,hqs,1,1,26.390673788759244,0.7538585787026485,0.33100128526954603
Kodak,kodim18,0.1,0.01,hqs_finetuned,1,1,26.436887748104706,0.7538466219143619,0.33111759764142334
Kodak,kodim18,0.1,0.01,hqs_last,1,1,26.436887748104706,0.7538466219143619,0.331950787998115
Kodak,kodim18,0.1,0.05,hqs,1,1,25.648378994604666,0.7071988957925738,0.3475905970359842
Kodak,kodim18,0.1,0.05,hqs_finetuned,1,1,25.647170673095673,0.7076777030312505,0.3544456616897757
Kodak,kodim18,0.1,0.05,hqs_last,1,1,25.647170673095673,0.7076777030312505,0.3460859686601907
Kodak,kodim18,0.25,0.0,hqs,1,1,29.805431530412207,0.8873502451272011,0.3281111209653318
Kodak,kodim18,0.25,0.0,hqs_finetuned,1,1,29.882563188914595,0.8884134812116623,0.3359798910096288
Kodak,kodim18,0.25,0.0,hqs_last,1,1,29.882563188914595,0.8884134812116623,0.3348433809587732
Kodak,kodim19,0.1,0.0,hqs,1,1,25.405868638174816,0.7937948196370411,0.3531426109839231
Kodak,kodim19,0.1,0.0,hqs_finetuned,1,1,25.898739897912108,0.8078393248139201,0.3581549869850278
Kodak,kodim19,0.1,0.0,hqs_last,1,1,25.898739897912108,0.8078393248139201,0.350029886001721
Kodak,kodim19,0.1,0.01,hqs,1,1,25.321141080851117,0.7857738245718201,0.3314437026856467
Kodak,kodim19,0.1,0.01,hqs_finetuned,1,1,25.755124978156648,0.7988644510796612,0.3325950293801725
Kodak,kodim19,0.1,0.01,hqs_last,1,1,25.755124978156648,0.7988644510796612,0.3279640606294076
Kodak,kodim19,0.1,0.05,hqs,1,1,23.796750333883114,0.6433851088781245,0.35109966100814444
Kodak,kodim19,0.1,0.05,hqs_finetuned,1,1,23.92909571185331,0.649423588373159,0.34508635037733865
Kodak,kodim19,0.1,0.05,hqs_last,1,1,23.92909571185331,0.649423588373159,0.34233313632042456
Kodak,kodim19,0.25,0.0,hqs,1,1,30.389655184473302,0.9141356555318684,0.34856769104953855
Kodak,kodim19,0.25,0.0,hqs_finetuned,1,1,31.105796410071676,0.9229665499102772,0.36552674998529255
Kodak,kodim19,0.25,0.0,hqs_last,1,1,31.105796410071676,0.9229665499102772,0.3646671549649909
Kodak,kodim20,0.1,0.0,hqs,1,1,32.818224851961354,0.9370997766563892,0.3295960569521412
Kodak,kodim20,0.1,0.0,hqs_finetuned,1,1,33.032269998965255,0.9383415894389152,0.3316608980530873
Kodak,kodim20,0.1,0.0,hqs_last,1,1,33.032269998965255,0.9383415894389152,0.33672207698691636
Kodak,kodim20,0.1,0.01,hqs,1,1,31.143608504702133,0.9092114149894316,0.3327890669849391
Kodak,kodim20,0.1,0.01,hqs_finetuned,1,1,31.09670179080425,0.9100238434168496,0.3353048820281401
Kodak,kodim20,0.1,0.01,hqs_last,1,1,31.09670179080425,0.9100238434168496,0.33367128937970847
Kodak,kodim20,0.1,0.05,hqs,1,1,23.74838765815026,0.5864024807824069,0.33417712066633004
Kodak,kodim20,0.1,0.05,hqs_finetuned,1,1,23.47076405935948,0.5850748358720259,0.34059944228890043
Kodak,kodim20,0.1,0.05,hqs_last,1,1,23.47076405935948,0.5850748358720259,0.3608818113571033
Kodak,kodim20,0.25,0.0,hqs,1,1,38.04227572710475,0.9723995657892227,0.33697618392761797
Kodak,kodim20,0.25,0.0,hqs_finetuned,1,1,38.24502718820901,0.9731406650619507,0.3349461369216442
Kodak,kodim20,0.25,0.0,hqs_last,1,1,38.24502718820901,0.9731406650619507,0.33181601809337735
Kodak,kodim21,0.1,0.0,hqs,1,1,27.94711319187702,0.8664759727957249,0.3269214709289372
Kodak,kodim21,0.1,0.0,hqs_finetuned,1,1,28.00536429496566,0.8676966518833638,0.3280693609267473
Kodak,kodim21,0.1,0.0,hqs_last,1,1,28.00536429496566,0.8676966518833638,0.32925115909893066
Kodak,kodim21,0.1,0.01,hqs,1,1,27.646405529457834,0.8570802931632201,0.33418678065451485
Kodak,kodim21,0.1,0.01,hqs_finetuned,1,1,27.686539061865787,0.8590536392603317,0.3621039562858641
Kodak,kodim21,0.1,0.01,hqs_last,1,1,27.686539061865787,0.8590536392603317,0.3878598256657521
Kodak,kodim21,0.1,0.05,hqs,1,1,25.488951531694056,0.7021772974434742,0.354326209713084
Kodak,kodim21,0.1,0.05,hqs_finetuned,1,1,25.483119616769187,0.7108545524687827,0.3649832483303423
Kodak,kodim21,0.1,0.05,hqs_last,1,1,25.483119616769187,0.7108545524687827,0.3475860513281077
Kodak,kodim21,0.25,0.0,hqs,1,1,32.06181042583868,0.9427214854168892,0.3341894668992609
Kodak,kodim21,0.25,0.0,hqs_finetuned,1,1,32.20062583463362,0.9440676658339501,0.40226112795062363
Kodak,kodim21,0.25,0.0,hqs_last,1,1,32.20062583463362,0.9440676658339501,0.32593350403476506
Kodak,kodim22,0.1,0.0,hqs,1,1,29.730413312941735,0.8230215022837706,0.33489332091994584
Kodak,kodim22,0.1,0.0,hqs_finetuned,1,1,29.848851256320224,0.8245736453475953,0.3406010000035167
Kodak,kodim22,0.1,0.0,hqs_last,1,1,29.848851256320224,0.8245736453475953,0.34820644301362336
Kodak,kodim22,0.1,0.01,hqs,1,1,29.491802240473408,0.8122676465210952,0.353651664336212
Kodak,kodim22,0.1,0.01,hqs_finetuned,1,1,29.56073595029184,0.8136327646669397,0.3884966990056758
Kodak,kodim22,0.1,0.01,hqs_last,1,1,29.56073595029184,0.8136327646669397,0.3717776677027966
Kodak,kodim22,0.1,0.05,hqs,1,1,26.884131811359534,0.6580581331480301,0.36323085993838805
Kodak,kodim22,0.1,0.05,hqs_finetuned,1,1,26.89687896373603,0.6599023467885298,0.36960722630222637
Kodak,kodim22,0.1,0.05,hqs_last,1,1,26.89687896373603,0.6599023467885298,0.3637629053555429
Kodak,kodim22,0.25,0.0,hqs,1,1,33.555745458350266,0.9158011227025986,0.33371017791796476
Kodak,kodim22,0.25,0.0,hqs_finetuned,1,1,33.5944906956251,0.9159057691726684,0.34170336299575865
Kodak,kodim22,0.25,0.0,hqs_last,1,1,33.5944906956251,0.9159057691726684,0.3395524750230834
Kodak,kodim23,0.1,0.0,hqs,1,1,33.25963845122955,0.9426991541705132,0.37005934899207205
Kodak,kodim23,0.1,0.0,hqs_finetuned,1,1,33.42300154652972,0.9437663227710724,0.36861509399022907
Kodak,kodim23,0.1,0.0,hqs_last,1,1,33.42300154652972,0.9437663227710724,0.371721163042821
Kodak,kodim23,0.1,0.01,hqs,1,1,32.46842000439167,0.928857192808946,0.3628683796462913
Kodak,kodim23,0.1,0.01,hqs_finetuned,1,1,32.5414483696737,0.9302393967665038,0.3619523339827235
Kodak,kodim23,0.1,0.01,hqs_last,1,1,32.5414483696737,0.9302393967665038,0.38440694465922814
Kodak,kodim23,0.1,0.05,hqs,1,1,27.93905687484794,0.7233471817373007,0.3875751099549234
Kodak,kodim23,0.1,0.05,hqs_finetuned,1,1,27.970296472063563,0.7267102755309747,0.40010132066284615
Kodak,kodim23,0.1,0.05,hqs_last,1,1,27.970296472063563,0.7267102755309747,0.3790331407217309
Kodak,kodim23,0.25,0.0,hqs,1,1,38.75516568310482,0.9760411937026977,0.5082449610345066
Kodak,kodim23,0.25,0.0,hqs_finetuned,1,1,39.01960053223354,0.9768891050901413,0.37476625107228756
Kodak,kodim23,0.25,0.0,hqs_last,1,1,39.01960053223354,0.9768891050901413,0.34981370193418115
Kodak,kodim24,0.1,0.0,hqs,1,1,26.8561258915545,0.8143258165858984,0.39719753502868116
Kodak,kodim24,0.1,0.0,hqs_finetuned,1,1,26.988388158396308,0.8176522248951434,0.3946974149439484
Kodak,kodim24,0.1,0.0,hqs_last,1,1,26.988388158396308,0.8176522248951434,0.4275773190893233
Kodak,kodim24,0.1,0.01,hqs,1,1,26.67652889114041,0.8060176152579622,0.3658868233518054
Kodak,kodim24,0.1,0.01,hqs_finetuned,1,1,26.829749232827098,0.810255296139053,0.36028191066967946
Kodak,kodim24,0.1,0.01,hqs_last,1,1,26.829749232827098,0.810255296139053,0.36174333665985614
Kodak,kodim24,0.1,0.05,hqs,1,1,25.041860660805508,0.6913543670883396,0.3673432549694553
Kodak,kodim24,0.1,0.05,hqs_finetuned,1,1,25.047966535212026,0.6929531318419446,0.37002959797003615
Kodak,kodim24,0.1,0.05,hqs_last,1,1,25.047966535212026,0.6929531318419446,0.3745680823534106
Kodak,kodim24,0.25,0.0,hqs,1,1,31.149710086534803,0.9237385570888519,0.3841427300358191
Kodak,kodim24,0.25,0.0,hqs_finetuned,1,1,31.246912252300604,0.9251316710376739,0.3553275209851563
Kodak,kodim24,0.25,0.0,hqs_last,1,1,31.246912252300604,0.9251316710376739,0.35504254105035216
