image,split,cr,actual_cr,sigma,seed,method,psnr,ssim,seconds,relative_residual
camera,test,0.01,0.01031494140625,0.0,2026,adjoint,20.745649510540005,0.3771584924472794,1.1665993952192366e-05,0.0038529771845787764
camera,test,0.01,0.01031494140625,0.0,2026,fista_dct,21.32250281524339,0.4922823652886577,0.16727012499177363,0.002701785520648157
camera,test,0.01,0.01031494140625,0.0,2026,hqs,23.71970297191313,0.6898069433445868,2.180789083999116,0.003210097085684538
camera,test,0.01,0.01031494140625,0.0,2026,admm,23.571399126440873,0.6881184069491875,2.182975375006208,0.004718201234936714
camera,test,0.04,0.041259765625,0.0,2026,adjoint,22.75721772811236,0.4455639822583821,1.4334000297822058e-05,0.004096365999430418
camera,test,0.04,0.041259765625,0.0,2026,fista_dct,23.438554892072947,0.511868393037637,0.1798772500042105,0.0030642092969721617
camera,test,0.04,0.041259765625,0.0,2026,hqs,28.548991902715656,0.8127598050408885,2.314513666991843,0.002387531567364931
camera,test,0.04,0.041259765625,0.0,2026,admm,28.624267588214604,0.8109754846283793,2.3122500000026776,0.0035323305055499077
camera,test,0.1,0.1001129150390625,0.0,2026,adjoint,24.49504946783437,0.519300092101892,2.1666986867785454e-05,0.004333802964538336
camera,test,0.1,0.1001129150390625,0.0,2026,fista_dct,25.060797224688073,0.5607414622972962,0.1793707920005545,0.0033446224324505274
camera,test,0.1,0.1001129150390625,0.0,2026,hqs,31.753028215346255,0.882429309518814,2.1437987919925945,0.0019157767528668046
camera,test,0.1,0.1001129150390625,0.0,2026,admm,31.738763457320335,0.8805678516902924,2.158428249997087,0.002543512498959899
camera,test,0.25,0.25,0.0,2026,adjoint,27.29289114920779,0.6469676325506568,2.64590053120628e-05,0.004517110995948315
camera,test,0.25,0.25,0.0,2026,fista_dct,28.498447444490694,0.7089174500311614,0.18665625000721775,0.002452014562439302
camera,test,0.25,0.25,0.0,2026,hqs,35.618786880677206,0.9433383044624328,2.1772692920058034,0.0015114550478756428
camera,test,0.25,0.25,0.0,2026,admm,35.60514814017062,0.9425661455259323,2.1462713749933755,0.0018437374383211136
camera,test,0.5,0.4998931884765625,0.0,2026,adjoint,30.66193100189649,0.7738979846279621,4.1457999031990767e-05,0.005054263398051262
camera,test,0.5,0.4998931884765625,0.0,2026,fista_dct,32.39885311071169,0.8454297008442879,0.19874708300631028,0.002041960456777511
camera,test,0.5,0.4998931884765625,0.0,2026,hqs,41.38489409626941,0.9833569431171417,2.1670309999899473,0.001202124753035605
camera,test,0.5,0.4998931884765625,0.0,2026,admm,41.22682584769145,0.9825846431035995,2.14425054199819,0.0013987275306135416
camera,test,0.1,0.1001129150390625,0.01,2026,adjoint,24.454699950331282,0.5147820029890724,2.0374995074234903e-05,0.004407011438161135
camera,test,0.1,0.1001129150390625,0.01,2026,fista_dct,24.99253219604715,0.5536293441715859,0.18295954100904055,0.003581454488699507
camera,test,0.1,0.1001129150390625,0.01,2026,hqs,31.21598099607416,0.8649235015159845,2.1424867500027176,0.0016791261732578278
camera,test,0.1,0.1001129150390625,0.01,2026,admm,31.27246885314179,0.8677373597579002,2.160065834003035,0.002780001610517502
camera,test,0.1,0.1001129150390625,0.01,2027,adjoint,24.456870513202627,0.5148348684722126,2.1042011212557554e-05,0.00441736401990056
camera,test,0.1,0.1001129150390625,0.01,2027,fista_dct,24.98368612694452,0.5550427450140324,0.1820656249910826,0.003450513518741578
camera,test,0.1,0.1001129150390625,0.01,2027,hqs,31.163073547250914,0.86480699308604,2.1431631249870406,0.0015947659267112613
camera,test,0.1,0.1001129150390625,0.01,2027,admm,31.212328036075547,0.8676495031260252,2.180911167000886,0.0027111717499792576
camera,test,0.1,0.1001129150390625,0.01,2028,adjoint,24.454079670665617,0.5144333949865206,1.8750011804513633e-05,0.004345352295786142
camera,test,0.1,0.1001129150390625,0.01,2028,fista_dct,24.952933046294344,0.5489137716203853,0.21817579100024886,0.0032880173482276918
camera,test,0.1,0.1001129150390625,0.01,2028,hqs,31.16392057730925,0.863819338947393,2.1694203749939334,0.0016748977359384298
camera,test,0.1,0.1001129150390625,0.01,2028,admm,31.236224972444248,0.8668498621343076,2.1569876670109807,0.0027288098353892565
camera,test,0.1,0.1001129150390625,0.05,2026,adjoint,23.593187136312302,0.43697391966585813,1.812499249354005e-05,0.006211159750819206
camera,test,0.1,0.1001129150390625,0.05,2026,fista_dct,23.584782989269453,0.4330452412239337,0.1824836250016233,0.007149652737507962
camera,test,0.1,0.1001129150390625,0.05,2026,hqs,26.98598901718878,0.6295769639926814,2.150960707993363,0.0020135606173425913
camera,test,0.1,0.1001129150390625,0.05,2026,admm,27.137120617257523,0.6416754485214278,2.1673831660009455,0.003758603474125266
camera,test,0.1,0.1001129150390625,0.05,2027,adjoint,23.621863514059676,0.43770158989765773,2.0042003598064184e-05,0.0061571612022817135
camera,test,0.1,0.1001129150390625,0.05,2027,fista_dct,23.543274543043204,0.43192182116150485,0.18547791699529625,0.006820520675814849
camera,test,0.1,0.1001129150390625,0.05,2027,hqs,27.031391334878453,0.6291234796532914,2.144285292000859,0.0017174066742882133
camera,test,0.1,0.1001129150390625,0.05,2027,admm,27.160815640713643,0.6380528756201417,2.1630713750055293,0.003197370795533061
camera,test,0.1,0.1001129150390625,0.05,2028,adjoint,23.61026093005902,0.4357120536548116,1.8584003555588424e-05,0.005646710284054279
camera,test,0.1,0.1001129150390625,0.05,2028,fista_dct,23.530604557819075,0.42735577350488685,0.18658004100143444,0.0061324527754933545
camera,test,0.1,0.1001129150390625,0.05,2028,hqs,26.87406577580959,0.6294318217695225,2.1644379159988603,0.0017824620008468628
camera,test,0.1,0.1001129150390625,0.05,2028,admm,27.109479714381383,0.6415629679114986,2.1440525419893675,0.003465859917923808
astronaut,test,0.01,0.01031494140625,0.0,2026,adjoint,17.503231091047983,0.27795637042553234,9.83300560619682e-06,0.017804546281695366
astronaut,test,0.01,0.01031494140625,0.0,2026,fista_dct,18.43148487949955,0.40075020158896113,0.19187208400398958,0.02392397313245067
astronaut,test,0.01,0.01031494140625,0.0,2026,hqs,20.06174314288273,0.5606439464713416,2.1584298750094604,0.006350947078317404
astronaut,test,0.01,0.01031494140625,0.0,2026,admm,20.07042134249041,0.5739310096070319,2.1624668750009732,0.006558263674378395
astronaut,test,0.04,0.041259765625,0.0,2026,adjoint,19.984710448891715,0.41385594054175306,1.3874989235773683e-05,0.01719418726861477
astronaut,test,0.04,0.041259765625,0.0,2026,fista_dct,21.083803551869877,0.4996241712292144,0.18449445799342357,0.02028043957453902
astronaut,test,0.04,0.041259765625,0.0,2026,hqs,25.386557837438573,0.8403274320849785,2.1880181660089875,0.005274421069771051
astronaut,test,0.04,0.041259765625,0.0,2026,admm,25.3651529604447,0.8388312026698646,2.213925375006511,0.006271293852478266
astronaut,test,0.1,0.1001129150390625,0.0,2026,adjoint,22.120526665574424,0.5298460184771913,1.8165999790653586e-05,0.016526710242033005
astronaut,test,0.1,0.1001129150390625,0.0,2026,fista_dct,23.858891076248696,0.637458199214343,0.19471237499965355,0.017430443110082624
astronaut,test,0.1,0.1001129150390625,0.0,2026,hqs,29.85875459112193,0.940031016061306,2.1807007919996977,0.00385264097712934
astronaut,test,0.1,0.1001129150390625,0.0,2026,admm,29.92464038120361,0.9400945543122291,2.168066790996818,0.004554647020995617
astronaut,test,0.25,0.25,0.0,2026,adjoint,25.024945325980568,0.6573825229296685,2.445800055284053e-05,0.014331054873764515
astronaut,test,0.25,0.25,0.0,2026,fista_dct,27.45347554617083,0.7787386445953846,0.19606333400588483,0.012237763759112815
astronaut,test,0.25,0.25,0.0,2026,hqs,36.650027649711106,0.9849839056930542,2.189845957997022,0.0025020278990268707
astronaut,test,0.25,0.25,0.0,2026,admm,36.6296191037259,0.9847228881149293,2.2210632499918574,0.002682262798771262
astronaut,test,0.5,0.4998931884765625,0.0,2026,adjoint,28.361878136909766,0.7635594666612149,4.1207997128367424e-05,0.012638592161238194
astronaut,test,0.5,0.4998931884765625,0.0,2026,fista_dct,31.143775566215307,0.8676046187660694,0.2173741250007879,0.009279892106325923
astronaut,test,0.5,0.4998931884765625,0.0,2026,hqs,43.37065921052976,0.9953512039041519,2.1734499590093037,0.0014617873821407557
astronaut,test,0.5,0.4998931884765625,0.0,2026,admm,43.36005749374169,0.9952193306016922,2.22913329199946,0.001784658059477806
astronaut,test,0.1,0.1001129150390625,0.01,2026,adjoint,22.102037999734424,0.5287648084553711,2.5500004994682968e-05,0.01669725961983204
astronaut,test,0.1,0.1001129150390625,0.01,2026,fista_dct,23.74521421020049,0.6287540177873296,0.20995416700316127,0.018029567484536463
astronaut,test,0.1,0.1001129150390625,0.01,2026,hqs,29.371199620589717,0.9306598880751134,2.2158075829938753,0.003693230915814638
astronaut,test,0.1,0.1001129150390625,0.01,2026,admm,29.47288362837393,0.9331920383245945,2.249361416994361,0.0045509180054068565
astronaut,test,0.1,0.1001129150390625,0.01,2027,adjoint,22.102565416298738,0.5285534833045089,2.112500078510493e-05,0.016636159271001816
astronaut,test,0.1,0.1001129150390625,0.01,2027,fista_dct,23.803905341209706,0.6343977101414613,0.20265216600091662,0.01757793713263292
astronaut,test,0.1,0.1001129150390625,0.01,2027,hqs,29.394905322579543,0.9304788159244061,2.232249458989827,0.003651744220405817
astronaut,test,0.1,0.1001129150390625,0.01,2027,admm,29.48673656675304,0.933039693731308,2.3091844169975957,0.004597365390509367
astronaut,test,0.1,0.1001129150390625,0.01,2028,adjoint,22.101438656649947,0.5285961827136014,2.029100141953677e-05,0.01659683883190155
astronaut,test,0.1,0.1001129150390625,0.01,2028,fista_dct,23.792715218152928,0.6328221543741273,0.20038104100967757,0.017781253153694027
astronaut,test,0.1,0.1001129150390625,0.01,2028,hqs,29.42979774575994,0.9320337759017945,2.1945953749964247,0.003760863794013858
astronaut,test,0.1,0.1001129150390625,0.01,2028,admm,29.522986889758023,0.9340852654151917,2.3150850829988485,0.004622596316039562
astronaut,test,0.1,0.1001129150390625,0.05,2026,adjoint,21.676645693937555,0.5045938987852153,2.1083003957755864e-05,0.01950341835618019
astronaut,test,0.1,0.1001129150390625,0.05,2026,fista_dct,22.860746869229477,0.5771717907304564,0.19683425000403076,0.022548835306914376
astronaut,test,0.1,0.1001129150390625,0.05,2026,hqs,25.425760475211703,0.7771329454703331,2.2417942920001224,0.004194282460957766
astronaut,test,0.1,0.1001129150390625,0.05,2026,admm,25.715001295448687,0.7921787079920098,2.2760048339987407,0.005594807211309671
astronaut,test,0.1,0.1001129150390625,0.05,2027,adjoint,21.689223305177364,0.5034485144965397,2.041600237134844e-05,0.01912621222436428
astronaut,test,0.1,0.1001129150390625,0.05,2027,fista_dct,22.838597689852577,0.57110619569613,0.20681445799709763,0.02160642665852442
astronaut,test,0.1,0.1001129150390625,0.05,2027,hqs,25.519694343286737,0.7751433289965988,2.226912208003341,0.004417983815073967
astronaut,test,0.1,0.1001129150390625,0.05,2027,admm,25.773416501067558,0.7901018406973853,2.307537916000001,0.005182337947189808
astronaut,test,0.1,0.1001129150390625,0.05,2028,adjoint,21.681266730490407,0.5040303794886649,6.750000466126949e-05,0.01892712339758873
astronaut,test,0.1,0.1001129150390625,0.05,2028,fista_dct,22.84535265742836,0.5726245646716412,0.20453279200592078,0.02214054566777445
astronaut,test,0.1,0.1001129150390625,0.05,2028,hqs,25.580041478637526,0.7775738827246409,2.2680763750104234,0.003969453275203705
astronaut,test,0.1,0.1001129150390625,0.05,2028,admm,25.85256309831312,0.792850280031532,2.3185469580057543,0.0048742457292973995
coins,test,0.01,0.01031494140625,0.0,2026,adjoint,19.68004775402957,0.350506854459647,1.1458003427833319e-05,0.002131718909367919
coins,test,0.01,0.01031494140625,0.0,2026,fista_dct,20.358849404655516,0.4370956554918999,0.19307562499307096,0.0009354746115078368
coins,test,0.01,0.01031494140625,0.0,2026,hqs,23.64224089254421,0.6639726438331074,2.2719341670017457,0.00410600146278739
coins,test,0.01,0.01031494140625,0.0,2026,admm,23.652316198918555,0.6664754147890233,2.293169458003831,0.007002254948019981
coins,test,0.04,0.041259765625,0.0,2026,adjoint,22.031581677875796,0.45620204256250546,1.6874997527338564e-05,0.0023596324026584625
coins,test,0.04,0.041259765625,0.0,2026,fista_dct,23.071592462449047,0.5347432862659615,0.19957354199141264,0.0006140084477845001
coins,test,0.04,0.041259765625,0.0,2026,hqs,27.635591607770152,0.8190503346626907,2.240082042000722,0.003376319305971265
coins,test,0.04,0.041259765625,0.0,2026,admm,27.658214035984994,0.8181643739383258,2.284453084008419,0.004362414125353098
coins,test,0.1,0.1001129150390625,0.0,2026,adjoint,23.948123702632703,0.562741035122541,1.9625003915280104e-05,0.0028964397497475147
coins,test,0.1,0.1001129150390625,0.0,2026,fista_dct,25.251068939488675,0.6407822791849123,0.2011899580102181,0.0010817405015101165
coins,test,0.1,0.1001129150390625,0.0,2026,hqs,30.32752829612644,0.8884585161930472,2.2722679160069674,0.0029731644317507744
coins,test,0.1,0.1001129150390625,0.0,2026,admm,30.39816001937819,0.8889560434123873,2.302437207996263,0.004114414565265179
coins,test,0.25,0.25,0.0,2026,adjoint,26.86664973700435,0.7014224163191318,3.1917006708681583e-05,0.003591516287997365
coins,test,0.25,0.25,0.0,2026,fista_dct,28.505441888248612,0.7722004630449713,0.23361125000519678,0.0013824111298795612
coins,test,0.25,0.25,0.0,2026,hqs,34.41553512294781,0.9464870952405929,2.235372583003482,0.001972034340724349
coins,test,0.25,0.25,0.0,2026,admm,34.38575632080288,0.9461597923159599,2.2733294159988873,0.002882587257772684
coins,test,0.5,0.4998931884765625,0.0,2026,adjoint,30.22585367964965,0.821781523824215,4.449998959898949e-05,0.004677218850702047
coins,test,0.5,0.4998931884765625,0.0,2026,fista_dct,32.17309934707381,0.8764534610786437,0.2260238750022836,0.0018197452565875815
coins,test,0.5,0.4998931884765625,0.0,2026,hqs,39.006415886722834,0.9782641936178207,2.310774625002523,0.001544067868962884
coins,test,0.5,0.4998931884765625,0.0,2026,admm,39.03806377268112,0.9781374356193543,2.271469708008226,0.002388160675764084
coins,test,0.1,0.1001129150390625,0.01,2026,adjoint,23.928736739724403,0.560925500880854,1.9791987142525613e-05,0.0028973999433219433
coins,test,0.1,0.1001129150390625,0.01,2026,fista_dct,25.196397949641497,0.6372777377666803,0.23593329200230073,0.0009349379300875349
coins,test,0.1,0.1001129150390625,0.01,2026,hqs,30.131735551373986,0.8821341871089247,2.301707999999053,0.0026772096753120422
coins,test,0.1,0.1001129150390625,0.01,2026,admm,30.202899117980728,0.88408532937482,2.3621896669937996,0.004041797481477261
coins,test,0.1,0.1001129150390625,0.01,2027,adjoint,23.929403638617607,0.5610505175842792,2.2957989131100476e-05,0.0028976912144571543
coins,test,0.1,0.1001129150390625,0.01,2027,fista_dct,25.198369914998253,0.6363131173348897,0.2004987499967683,0.0009854053645927628
coins,test,0.1,0.1001129150390625,0.01,2027,hqs,30.154311896119598,0.8816641147175879,2.439160666996031,0.0025836252607405186
coins,test,0.1,0.1001129150390625,0.01,2027,admm,30.184127826733903,0.8833888462425172,2.483767458994407,0.003857910167425871
coins,test,0.1,0.1001129150390625,0.01,2028,adjoint,23.928647086328922,0.5608612593497744,2.5291999918408692e-05,0.00289736595004797
coins,test,0.1,0.1001129150390625,0.01,2028,fista_dct,25.213448183593382,0.6378503832470142,0.1996486249990994,0.001064524642457421
coins,test,0.1,0.1001129150390625,0.01,2028,hqs,30.0988446085489,0.8808398343521505,2.300138374994276,0.002599407220259309
coins,test,0.1,0.1001129150390625,0.01,2028,admm,30.14418815738489,0.8826977245350778,2.4798060840112157,0.004025376867502928
coins,test,0.1,0.1001129150390625,0.05,2026,adjoint,23.48686212468754,0.5233144022312132,2.2207997972145677e-05,0.0029278211295604706
coins,test,0.1,0.1001129150390625,0.05,2026,fista_dct,24.197921963195977,0.5588836226686863,0.2002077919896692,0.0011645790432577789
coins,test,0.1,0.1001129150390625,0.05,2026,hqs,27.81790785159234,0.7677439900611452,2.3704020839941222,0.0026239186991006136
coins,test,0.1,0.1001129150390625,0.05,2026,admm,27.909828215138923,0.7784384948512911,2.464961834004498,0.00407582288607955
coins,test,0.1,0.1001129150390625,0.05,2027,adjoint,23.496871429482155,0.5237203794332312,2.066700835712254e-05,0.002909432863816619
coins,test,0.1,0.1001129150390625,0.05,2027,fista_dct,24.299948598071524,0.5652296744780261,0.20116850000340492,0.0011803745721554984
coins,test,0.1,0.1001129150390625,0.05,2027,hqs,27.842109515262234,0.7646999003695547,2.428689167005359,0.002521723974496126
coins,test,0.1,0.1001129150390625,0.05,2027,admm,27.89463965020807,0.7733665617603361,2.5073899580020225,0.0034993160516023636
coins,test,0.1,0.1001129150390625,0.05,2028,adjoint,23.48646486529976,0.5222442100812256,2.2332998923957348e-05,0.0029161355923861265
coins,test,0.1,0.1001129150390625,0.05,2028,fista_dct,24.219291884031403,0.5596846043716206,0.2030892920010956,0.0015226513979996286
coins,test,0.1,0.1001129150390625,0.05,2028,hqs,27.76967584596765,0.7600242981895209,2.481791540994891,0.0024067889899015427
coins,test,0.1,0.1001129150390625,0.05,2028,admm,27.888521563693487,0.7726798071914017,2.6476824580022367,0.00429981155321002
moon,test,0.01,0.01031494140625,0.0,2026,adjoint,30.48954585653391,0.7238372005057978,1.1708005331456661e-05,0.0018420109990984201
moon,test,0.01,0.01031494140625,0.0,2026,fista_dct,31.209561982503324,0.7995320640886929,0.1880532080103876,0.0002735666630462284
moon,test,0.01,0.01031494140625,0.0,2026,hqs,33.7973973730574,0.8659607809790373,2.62818275000609,0.0016268331091850996
moon,test,0.01,0.01031494140625,0.0,2026,admm,33.74087728321663,0.8650524023012706,2.7626782080042176,0.0035087941214442253
moon,test,0.04,0.041259765625,0.0,2026,adjoint,32.61337525944675,0.7641799628641307,1.7292011762037873e-05,0.0024723540991544724
moon,test,0.04,0.041259765625,0.0,2026,fista_dct,33.88376140209016,0.8274227022097707,0.19695158299873583,0.0006653829489465919
moon,test,0.04,0.041259765625,0.0,2026,hqs,37.07929045355231,0.9067736547846794,2.7254811250022613,0.001000055461190641
moon,test,0.04,0.041259765625,0.0,2026,admm,37.21013806468656,0.9071935584914684,2.8621149160026107,0.002611063187941909
moon,test,0.1,0.1001129150390625,0.0,2026,adjoint,34.16900727916061,0.8049490009675025,2.083300205413252e-05,0.0030059078708291054
moon,test,0.1,0.1001129150390625,0.0,2026,fista_dct,35.68439854986877,0.8632142456889152,0.20257829201000277,0.0008935770795709656
moon,test,0.1,0.1001129150390625,0.0,2026,hqs,39.45608565591775,0.9361538516302109,2.757329291998758,0.000611115712672472
moon,test,0.1,0.1001129150390625,0.0,2026,admm,39.46020784394412,0.935755069685936,2.9310425000003306,0.0017945150611922145
moon,test,0.25,0.25,0.0,2026,adjoint,36.57840443295653,0.867461001812458,2.750000567175448e-05,0.003788391361013055
moon,test,0.25,0.25,0.0,2026,fista_dct,38.43731262051233,0.9164211821069718,0.2108819170098286,0.0014350801548516175
moon,test,0.25,0.25,0.0,2026,hqs,42.300241435356924,0.9629076020460129,2.8084383749956032,0.0004883238580077887
moon,test,0.25,0.25,0.0,2026,admm,42.28757483947738,0.9626028492517471,3.0248221249930793,0.0015326698776334524
moon,test,0.5,0.4998931884765625,0.0,2026,adjoint,39.17481325225312,0.9171980987672805,4.679099947679788e-05,0.004940852522850037
moon,test,0.5,0.4998931884765625,0.0,2026,fista_dct,41.47748260922719,0.9543353244838715,0.22799891700560693,0.0017782909971063388
moon,test,0.5,0.4998931884765625,0.0,2026,hqs,45.915704920040845,0.9823251320276261,2.9145436659891857,0.0004951053997501731
moon,test,0.5,0.4998931884765625,0.0,2026,admm,45.91496013670962,0.9821899121789932,2.919437457996537,0.001225510612130165
moon,test,0.1,0.1001129150390625,0.01,2026,adjoint,33.95438714228082,0.7950761747450829,2.9000002541579306e-05,0.003005960490554571
moon,test,0.1,0.1001129150390625,0.01,2026,fista_dct,35.146474099750876,0.8422660116391182,0.211143082997296,0.0009090732699629544
moon,test,0.1,0.1001129150390625,0.01,2026,hqs,38.20811108805773,0.9181099665904046,2.8505967919918476,0.0005091459606774151
moon,test,0.1,0.1001129150390625,0.01,2026,admm,38.378608735588244,0.9218370792527198,2.9475095419911668,0.002166471444070339
moon,test,0.1,0.1001129150390625,0.01,2027,adjoint,33.95703292474038,0.7953972357406616,2.2666004952043295e-05,0.003006062703207135
moon,test,0.1,0.1001129150390625,0.01,2027,fista_dct,35.19511761671091,0.8437123109145165,0.21344433299964294,0.000913385194044264
moon,test,0.1,0.1001129150390625,0.01,2027,hqs,38.22808653939311,0.9188895098028182,2.9918902499921387,0.0005173975951038301
moon,test,0.1,0.1001129150390625,0.01,2027,admm,38.31179209716338,0.9219409738206863,3.0689790830074344,0.002216700930148363
moon,test,0.1,0.1001129150390625,0.01,2028,adjoint,33.95328389526444,0.7948977853808403,2.170799416489899e-05,0.0030061022844165564
moon,test,0.1,0.1001129150390625,0.01,2028,fista_dct,35.18461928259785,0.8431237204766273,0.20572954199451488,0.0008968168034887157
moon,test,0.1,0.1001129150390625,0.01,2028,hqs,38.12513280482171,0.9169518044056892,2.887529249986983,0.00048122176667675376
moon,test,0.1,0.1001129150390625,0.01,2028,admm,38.26646572167211,0.9206929448776245,3.0065564999968046,0.0022065737284719944
moon,test,0.1,0.1001129150390625,0.05,2026,adjoint,30.610757632350722,0.6207356868705749,2.12500017369166e-05,0.0030153754632920027
moon,test,0.1,0.1001129150390625,0.05,2026,fista_dct,29.648244374748476,0.5642212494783029,0.21020025000325404,0.0013156430745659227
moon,test,0.1,0.1001129150390625,0.05,2026,hqs,31.44028281874075,0.6804477740139961,2.8431198339967523,0.0007295548566617072
moon,test,0.1,0.1001129150390625,0.05,2026,admm,31.828283148459825,0.7001261873040199,3.0389854579989333,0.002561619970947504
moon,test,0.1,0.1001129150390625,0.05,2027,adjoint,30.634946910725528,0.6240609932864308,2.404100087005645e-05,0.003009436186403036
moon,test,0.1,0.1001129150390625,0.05,2027,fista_dct,29.728729145026733,0.5712712104985714,0.20934108400251716,0.0012673612963002476
moon,test,0.1,0.1001129150390625,0.05,2027,hqs,31.420534495874662,0.6821995859373808,3.00670062500285,0.0005445459391921759
moon,test,0.1,0.1001129150390625,0.05,2027,admm,31.77786679207378,0.7017432494783401,3.0765603329928126,0.0020412886515259743
moon,test,0.1,0.1001129150390625,0.05,2028,adjoint,30.590533554463775,0.6191915709176063,2.108400803990662e-05,0.0030079686548560858
moon,test,0.1,0.1001129150390625,0.05,2028,fista_dct,29.705217292597577,0.5689331469174623,0.21362791700812522,0.0012288277319086203
moon,test,0.1,0.1001129150390625,0.05,2028,hqs,31.338952917729195,0.6754517799911499,2.943746958000702,0.000572764896787703
moon,test,0.1,0.1001129150390625,0.05,2028,admm,31.79627520669879,0.7009597097284794,3.048937917003059,0.002841600216925144
page,test,0.01,0.01031494140625,0.0,2026,adjoint,19.304481297006614,0.3628318481012173,1.2083008186891675e-05,0.0018050875514745712
page,test,0.01,0.01031494140625,0.0,2026,fista_dct,19.60561583539373,0.49498380277239323,0.19474720799189527,0.00018511591571601435
page,test,0.01,0.01031494140625,0.0,2026,hqs,20.142640889719452,0.5984150396851899,2.955897250009002,0.0031696720980107784
page,test,0.01,0.01031494140625,0.0,2026,admm,20.17949136566228,0.6020330806553769,3.060949457998504,0.004859544336795807
page,test,0.04,0.041259765625,0.0,2026,adjoint,20.168330847081386,0.42300296652038877,1.708300260361284e-05,0.0025181162636727095
page,test,0.04,0.041259765625,0.0,2026,fista_dct,20.18544518502651,0.444617460364812,0.2067478340031812,0.001200243385414752
page,test,0.04,0.041259765625,0.0,2026,hqs,21.496388170549224,0.7239584351517083,2.8672588749905117,0.0028230997268110514
page,test,0.04,0.041259765625,0.0,2026,admm,21.468497132475544,0.7231978710974449,3.1394792089995462,0.00444848882034421
page,test,0.1,0.1001129150390625,0.0,2026,adjoint,21.144132505040684,0.4978133509356391,2.4334003683179617e-05,0.0032075413037091494
page,test,0.1,0.1001129150390625,0.0,2026,fista_dct,20.950404038228278,0.4808334951063143,0.21264958300162107,0.002367021807999292
page,test,0.1,0.1001129150390625,0.0,2026,hqs,24.021498209492908,0.8531640791913188,2.9294533750071423,0.0037914905697107315
page,test,0.1,0.1001129150390625,0.0,2026,admm,24.070358936673657,0.8529784093757616,3.198679291002918,0.004774124827235937
page,test,0.25,0.25,0.0,2026,adjoint,23.255558658002272,0.6296978825256023,3.458300489000976e-05,0.0047196256928145885
page,test,0.25,0.25,0.0,2026,fista_dct,23.113922344559278,0.6109273454126363,0.2427507499960484,0.0032742239083589256
page,test,0.25,0.25,0.0,2026,hqs,29.64006905481844,0.9517534893115759,3.1045824580069166,0.002876942278817296
page,test,0.25,0.25,0.0,2026,admm,29.55974056251893,0.9514923765422105,3.1003937920031603,0.003447979921475053
page,test,0.5,0.4998931884765625,0.0,2026,adjoint,26.382557134589728,0.7608423147627116,5.425000563263893e-05,0.005287288222461939
page,test,0.5,0.4998931884765625,0.0,2026,fista_dct,26.295037069873576,0.7412058968061209,0.26295362500241026,0.002526796909754523
page,test,0.5,0.4998931884765625,0.0,2026,hqs,37.11458265099444,0.9869322020673752,3.064194167003734,0.001744682900607586
page,test,0.5,0.4998931884765625,0.0,2026,admm,37.38194409525076,0.9873840778932571,3.1736072920029983,0.0019747428596019745
page,test,0.1,0.1001129150390625,0.01,2026,adjoint,21.117166098523686,0.49292620786638514,2.4084001779556274e-05,0.003217581892386079
page,test,0.1,0.1001129150390625,0.01,2026,fista_dct,20.8805214581032,0.47097492567461074,0.23521374999836553,0.002518587763265705
page,test,0.1,0.1001129150390625,0.01,2026,hqs,23.786642050524378,0.8344881265462079,3.3303282499982743,0.0033286605030298233
page,test,0.1,0.1001129150390625,0.01,2026,admm,23.80810034764496,0.8394818550489154,3.165502874995582,0.004454656504094601
page,test,0.1,0.1001129150390625,0.01,2027,adjoint,21.11685353124841,0.49275782783280686,2.3208995116874576e-05,0.003194510005414486
page,test,0.1,0.1001129150390625,0.01,2027,fista_dct,20.91376576453138,0.475317511188695,0.22893216599186417,0.002399618447099376
page,test,0.1,0.1001129150390625,0.01,2027,hqs,23.782936985156113,0.8346579496710822,3.038120749988593,0.003508165944367647
page,test,0.1,0.1001129150390625,0.01,2027,admm,23.789754032942312,0.8396973969977889,3.1098948339931667,0.004454623907804489
page,test,0.1,0.1001129150390625,0.01,2028,adjoint,21.11654155404051,0.4922123052241942,2.245799987576902e-05,0.0032090325839817524
page,test,0.1,0.1001129150390625,0.01,2028,fista_dct,20.884525862374005,0.46926622155253855,0.22835320798913017,0.0023552062358783072
page,test,0.1,0.1001129150390625,0.01,2028,hqs,23.73863887303009,0.8333438707228582,2.978080749991932,0.003170730546116829
page,test,0.1,0.1001129150390625,0.01,2028,admm,23.74206367257077,0.8387394280144163,3.2704288749955595,0.004596669692546129
page,test,0.1,0.1001129150390625,0.05,2026,adjoint,20.525225098629182,0.40956338091689276,2.387499262113124e-05,0.0036571272648870945
page,test,0.1,0.1001129150390625,0.05,2026,fista_dct,19.97817376006556,0.36733877099501666,0.24049024999840185,0.004389204511309838
page,test,0.1,0.1001129150390625,0.05,2026,hqs,21.585060730290838,0.561876993270386,3.070639958998072,0.002218890003859997
page,test,0.1,0.1001129150390625,0.05,2026,admm,21.568983733725112,0.5730960395706552,3.1521052080061054,0.0024585502687841654
page,test,0.1,0.1001129150390625,0.05,2027,adjoint,20.51780719517955,0.4092700601160822,2.2541993530467153e-05,0.0036187926307320595
page,test,0.1,0.1001129150390625,0.05,2027,fista_dct,20.05488565064079,0.3758237414393503,0.22935870799119584,0.004478113050911259
page,test,0.1,0.1001129150390625,0.05,2027,hqs,21.435236666300312,0.5568080824475155,3.073736916994676,0.0019638286903500557
page,test,0.1,0.1001129150390625,0.05,2027,admm,21.45047566434368,0.5689488705940966,3.0992971249943366,0.0022449044045060873
page,test,0.1,0.1001129150390625,0.05,2028,adjoint,20.51790846025691,0.408320710548614,2.4416993255726993e-05,0.003756373655050993
page,test,0.1,0.1001129150390625,0.05,2028,fista_dct,20.00662194366732,0.37158821882293186,0.22930929198628291,0.0044588069493426115
page,test,0.1,0.1001129150390625,0.05,2028,hqs,21.3967321012207,0.547259785184383,3.1467935419932473,0.002244185656309128
page,test,0.1,0.1001129150390625,0.05,2028,admm,21.38343592311603,0.5575820012471256,3.1364480829943204,0.001970563316717744
clock,test,0.01,0.01031494140625,0.0,2026,adjoint,34.25491183902457,0.8340882366316097,1.3208002201281488e-05,0.0018260334618389606
clock,test,0.01,0.01031494140625,0.0,2026,fista_dct,37.276814813371345,0.9590175833028177,0.2102348750049714,0.00020158131235593373
clock,test,0.01,0.01031494140625,0.0,2026,hqs,40.38693305672287,0.9793073368795957,3.327856709001935,0.0011262432672083378
clock,test,0.01,0.01031494140625,0.0,2026,admm,42.04538109369135,0.9816091497425735,3.2282065419858554,0.0014651980018243194
clock,test,0.04,0.041259765625,0.0,2026,adjoint,37.059495146680796,0.8783396896574497,2.3207991034723818e-05,0.0024568154476583004
clock,test,0.04,0.041259765625,0.0,2026,fista_dct,41.038902421950844,0.9673454731500148,0.21488558300188743,0.0004190635153653107
clock,test,0.04,0.041259765625,0.0,2026,hqs,45.85374403897831,0.9903364841856956,3.2159997089911485,0.001021641306579113
clock,test,0.04,0.041259765625,0.0,2026,admm,46.700733712773,0.9910141063127518,3.1045282910054084,0.0012582337949424982
clock,test,0.1,0.1001129150390625,0.0,2026,adjoint,38.694221390296576,0.9002065091385841,2.1916988771408796e-05,0.0030073043890297413
clock,test,0.1,0.1001129150390625,0.0,2026,fista_dct,43.793139206667455,0.9784965499124527,0.2072191670013126,0.0006319646219686294
clock,test,0.1,0.1001129150390625,0.0,2026,hqs,50.44045416348767,0.9940481624355316,3.203733000002103,0.0004427033709362149
clock,test,0.1,0.1001129150390625,0.0,2026,admm,51.33720573025687,0.9943688346967697,3.100664917001268,0.000857610022649169
clock,test,0.25,0.25,0.0,2026,adjoint,40.65069464300634,0.9283891567964554,4.4500004150904715e-05,0.0037955131847411394
clock,test,0.25,0.25,0.0,2026,fista_dct,49.02082205429669,0.9917484219474793,0.22674883299623616,0.0009264488654596757
clock,test,0.25,0.25,0.0,2026,hqs,53.54731304468253,0.9959491081571579,3.1330069579998963,0.00023207097547128797
clock,test,0.25,0.25,0.0,2026,admm,53.77807335690019,0.9960259824600219,3.157215124985669,0.00039892346831038594
clock,test,0.5,0.4998931884765625,0.0,2026,adjoint,41.78206503822984,0.9413813026618958,5.545800377149135e-05,0.004957662895321846
clock,test,0.5,0.4998931884765625,0.0,2026,fista_dct,53.27631824864697,0.9960343411874771,0.23682991600071546,0.0012084179186166474
clock,test,0.5,0.4998931884765625,0.0,2026,hqs,56.03512262019147,0.9975323871946334,3.0410850000043865,0.0002633240364957601
clock,test,0.5,0.4998931884765625,0.0,2026,admm,56.12084401707959,0.9975594570751191,3.161990959008108,0.00035206114989705384
clock,test,0.1,0.1001129150390625,0.01,2026,adjoint,37.74139611813721,0.8775979100723267,2.3832995793782175e-05,0.0030075842514634132
clock,test,0.1,0.1001129150390625,0.01,2026,fista_dct,40.30111697105546,0.9358430118477344,0.2164187089947518,0.0006673642337925303
clock,test,0.1,0.1001129150390625,0.01,2026,hqs,42.57211749607418,0.9582669592952728,3.0230374579987256,0.0002925674489233643
clock,test,0.1,0.1001129150390625,0.01,2026,admm,43.172300477014346,0.9635824233779907,3.2888151250081137,0.0005166163318790495
clock,test,0.1,0.1001129150390625,0.01,2027,adjoint,37.70811893581492,0.8772471476464272,3.024999750778079e-05,0.0030073877424001694
clock,test,0.1,0.1001129150390625,0.01,2027,fista_dct,40.33387671012307,0.9366462283368111,0.2628304169920739,0.0006695451045574814
clock,test,0.1,0.1001129150390625,0.01,2027,hqs,42.539325167220596,0.9580889561109542,3.1148634999990463,0.0002891655021812767
clock,test,0.1,0.1001129150390625,0.01,2027,admm,43.25627825218997,0.9639261883707047,2.9508645000023535,0.000596913043409586
clock,test,0.1,0.1001129150390625,0.01,2028,adjoint,37.73644299671546,0.8776524599642753,2.416600182186812e-05,0.003007656428962946
clock,test,0.1,0.1001129150390625,0.01,2028,fista_dct,40.297574103103926,0.9356156731829643,0.2028925420017913,0.0006668263450608594
clock,test,0.1,0.1001129150390625,0.01,2028,hqs,42.571704802222186,0.9580739868659973,3.055568666997715,0.0003128163516521454
clock,test,0.1,0.1001129150390625,0.01,2028,admm,43.35448454362034,0.9644618639860153,3.119119209004566,0.0005997555563226342
clock,test,0.1,0.1001129150390625,0.05,2026,adjoint,30.14884120960393,0.5647538067743778,2.4374996428377926e-05,0.0030062950681895018
clock,test,0.1,0.1001129150390625,0.05,2026,fista_dct,28.576640374174573,0.4797944787016213,0.2395059999980731,0.0007150321367035301
clock,test,0.1,0.1001129150390625,0.05,2026,hqs,29.669261886678893,0.5559754400413036,3.14518649999809,0.001058716676197946
clock,test,0.1,0.1001129150390625,0.05,2026,admm,30.136887221446216,0.5866872411663532,3.1751129170006607,0.001577017130330205
clock,test,0.1,0.1001129150390625,0.05,2027,adjoint,30.04985086647984,0.5587943550404608,2.4916997062973678e-05,0.0030061760917305946
clock,test,0.1,0.1001129150390625,0.05,2027,fista_dct,28.540348605553596,0.4775417871479318,0.2364848750003148,0.0006777831301610409
clock,test,0.1,0.1001129150390625,0.05,2027,hqs,29.6448246181324,0.5539264390478283,3.0896600420092,0.0008521164418198168
clock,test,0.1,0.1001129150390625,0.05,2027,admm,30.13627769412354,0.5842784283305407,3.148001291003311,0.0015262647066265345
clock,test,0.1,0.1001129150390625,0.05,2028,adjoint,30.11762293247987,0.5624975509878397,2.19999928958714e-05,0.0030059253331273794
clock,test,0.1,0.1001129150390625,0.05,2028,fista_dct,28.57114326245358,0.47601291353034975,0.2257216250000056,0.000681669929182161
clock,test,0.1,0.1001129150390625,0.05,2028,hqs,29.67796756705093,0.5530228396095633,3.123756165994564,0.0007984809344634414
clock,test,0.1,0.1001129150390625,0.05,2028,admm,30.12360969148415,0.581331007306397,3.1661013330012793,0.001704353024251759
checkerboard,stress,0.01,0.01031494140625,0.0,2026,adjoint,6.019103806396872,0.003613028045562418,1.4042001566849649e-05,0.0018521130550652742
checkerboard,stress,0.01,0.01031494140625,0.0,2026,fista_dct,6.020110053190082,0.003514647726951669,0.18158429198956583,0.00022149516812891752
checkerboard,stress,0.01,0.01031494140625,0.0,2026,hqs,6.020078136323431,0.0035350564036648064,3.123227832998964,0.0013674217043444514
checkerboard,stress,0.01,0.01031494140625,0.0,2026,admm,6.020110729052963,0.0035804448584863748,3.1729710419895127,0.002111753448843956
checkerboard,stress,0.04,0.041259765625,0.0,2026,adjoint,6.044671445086076,0.013874046390528492,2.7667003450915217e-05,0.002479963470250368
checkerboard,stress,0.04,0.041259765625,0.0,2026,fista_dct,6.0220450555092135,0.013968201950633165,0.2030991250067018,0.0005272502502670401
checkerboard,stress,0.04,0.041259765625,0.0,2026,hqs,6.050524194067387,0.01504224134336844,3.231547583010979,0.0001276269176742062
checkerboard,stress,0.04,0.041259765625,0.0,2026,admm,6.034618526886625,0.011598223230750488,3.325437499996042,0.0004885074449703097
checkerboard,stress,0.1,0.1001129150390625,0.0,2026,adjoint,6.440613276420572,0.158590177127889,2.3542001144960523e-05,0.01731094904243946
checkerboard,stress,0.1,0.1001129150390625,0.0,2026,fista_dct,8.18554304909182,0.47647427633282147,0.22905979199276771,0.035079772577364166
checkerboard,stress,0.1,0.1001129150390625,0.0,2026,hqs,6.513902375408272,0.18288406766359921,3.1506114160001744,0.004480388946831226
checkerboard,stress,0.1,0.1001129150390625,0.0,2026,admm,6.492603629716339,0.18049001231273007,3.225637540992466,0.006630436051636934
checkerboard,stress,0.25,0.25,0.0,2026,adjoint,9.351024832408042,0.6479099715361595,4.070799332112074e-05,0.14448897540569305
checkerboard,stress,0.25,0.25,0.0,2026,fista_dct,13.171710202549944,0.8709456274757386,0.2326500409981236,0.1159549077838107
checkerboard,stress,0.25,0.25,0.0,2026,hqs,13.759669435675821,0.8890935029754639,3.1490659580013016,0.07982774823904037
checkerboard,stress,0.25,0.25,0.0,2026,admm,14.755164662640238,0.9157141248645783,3.2001469590031775,0.05940732732415199
checkerboard,stress,0.5,0.4998931884765625,0.0,2026,adjoint,12.03055408163747,0.8253462017230988,5.608299397863448e-05,0.15504463016986847
checkerboard,stress,0.5,0.4998931884765625,0.0,2026,fista_dct,14.327175015420732,0.9039401540813446,0.2408367080060998,0.12429857396720699
checkerboard,stress,0.5,0.4998931884765625,0.0,2026,hqs,18.86899331879243,0.9699926217889786,3.103397333994508,0.06125742197036743
checkerboard,stress,0.5,0.4998931884765625,0.0,2026,admm,21.324267460291075,0.9838218676719666,3.1765660410019336,0.04232292249798775
checkerboard,stress,0.1,0.1001129150390625,0.01,2026,adjoint,6.440138267867539,0.15856313646486658,2.587500785011798e-05,0.017355019226670265
checkerboard,stress,0.1,0.1001129150390625,0.01,2026,fista_dct,8.181501003890615,0.4761361920180804,0.23671524999372195,0.03511305820839859
checkerboard,stress,0.1,0.1001129150390625,0.01,2026,hqs,6.51477114441041,0.18317725286371495,3.181534666000516,0.004445916973054409
checkerboard,stress,0.1,0.1001129150390625,0.01,2026,admm,6.49292635493282,0.18070028391944426,3.3315787080064183,0.00675218878313899
checkerboard,stress,0.1,0.1001129150390625,0.01,2027,adjoint,6.440067091756654,0.15854789615744916,2.7000001864507794e-05,0.01735679991543293
checkerboard,stress,0.1,0.1001129150390625,0.01,2027,fista_dct,8.184215303274781,0.47660013931891315,0.24644704199454281,0.035218375035408554
checkerboard,stress,0.1,0.1001129150390625,0.01,2027,hqs,6.513228124773867,0.18287862210323358,3.1546394580072956,0.004456328693777323
checkerboard,stress,0.1,0.1001129150390625,0.01,2027,admm,6.492836687652793,0.1805968744972357,3.248687583996798,0.006677461788058281
checkerboard,stress,0.1,0.1001129150390625,0.01,2028,adjoint,6.440097383419293,0.15863355393720585,2.474999928381294e-05,0.017249196767807007
checkerboard,stress,0.1,0.1001129150390625,0.01,2028,fista_dct,8.181891156676798,0.4761642402989104,0.2386641659977613,0.03513070950736782
checkerboard,stress,0.1,0.1001129150390625,0.01,2028,hqs,6.514232817756916,0.18318735737747943,3.0535717089951504,0.004442804027348757
checkerboard,stress,0.1,0.1001129150390625,0.01,2028,admm,6.491307295317823,0.18052441479192224,3.1985178329923656,0.006676089949905872
checkerboard,stress,0.1,0.1001129150390625,0.05,2026,adjoint,6.428281265907431,0.1581285796426174,2.4958993890322745e-05,0.017797352746129036
checkerboard,stress,0.1,0.1001129150390625,0.05,2026,fista_dct,8.14151917936118,0.471528159035163,0.24369945800572168,0.036347855865664004
checkerboard,stress,0.1,0.1001129150390625,0.05,2026,hqs,6.508192793434377,0.18456368475126064,3.1655221249966417,0.004684031940996647
checkerboard,stress,0.1,0.1001129150390625,0.05,2026,admm,6.476902461855901,0.18069381712769955,3.1903866670036223,0.007020053453743458
checkerboard,stress,0.1,0.1001129150390625,0.05,2027,adjoint,6.428082088903192,0.1580573639738739,2.7541987947188318e-05,0.017806388437747955
checkerboard,stress,0.1,0.1001129150390625,0.05,2027,fista_dct,8.148974750607152,0.4735267346685122,0.2499660000030417,0.037081143288744754
checkerboard,stress,0.1,0.1001129150390625,0.05,2027,hqs,6.501449277560294,0.18320706105078047,3.1173318329965696,0.004828030709177256
checkerboard,stress,0.1,0.1001129150390625,0.05,2027,admm,6.476795299759931,0.18036800648221699,3.3345940410072217,0.0068192798644304276
checkerboard,stress,0.1,0.1001129150390625,0.05,2028,adjoint,6.427924772096999,0.15847445295866538,2.462499833200127e-05,0.017232488840818405
checkerboard,stress,0.1,0.1001129150390625,0.05,2028,fista_dct,8.147295036012581,0.4723980604201084,0.2430347920017084,0.03602602260061248
checkerboard,stress,0.1,0.1001129150390625,0.05,2028,hqs,6.505958466651524,0.18460107554166874,3.0829037920047995,0.004648005124181509
checkerboard,stress,0.1,0.1001129150390625,0.05,2028,admm,6.470317746522122,0.18008787002984042,3.2120377909886884,0.0070229265838861465
small_text,stress,0.01,0.01031494140625,0.0,2026,adjoint,18.63167489492242,0.5433473205373202,1.2999997125007212e-05,0.004769136197865009
small_text,stress,0.01,0.01031494140625,0.0,2026,fista_dct,18.765047309139813,0.71582697811869,0.2223260000027949,0.004761561625324724
small_text,stress,0.01,0.01031494140625,0.0,2026,hqs,19.490460828428308,0.8588540487865567,3.1615735000086715,0.0027572361286729574
small_text,stress,0.01,0.01031494140625,0.0,2026,admm,19.538327827798252,0.8659945913715481,3.1461849169863854,0.0032780540641397238
small_text,stress,0.04,0.041259765625,0.0,2026,adjoint,19.415623270072313,0.5233068248120714,1.833400165196508e-05,0.007152254227548838
small_text,stress,0.04,0.041259765625,0.0,2026,fista_dct,19.24195099466074,0.5034381023447927,0.2202536249969853,0.0076342325860658585
small_text,stress,0.04,0.041259765625,0.0,2026,hqs,22.55934056319721,0.921632021988323,3.2166338749957504,0.0028479271568357944
small_text,stress,0.04,0.041259765625,0.0,2026,admm,22.579284817694194,0.9250712847508653,3.1371977079979843,0.0028506931848824024
small_text,stress,0.1,0.1001129150390625,0.0,2026,adjoint,20.475472225764157,0.5162465826635957,2.316699828952551e-05,0.011542568914592266
small_text,stress,0.1,0.1001129150390625,0.0,2026,fista_dct,20.189080812870937,0.4364333262863569,0.2270837090036366,0.014244730213714946
small_text,stress,0.1,0.1001129150390625,0.0,2026,hqs,31.037390158545875,0.9852206552014351,2.974045416005538,0.0023629439529031515
small_text,stress,0.1,0.1001129150390625,0.0,2026,admm,30.78665589695873,0.9838747625133991,3.077308207997703,0.0017982545541599393
small_text,stress,0.25,0.25,0.0,2026,adjoint,22.90308096913349,0.5674124704900384,2.8291993658058345e-05,0.01401663850992918
small_text,stress,0.25,0.25,0.0,2026,fista_dct,22.85356263359826,0.49059963000279666,0.2341752920037834,0.014662959748404696
small_text,stress,0.25,0.25,0.0,2026,hqs,42.27712087955179,0.9980085035886764,2.956498667001142,0.001223731436766684
small_text,stress,0.25,0.25,0.0,2026,admm,42.80578098045491,0.9982052646999359,3.123592624993762,0.0011465009301900864
small_text,stress,0.5,0.4998931884765625,0.0,2026,adjoint,26.46464643066694,0.6460084510933757,4.8542002332396805e-05,0.013250637799501419
small_text,stress,0.5,0.4998931884765625,0.0,2026,fista_dct,26.59391845916985,0.5799796117494106,0.23850245898938738,0.01153700958666702
small_text,stress,0.5,0.4998931884765625,0.0,2026,hqs,52.732720874422874,0.9996464176092148,3.0399754579993896,0.0009397883550263941
small_text,stress,0.5,0.4998931884765625,0.0,2026,admm,51.41632230783861,0.9993529988183976,3.1621193339960882,0.0009162873029708862
small_text,stress,0.1,0.1001129150390625,0.01,2026,adjoint,20.439874936009566,0.5023504162000567,4.033399454783648e-05,0.011679665185511112
small_text,stress,0.1,0.1001129150390625,0.01,2026,fista_dct,20.16618981260153,0.4246250275654644,0.2520650829974329,0.014560491903774859
small_text,stress,0.1,0.1001129150390625,0.01,2026,hqs,29.53833830882667,0.9471047901101113,3.172931499997503,0.002756837522611022
small_text,stress,0.1,0.1001129150390625,0.01,2026,admm,29.98029161176055,0.9569776194736958,3.2146001670043916,0.0031316359527409077
small_text,stress,0.1,0.1001129150390625,0.01,2027,adjoint,20.44656321957415,0.5014868530091942,2.3917004000395536e-05,0.01186115201562643
small_text,stress,0.1,0.1001129150390625,0.01,2027,fista_dct,20.15891470208413,0.42347960278379915,0.24112874999991618,0.014741251759313057
small_text,stress,0.1,0.1001129150390625,0.01,2027,hqs,29.44882522943434,0.948899247068286,3.1312263750005513,0.002854460384696722
small_text,stress,0.1,0.1001129150390625,0.01,2027,admm,29.838288105068663,0.9568294011220932,3.1957862499984913,0.0031383929308503866
small_text,stress,0.1,0.1001129150390625,0.01,2028,adjoint,20.445642812745678,0.5026075566138625,2.404199040029198e-05,0.011792043223977089
small_text,stress,0.1,0.1001129150390625,0.01,2028,fista_dct,20.14345541682678,0.42409612211938946,0.24182795800152235,0.014724527232236606
small_text,stress,0.1,0.1001129150390625,0.01,2028,hqs,29.39586856877125,0.9489244019119739,3.1899852919887053,0.002741488628089428
small_text,stress,0.1,0.1001129150390625,0.01,2028,admm,29.787170701470252,0.9583010421032906,3.1361322080047103,0.0031178060453385115
small_text,stress,0.1,0.1001129150390625,0.05,2026,adjoint,19.80314751827837,0.35192124744112696,2.4583001504652202e-05,0.019691433757543564
small_text,stress,0.1,0.1001129150390625,0.05,2026,fista_dct,19.369385106761392,0.2957825505829828,0.24719883399666287,0.026349321406354806
small_text,stress,0.1,0.1001129150390625,0.05,2026,hqs,21.249766383247323,0.38001757430797817,3.0462026669993065,0.00491040525957942
small_text,stress,0.1,0.1001129150390625,0.05,2026,admm,20.91452890602577,0.36282635852561146,3.178381999998237,0.003919969312846661
small_text,stress,0.1,0.1001129150390625,0.05,2027,adjoint,19.853052790083744,0.35455811963098494,2.5832996470853686e-05,0.020726239308714867
small_text,stress,0.1,0.1001129150390625,0.05,2027,fista_dct,19.374662599480562,0.2997568977589514,0.24308420800662134,0.027005287071398643
small_text,stress,0.1,0.1001129150390625,0.05,2027,hqs,21.340081219940817,0.3879266108798385,3.2230382919951808,0.004980618599802256
small_text,stress,0.1,0.1001129150390625,0.05,2027,admm,21.10892978359031,0.3791516920919418,3.298676375008654,0.003983560483902693
small_text,stress,0.1,0.1001129150390625,0.05,2028,adjoint,19.858960563291994,0.3573226660764515,2.6500012609176338e-05,0.020510176196694374
small_text,stress,0.1,0.1001129150390625,0.05,2028,fista_dct,19.35751232522933,0.3006094427718446,0.24409691699838731,0.0272040630372166
small_text,stress,0.1,0.1001129150390625,0.05,2028,hqs,21.408558354245557,0.3946845482615605,3.115103750009439,0.005165245849639177
small_text,stress,0.1,0.1001129150390625,0.05,2028,admm,21.053326508259286,0.3766225640650522,3.161725749989273,0.004016202408820391
