image,split,cr,actual_cr,sigma,seed,method,stage,psnr,ssim
camera,test,0.01,0.01031494140625,0.0,2026,hqs,1,21.913342692707655,0.5282680802458871
camera,test,0.01,0.01031494140625,0.0,2026,hqs,2,22.82190684021912,0.6278889367703087
camera,test,0.01,0.01031494140625,0.0,2026,hqs,3,23.296419773722587,0.6651605422024089
camera,test,0.01,0.01031494140625,0.0,2026,hqs,4,23.50187212858642,0.6760830360817798
camera,test,0.01,0.01031494140625,0.0,2026,hqs,5,23.633707494048302,0.6826270426818959
camera,test,0.01,0.01031494140625,0.0,2026,hqs,6,23.71970297191313,0.6898069433445868
camera,test,0.01,0.01031494140625,0.0,2026,admm,1,21.856668085234432,0.5168176828860395
camera,test,0.01,0.01031494140625,0.0,2026,admm,2,22.97880353755761,0.6400899545978525
camera,test,0.01,0.01031494140625,0.0,2026,admm,3,23.416928824612086,0.6716486459401407
camera,test,0.01,0.01031494140625,0.0,2026,admm,4,23.53824173943646,0.6777005190317098
camera,test,0.01,0.01031494140625,0.0,2026,admm,5,23.567882629949352,0.6815147365501745
camera,test,0.01,0.01031494140625,0.0,2026,admm,6,23.571399126440873,0.6881184069491875
camera,test,0.04,0.041259765625,0.0,2026,hqs,1,24.37674266907061,0.6142735253449835
camera,test,0.04,0.041259765625,0.0,2026,hqs,2,26.045033019495328,0.7281886370682903
camera,test,0.04,0.041259765625,0.0,2026,hqs,3,27.06597050765162,0.7768600365734697
camera,test,0.04,0.041259765625,0.0,2026,hqs,4,27.739593407492297,0.7922239593100678
camera,test,0.04,0.041259765625,0.0,2026,hqs,5,28.17477937796779,0.8015068308333456
camera,test,0.04,0.041259765625,0.0,2026,hqs,6,28.548991902715656,0.8127598050408885
camera,test,0.04,0.041259765625,0.0,2026,admm,1,24.25466044098386,0.599823634560511
camera,test,0.04,0.041259765625,0.0,2026,admm,2,26.308232239211353,0.7429894291106183
camera,test,0.04,0.041259765625,0.0,2026,admm,3,27.365899750881194,0.7835601591956988
camera,test,0.04,0.041259765625,0.0,2026,admm,4,27.968128498185795,0.7947276926093102
camera,test,0.04,0.041259765625,0.0,2026,admm,5,28.375738649283054,0.8056070801024436
camera,test,0.04,0.041259765625,0.0,2026,admm,6,28.624267588214604,0.8109754846283793
camera,test,0.1,0.1001129150390625,0.0,2026,hqs,1,26.6851912702775,0.6840759660287108
camera,test,0.1,0.1001129150390625,0.0,2026,hqs,2,28.976845184463258,0.7997978415665626
camera,test,0.1,0.1001129150390625,0.0,2026,hqs,3,30.410925022575455,0.8514590690048933
camera,test,0.1,0.1001129150390625,0.0,2026,hqs,4,31.143919525431443,0.8657158336452245
camera,test,0.1,0.1001129150390625,0.0,2026,hqs,5,31.532888715187507,0.8735031962434053
camera,test,0.1,0.1001129150390625,0.0,2026,hqs,6,31.753028215346255,0.882429309518814
camera,test,0.1,0.1001129150390625,0.0,2026,admm,1,26.49150971926513,0.6714995617132671
camera,test,0.1,0.1001129150390625,0.0,2026,admm,2,29.395356598531382,0.8186961991831064
camera,test,0.1,0.1001129150390625,0.0,2026,admm,3,30.736639589728178,0.8566313109151125
camera,test,0.1,0.1001129150390625,0.0,2026,admm,4,31.14533698915096,0.8654623171373605
camera,test,0.1,0.1001129150390625,0.0,2026,admm,5,31.518181034399614,0.8756362361762524
camera,test,0.1,0.1001129150390625,0.0,2026,admm,6,31.738763457320335,0.8805678516902924
camera,test,0.25,0.25,0.0,2026,hqs,1,30.0297565892045,0.7948133715628386
camera,test,0.25,0.25,0.0,2026,hqs,2,32.62140697479697,0.8879235895256996
camera,test,0.25,0.25,0.0,2026,hqs,3,34.07080447444574,0.9217325926423073
camera,test,0.25,0.25,0.0,2026,hqs,4,34.85328888696312,0.9317939533901215
camera,test,0.25,0.25,0.0,2026,hqs,5,35.29014510656592,0.9373192001190186
camera,test,0.25,0.25,0.0,2026,hqs,6,35.618786880677206,0.9433383044624328
camera,test,0.25,0.25,0.0,2026,admm,1,29.8371688874524,0.7852983063666821
camera,test,0.25,0.25,0.0,2026,admm,2,33.21692531460711,0.9041669977903366
camera,test,0.25,0.25,0.0,2026,admm,3,34.260581843395684,0.9224695959806443
camera,test,0.25,0.25,0.0,2026,admm,4,34.67252224827436,0.9275297200307846
camera,test,0.25,0.25,0.0,2026,admm,5,35.24336701916701,0.9369861017484665
camera,test,0.25,0.25,0.0,2026,admm,6,35.60514814017062,0.9425661455259323
camera,test,0.5,0.4998931884765625,0.0,2026,hqs,1,33.42854736317136,0.8868459524769783
camera,test,0.5,0.4998931884765625,0.0,2026,hqs,2,36.32784706024202,0.9454167772665024
camera,test,0.5,0.4998931884765625,0.0,2026,hqs,3,38.29124282976774,0.9665547822294235
camera,test,0.5,0.4998931884765625,0.0,2026,hqs,4,39.63644663357863,0.9745378773727417
camera,test,0.5,0.4998931884765625,0.0,2026,hqs,5,40.589754808817816,0.9792551261491775
camera,test,0.5,0.4998931884765625,0.0,2026,hqs,6,41.38489409626941,0.9833569431171417
camera,test,0.5,0.4998931884765625,0.0,2026,admm,1,33.27850520457521,0.879443123413086
camera,test,0.5,0.4998931884765625,0.0,2026,admm,2,37.036503246479235,0.9548550891885758
camera,test,0.5,0.4998931884765625,0.0,2026,admm,3,38.61951543613324,0.9665785076284409
camera,test,0.5,0.4998931884765625,0.0,2026,admm,4,39.408266029266436,0.9709025634851456
camera,test,0.5,0.4998931884765625,0.0,2026,admm,5,40.44278213793284,0.9777840924272537
camera,test,0.5,0.4998931884765625,0.0,2026,admm,6,41.22682584769145,0.9825846431035995
camera,test,0.1,0.1001129150390625,0.01,2026,hqs,1,26.654590272962334,0.68089410827062
camera,test,0.1,0.1001129150390625,0.01,2026,hqs,2,28.905760471567703,0.7956429645687342
camera,test,0.1,0.1001129150390625,0.01,2026,hqs,3,30.271813623344293,0.8460026334997416
camera,test,0.1,0.1001129150390625,0.01,2026,hqs,4,30.895500335176358,0.8593305799191594
camera,test,0.1,0.1001129150390625,0.01,2026,hqs,5,31.176419144321436,0.8649040334248542
camera,test,0.1,0.1001129150390625,0.01,2026,hqs,6,31.21598099607416,0.8649235015159845
camera,test,0.1,0.1001129150390625,0.01,2026,admm,1,26.463795610479007,0.6685563652248108
camera,test,0.1,0.1001129150390625,0.01,2026,admm,2,29.299078094995835,0.8118689385861159
camera,test,0.1,0.1001129150390625,0.01,2026,admm,3,30.488767982980573,0.8462215769876241
camera,test,0.1,0.1001129150390625,0.01,2026,admm,4,30.7761712867459,0.8519921791634559
camera,test,0.1,0.1001129150390625,0.01,2026,admm,5,31.02201240345829,0.8572444988454581
camera,test,0.1,0.1001129150390625,0.01,2026,admm,6,31.27246885314179,0.8677373597579002
camera,test,0.1,0.1001129150390625,0.01,2027,hqs,1,26.667491825286454,0.6814842190954127
camera,test,0.1,0.1001129150390625,0.01,2027,hqs,2,28.942705481584813,0.7962297274452448
camera,test,0.1,0.1001129150390625,0.01,2027,hqs,3,30.28602623457029,0.8466580008488893
camera,test,0.1,0.1001129150390625,0.01,2027,hqs,4,30.888801864883526,0.859827945595622
camera,test,0.1,0.1001129150390625,0.01,2027,hqs,5,31.143346283020435,0.8655150711160302
camera,test,0.1,0.1001129150390625,0.01,2027,hqs,6,31.163073547250914,0.86480699308604
camera,test,0.1,0.1001129150390625,0.01,2027,admm,1,26.480980655688565,0.6690223664224632
camera,test,0.1,0.1001129150390625,0.01,2027,admm,2,29.345913745999354,0.8122820010061264
camera,test,0.1,0.1001129150390625,0.01,2027,admm,3,30.50103942431352,0.8466139515924453
camera,test,0.1,0.1001129150390625,0.01,2027,admm,4,30.75423900155894,0.8524040008804799
camera,test,0.1,0.1001129150390625,0.01,2027,admm,5,30.981004616687684,0.8576194348107576
camera,test,0.1,0.1001129150390625,0.01,2027,admm,6,31.212328036075547,0.8676495031260252
camera,test,0.1,0.1001129150390625,0.01,2028,hqs,1,26.663977599075103,0.6811229035771005
camera,test,0.1,0.1001129150390625,0.01,2028,hqs,2,28.927181194638298,0.7961528808040619
camera,test,0.1,0.1001129150390625,0.01,2028,hqs,3,30.273744286100257,0.8467011257733703
camera,test,0.1,0.1001129150390625,0.01,2028,hqs,4,30.882612817809374,0.8594301219458282
camera,test,0.1,0.1001129150390625,0.01,2028,hqs,5,31.135850912049918,0.8644183183596023
camera,test,0.1,0.1001129150390625,0.01,2028,hqs,6,31.16392057730925,0.863819338947393
camera,test,0.1,0.1001129150390625,0.01,2028,admm,1,26.47091546914147,0.6686884565804564
camera,test,0.1,0.1001129150390625,0.01,2028,admm,2,29.31469685024438,0.8123697908399105
camera,test,0.1,0.1001129150390625,0.01,2028,admm,3,30.476344803349743,0.8469675266377069
camera,test,0.1,0.1001129150390625,0.01,2028,admm,4,30.746917790184312,0.8516650404010638
camera,test,0.1,0.1001129150390625,0.01,2028,admm,5,31.003319554288687,0.8569343896297514
camera,test,0.1,0.1001129150390625,0.01,2028,admm,6,31.236224972444248,0.8668498621343076
camera,test,0.1,0.1001129150390625,0.05,2026,hqs,1,25.7645617378816,0.6050561627785116
camera,test,0.1,0.1001129150390625,0.05,2026,hqs,2,27.01880745153425,0.6683514447277319
camera,test,0.1,0.1001129150390625,0.05,2026,hqs,3,27.1773843819502,0.6519330512191482
camera,test,0.1,0.1001129150390625,0.05,2026,hqs,4,27.447643289539222,0.6679347095261123
camera,test,0.1,0.1001129150390625,0.05,2026,hqs,5,27.400240115090526,0.6619410535134506
camera,test,0.1,0.1001129150390625,0.05,2026,hqs,6,26.98598901718878,0.6295769639926814
camera,test,0.1,0.1001129150390625,0.05,2026,admm,1,25.674384619821883,0.5980971611090088
camera,test,0.1,0.1001129150390625,0.05,2026,admm,2,26.823792229739635,0.6371316561788023
camera,test,0.1,0.1001129150390625,0.05,2026,admm,3,26.6741344452165,0.6119914322270401
camera,test,0.1,0.1001129150390625,0.05,2026,admm,4,26.641823522637942,0.6081037368336022
camera,test,0.1,0.1001129150390625,0.05,2026,admm,5,26.560640345624833,0.5982128142095059
camera,test,0.1,0.1001129150390625,0.05,2026,admm,6,27.137120617257523,0.6416754485214278
camera,test,0.1,0.1001129150390625,0.05,2027,hqs,1,25.872146648150864,0.606345022656397
camera,test,0.1,0.1001129150390625,0.05,2027,hqs,2,27.148436237926102,0.6731058331013023
camera,test,0.1,0.1001129150390625,0.05,2027,hqs,3,27.182294923717865,0.6501740112459696
camera,test,0.1,0.1001129150390625,0.05,2027,hqs,4,27.43872298920868,0.6684963385617807
camera,test,0.1,0.1001129150390625,0.05,2027,hqs,5,27.396205254827557,0.6601704574427083
camera,test,0.1,0.1001129150390625,0.05,2027,hqs,6,27.031391334878453,0.6291234796532914
camera,test,0.1,0.1001129150390625,0.05,2027,admm,1,25.783931878590337,0.6018630245720629
camera,test,0.1,0.1001129150390625,0.05,2027,admm,2,26.938304357468517,0.6418925824755057
camera,test,0.1,0.1001129150390625,0.05,2027,admm,3,26.577210417442444,0.6054684494828004
camera,test,0.1,0.1001129150390625,0.05,2027,admm,4,26.593143349271557,0.606884439737372
camera,test,0.1,0.1001129150390625,0.05,2027,admm,5,26.5964190021635,0.6000077350767208
camera,test,0.1,0.1001129150390625,0.05,2027,admm,6,27.160815640713643,0.6380528756201417
camera,test,0.1,0.1001129150390625,0.05,2028,hqs,1,25.892223802562544,0.6074268449878795
camera,test,0.1,0.1001129150390625,0.05,2028,hqs,2,27.13977677805314,0.6713679797324883
camera,test,0.1,0.1001129150390625,0.05,2028,hqs,3,27.157871475006715,0.6494344026922043
camera,test,0.1,0.1001129150390625,0.05,2028,hqs,4,27.387883978624203,0.6670833624604232
camera,test,0.1,0.1001129150390625,0.05,2028,hqs,5,27.31692916867875,0.6609126324479244
camera,test,0.1,0.1001129150390625,0.05,2028,hqs,6,26.87406577580959,0.6294318217695225
camera,test,0.1,0.1001129150390625,0.05,2028,admm,1,25.803845853623567,0.6014294082220843
camera,test,0.1,0.1001129150390625,0.05,2028,admm,2,26.882640842324108,0.6371985137385139
camera,test,0.1,0.1001129150390625,0.05,2028,admm,3,26.59798811834515,0.6085748750918112
camera,test,0.1,0.1001129150390625,0.05,2028,admm,4,26.57798174841591,0.6100867898872625
camera,test,0.1,0.1001129150390625,0.05,2028,admm,5,26.535288281059096,0.6012843001817502
camera,test,0.1,0.1001129150390625,0.05,2028,admm,6,27.109479714381383,0.6415629679114986
astronaut,test,0.01,0.01031494140625,0.0,2026,hqs,1,18.50655234442946,0.3605191124071971
astronaut,test,0.01,0.01031494140625,0.0,2026,hqs,2,19.35277674175779,0.4508020230540238
astronaut,test,0.01,0.01031494140625,0.0,2026,hqs,3,19.77772126388734,0.49994265636421914
astronaut,test,0.01,0.01031494140625,0.0,2026,hqs,4,19.981115902012302,0.5272692359938894
astronaut,test,0.01,0.01031494140625,0.0,2026,hqs,5,20.054320287304584,0.5434550581148045
astronaut,test,0.01,0.01031494140625,0.0,2026,hqs,6,20.06174314288273,0.5606439464713416
astronaut,test,0.01,0.01031494140625,0.0,2026,admm,1,18.42221452716364,0.3518806822564185
astronaut,test,0.01,0.01031494140625,0.0,2026,admm,2,19.451278795680363,0.4836338377604214
astronaut,test,0.01,0.01031494140625,0.0,2026,admm,3,19.85070803805829,0.5371926829982349
astronaut,test,0.01,0.01031494140625,0.0,2026,admm,4,19.97638264012631,0.5660431837911511
astronaut,test,0.01,0.01031494140625,0.0,2026,admm,5,20.041314303554145,0.5770250095138474
astronaut,test,0.01,0.01031494140625,0.0,2026,admm,6,20.07042134249041,0.5739310096070319
astronaut,test,0.04,0.041259765625,0.0,2026,hqs,1,21.627723418485125,0.5337859822160145
astronaut,test,0.04,0.041259765625,0.0,2026,hqs,2,23.366346624722723,0.6722417025863193
astronaut,test,0.04,0.041259765625,0.0,2026,hqs,3,24.443243767075735,0.7614355810404867
astronaut,test,0.04,0.041259765625,0.0,2026,hqs,4,24.98687631180711,0.7950119858451975
astronaut,test,0.04,0.041259765625,0.0,2026,hqs,5,25.249546692307728,0.8208771927174805
astronaut,test,0.04,0.041259765625,0.0,2026,hqs,6,25.386557837438573,0.8403274320849785
astronaut,test,0.04,0.041259765625,0.0,2026,admm,1,21.481241068564138,0.5179278890434865
astronaut,test,0.04,0.041259765625,0.0,2026,admm,2,23.624495118233767,0.7026519715525801
astronaut,test,0.04,0.041259765625,0.0,2026,admm,3,24.627264433533025,0.7928091947136382
astronaut,test,0.04,0.041259765625,0.0,2026,admm,4,24.996715686228082,0.8140643655955168
astronaut,test,0.04,0.041259765625,0.0,2026,admm,5,25.201206099706262,0.828640854904376
astronaut,test,0.04,0.041259765625,0.0,2026,admm,6,25.3651529604447,0.8388312026698646
astronaut,test,0.1,0.1001129150390625,0.0,2026,hqs,1,24.422009736417944,0.6718135006868718
astronaut,test,0.1,0.1001129150390625,0.0,2026,hqs,2,26.89681679749523,0.8100278077533245
astronaut,test,0.1,0.1001129150390625,0.0,2026,hqs,3,28.36907466436166,0.8971937305979729
astronaut,test,0.1,0.1001129150390625,0.0,2026,hqs,4,29.102148540194158,0.9195151973540783
astronaut,test,0.1,0.1001129150390625,0.0,2026,hqs,5,29.53685194155163,0.9314784766063691
astronaut,test,0.1,0.1001129150390625,0.0,2026,hqs,6,29.85875459112193,0.940031016061306
astronaut,test,0.1,0.1001129150390625,0.0,2026,admm,1,24.211765248370952,0.6520020334584415
astronaut,test,0.1,0.1001129150390625,0.0,2026,admm,2,27.332635653732893,0.8435791710958481
astronaut,test,0.1,0.1001129150390625,0.0,2026,admm,3,28.555300893317877,0.9116834720795155
astronaut,test,0.1,0.1001129150390625,0.0,2026,admm,4,29.00017997404925,0.9162675718920231
astronaut,test,0.1,0.1001129150390625,0.0,2026,admm,5,29.52131405042982,0.9288509003720283
astronaut,test,0.1,0.1001129150390625,0.0,2026,admm,6,29.92464038120361,0.9400945543122291
astronaut,test,0.25,0.25,0.0,2026,hqs,1,27.943797748464686,0.8017220798012018
astronaut,test,0.25,0.25,0.0,2026,hqs,2,31.169930722604903,0.9100960706810951
astronaut,test,0.25,0.25,0.0,2026,hqs,3,33.48776949913999,0.9638307790861129
astronaut,test,0.25,0.25,0.0,2026,hqs,4,35.00901987450383,0.9764435465421677
astronaut,test,0.25,0.25,0.0,2026,hqs,5,35.98675977257259,0.9814336620025634
astronaut,test,0.25,0.25,0.0,2026,hqs,6,36.650027649711106,0.9849839056930542
astronaut,test,0.25,0.25,0.0,2026,admm,1,27.69093867605221,0.7846985515440702
astronaut,test,0.25,0.25,0.0,2026,admm,2,31.951365389872052,0.9358824477167129
astronaut,test,0.25,0.25,0.0,2026,admm,3,33.92448598664666,0.9667636510744095
astronaut,test,0.25,0.25,0.0,2026,admm,4,34.78291242962291,0.9673671053171158
astronaut,test,0.25,0.25,0.0,2026,admm,5,35.85923818442346,0.9766721725597381
astronaut,test,0.25,0.25,0.0,2026,admm,6,36.6296191037259,0.9847228881149293
astronaut,test,0.5,0.4998931884765625,0.0,2026,hqs,1,31.705162823359814,0.8827539146187305
astronaut,test,0.5,0.4998931884765625,0.0,2026,hqs,2,35.67005869022481,0.9566201737823486
astronaut,test,0.5,0.4998931884765625,0.0,2026,hqs,3,38.86617714731478,0.9856042317504883
astronaut,test,0.5,0.4998931884765625,0.0,2026,hqs,4,41.04544549777784,0.9918030948314667
astronaut,test,0.5,0.4998931884765625,0.0,2026,hqs,5,42.403669102017616,0.9939789222488403
astronaut,test,0.5,0.4998931884765625,0.0,2026,hqs,6,43.37065921052976,0.9953512039041519
astronaut,test,0.5,0.4998931884765625,0.0,2026,admm,1,31.399635687167976,0.870269197562933
astronaut,test,0.5,0.4998931884765625,0.0,2026,admm,2,36.83475044839056,0.9729948171100616
astronaut,test,0.5,0.4998931884765625,0.0,2026,admm,3,39.39907030748063,0.9856584384746552
astronaut,test,0.5,0.4998931884765625,0.0,2026,admm,4,40.16427016624951,0.984707877412796
astronaut,test,0.5,0.4998931884765625,0.0,2026,admm,5,41.87332235521125,0.9904651544160843
astronaut,test,0.5,0.4998931884765625,0.0,2026,admm,6,43.36005749374169,0.9952193306016922
astronaut,test,0.1,0.1001129150390625,0.01,2026,hqs,1,24.39679787932578,0.6705386248910427
astronaut,test,0.1,0.1001129150390625,0.01,2026,hqs,2,26.83904740608441,0.8077502177418471
astronaut,test,0.1,0.1001129150390625,0.01,2026,hqs,3,28.260487582038976,0.8939020350050926
astronaut,test,0.1,0.1001129150390625,0.01,2026,hqs,4,28.902317647657032,0.9154072577426433
astronaut,test,0.1,0.1001129150390625,0.01,2026,hqs,5,29.223127415680107,0.9265866486039162
astronaut,test,0.1,0.1001129150390625,0.01,2026,hqs,6,29.371199620589717,0.9306598880751134
astronaut,test,0.1,0.1001129150390625,0.01,2026,admm,1,24.190213673767936,0.650925999963995
astronaut,test,0.1,0.1001129150390625,0.01,2026,admm,2,27.253102185657255,0.8402798155853748
astronaut,test,0.1,0.1001129150390625,0.01,2026,admm,3,28.393804136392205,0.9071249047117234
astronaut,test,0.1,0.1001129150390625,0.01,2026,admm,4,28.738589363039324,0.9098353227288724
astronaut,test,0.1,0.1001129150390625,0.01,2026,admm,5,29.133998899147812,0.9190532786428929
astronaut,test,0.1,0.1001129150390625,0.01,2026,admm,6,29.47288362837393,0.9331920383245945
astronaut,test,0.1,0.1001129150390625,0.01,2027,hqs,1,24.404458173073106,0.6703977838681694
astronaut,test,0.1,0.1001129150390625,0.01,2027,hqs,2,26.852243027953463,0.8080805634649992
astronaut,test,0.1,0.1001129150390625,0.01,2027,hqs,3,28.261225071866786,0.8937264661090374
astronaut,test,0.1,0.1001129150390625,0.01,2027,hqs,4,28.903565555260595,0.9148991534426212
astronaut,test,0.1,0.1001129150390625,0.01,2027,hqs,5,29.22826834018555,0.9257201365807056
astronaut,test,0.1,0.1001129150390625,0.01,2027,hqs,6,29.394905322579543,0.9304788159244061
astronaut,test,0.1,0.1001129150390625,0.01,2027,admm,1,24.195114460239836,0.6506121513161846
astronaut,test,0.1,0.1001129150390625,0.01,2027,admm,2,27.258538428351677,0.8402768873403073
astronaut,test,0.1,0.1001129150390625,0.01,2027,admm,3,28.383943849685338,0.9068348252017499
astronaut,test,0.1,0.1001129150390625,0.01,2027,admm,4,28.724908256773162,0.9096566079108716
astronaut,test,0.1,0.1001129150390625,0.01,2027,admm,5,29.133325129609233,0.9195114015901089
astronaut,test,0.1,0.1001129150390625,0.01,2027,admm,6,29.48673656675304,0.933039693731308
astronaut,test,0.1,0.1001129150390625,0.01,2028,hqs,1,24.404089513814327,0.6704551567153875
astronaut,test,0.1,0.1001129150390625,0.01,2028,hqs,2,26.857624107905117,0.8077468729887008
astronaut,test,0.1,0.1001129150390625,0.01,2028,hqs,3,28.280699165283544,0.893060504034996
astronaut,test,0.1,0.1001129150390625,0.01,2028,hqs,4,28.942758628036763,0.9151989166870117
astronaut,test,0.1,0.1001129150390625,0.01,2028,hqs,5,29.277195915571813,0.9267623667361736
astronaut,test,0.1,0.1001129150390625,0.01,2028,hqs,6,29.42979774575994,0.9320337759017945
astronaut,test,0.1,0.1001129150390625,0.01,2028,admm,1,24.19420186343348,0.6507752694182428
astronaut,test,0.1,0.1001129150390625,0.01,2028,admm,2,27.26982635726224,0.839444805590868
astronaut,test,0.1,0.1001129150390625,0.01,2028,admm,3,28.404410331575995,0.9066573871276379
astronaut,test,0.1,0.1001129150390625,0.01,2028,admm,4,28.74986590349089,0.9094947209351063
astronaut,test,0.1,0.1001129150390625,0.01,2028,admm,5,29.16428959811809,0.9191160347390175
astronaut,test,0.1,0.1001129150390625,0.01,2028,admm,6,29.522986889758023,0.9340852654151917
astronaut,test,0.1,0.1001129150390625,0.05,2026,hqs,1,23.876012282783535,0.6389187873343241
astronaut,test,0.1,0.1001129150390625,0.05,2026,hqs,2,25.63171729654652,0.7504103453462477
astronaut,test,0.1,0.1001129150390625,0.05,2026,hqs,3,26.08229299746587,0.7889125872061997
astronaut,test,0.1,0.1001129150390625,0.05,2026,hqs,4,26.041917921713406,0.7982347233780771
astronaut,test,0.1,0.1001129150390625,0.05,2026,hqs,5,25.85195118574189,0.7990396589209139
astronaut,test,0.1,0.1001129150390625,0.05,2026,hqs,6,25.425760475211703,0.7771329454703331
astronaut,test,0.1,0.1001129150390625,0.05,2026,admm,1,23.714362393103304,0.6229862027353672
astronaut,test,0.1,0.1001129150390625,0.05,2026,admm,2,25.725432657099283,0.7627162104524001
astronaut,test,0.1,0.1001129150390625,0.05,2026,admm,3,25.632170909852846,0.7704854289537072
astronaut,test,0.1,0.1001129150390625,0.05,2026,admm,4,25.396478062748336,0.7634529185662567
astronaut,test,0.1,0.1001129150390625,0.05,2026,admm,5,25.368218894485175,0.7591226347222407
astronaut,test,0.1,0.1001129150390625,0.05,2026,admm,6,25.715001295448687,0.7921787079920098
astronaut,test,0.1,0.1001129150390625,0.05,2027,hqs,1,23.932661991633243,0.6391990854077115
astronaut,test,0.1,0.1001129150390625,0.05,2027,hqs,2,25.71155112866727,0.7520096158129722
astronaut,test,0.1,0.1001129150390625,0.05,2027,hqs,3,26.12771642364006,0.788035338616658
astronaut,test,0.1,0.1001129150390625,0.05,2027,hqs,4,26.126113242441086,0.7976348922743202
astronaut,test,0.1,0.1001129150390625,0.05,2027,hqs,5,25.964450920133753,0.7975257411252856
astronaut,test,0.1,0.1001129150390625,0.05,2027,hqs,6,25.519694343286737,0.7751433289965988
astronaut,test,0.1,0.1001129150390625,0.05,2027,admm,1,23.75909840742009,0.6222108355941847
astronaut,test,0.1,0.1001129150390625,0.05,2027,admm,2,25.777643978871644,0.7629473446076848
astronaut,test,0.1,0.1001129150390625,0.05,2027,admm,3,25.651328018571572,0.7711949079661369
astronaut,test,0.1,0.1001129150390625,0.05,2027,admm,4,25.439300348624414,0.7643719260543436
astronaut,test,0.1,0.1001129150390625,0.05,2027,admm,5,25.44153623402388,0.7605644673597077
astronaut,test,0.1,0.1001129150390625,0.05,2027,admm,6,25.773416501067558,0.7901018406973853
astronaut,test,0.1,0.1001129150390625,0.05,2028,hqs,1,23.912181549292036,0.637674946294797
astronaut,test,0.1,0.1001129150390625,0.05,2028,hqs,2,25.727880418453083,0.748505188613385
astronaut,test,0.1,0.1001129150390625,0.05,2028,hqs,3,26.171843439778037,0.7828668193483352
astronaut,test,0.1,0.1001129150390625,0.05,2028,hqs,4,26.171081997646397,0.7951835600699783
astronaut,test,0.1,0.1001129150390625,0.05,2028,hqs,5,26.021870316425115,0.798754745161131
astronaut,test,0.1,0.1001129150390625,0.05,2028,hqs,6,25.580041478637526,0.7775738827246409
astronaut,test,0.1,0.1001129150390625,0.05,2028,admm,1,23.74070337021706,0.6219330849086423
astronaut,test,0.1,0.1001129150390625,0.05,2028,admm,2,25.809613374733576,0.7587529099205286
astronaut,test,0.1,0.1001129150390625,0.05,2028,admm,3,25.69676639683706,0.7660751196679696
astronaut,test,0.1,0.1001129150390625,0.05,2028,admm,4,25.487485108226664,0.7609418749326468
astronaut,test,0.1,0.1001129150390625,0.05,2028,admm,5,25.499588812086643,0.760150809444815
astronaut,test,0.1,0.1001129150390625,0.05,2028,admm,6,25.85256309831312,0.792850280031532
coins,test,0.01,0.01031494140625,0.0,2026,hqs,1,20.901310434576096,0.47880334986467193
coins,test,0.01,0.01031494140625,0.0,2026,hqs,2,21.962240033271655,0.5687706283755375
coins,test,0.01,0.01031494140625,0.0,2026,hqs,3,22.764417144412995,0.6186837177867389
coins,test,0.01,0.01031494140625,0.0,2026,hqs,4,23.226353639613627,0.6426290209676855
coins,test,0.01,0.01031494140625,0.0,2026,hqs,5,23.452429379116357,0.6535297368473838
coins,test,0.01,0.01031494140625,0.0,2026,hqs,6,23.64224089254421,0.6639726438331074
coins,test,0.01,0.01031494140625,0.0,2026,admm,1,20.823078118589862,0.4694058834631121
coins,test,0.01,0.01031494140625,0.0,2026,admm,2,22.083119627963338,0.5852822510846247
coins,test,0.01,0.01031494140625,0.0,2026,admm,3,22.894323087344265,0.6302266826854979
coins,test,0.01,0.01031494140625,0.0,2026,admm,4,23.30262775671081,0.6488710765098558
coins,test,0.01,0.01031494140625,0.0,2026,admm,5,23.52316809550175,0.656805092996658
coins,test,0.01,0.01031494140625,0.0,2026,admm,6,23.652316198918555,0.6664754147890233
coins,test,0.04,0.041259765625,0.0,2026,hqs,1,23.995889195123365,0.6115442040410835
coins,test,0.04,0.041259765625,0.0,2026,hqs,2,25.802872960075696,0.7285587326942767
coins,test,0.04,0.041259765625,0.0,2026,hqs,3,26.903903386443417,0.7889278512679371
coins,test,0.04,0.041259765625,0.0,2026,hqs,4,27.394055083744625,0.8062156292084838
coins,test,0.04,0.041259765625,0.0,2026,hqs,5,27.589381838622053,0.8126242726339481
coins,test,0.04,0.041259765625,0.0,2026,hqs,6,27.635591607770152,0.8190503346626907
coins,test,0.04,0.041259765625,0.0,2026,admm,1,23.83881635955369,0.5998996400694051
coins,test,0.04,0.041259765625,0.0,2026,admm,2,26.12195693452715,0.7538991186460049
coins,test,0.04,0.041259765625,0.0,2026,admm,3,27.11216597465644,0.7992154813411003
coins,test,0.04,0.041259765625,0.0,2026,admm,4,27.439487675093886,0.8069686612021425
coins,test,0.04,0.041259765625,0.0,2026,admm,5,27.65582187522741,0.815488555999815
coins,test,0.04,0.041259765625,0.0,2026,admm,6,27.658214035984994,0.8181643739383258
coins,test,0.1,0.1001129150390625,0.0,2026,hqs,1,26.150948347821124,0.7150917148550022
coins,test,0.1,0.1001129150390625,0.0,2026,hqs,2,28.07982498056983,0.8150024957009293
coins,test,0.1,0.1001129150390625,0.0,2026,hqs,3,29.207262572882094,0.8609673487157449
coins,test,0.1,0.1001129150390625,0.0,2026,hqs,4,29.851024592373705,0.875454235994339
coins,test,0.1,0.1001129150390625,0.0,2026,hqs,5,30.15651440950878,0.8826878172903359
coins,test,0.1,0.1001129150390625,0.0,2026,hqs,6,30.32752829612644,0.8884585161930472
coins,test,0.1,0.1001129150390625,0.0,2026,admm,1,26.005850412807064,0.7024962231126819
coins,test,0.1,0.1001129150390625,0.0,2026,admm,2,28.561869444282912,0.8394303438508119
coins,test,0.1,0.1001129150390625,0.0,2026,admm,3,29.596849394546872,0.8709918167046867
coins,test,0.1,0.1001129150390625,0.0,2026,admm,4,29.93633686027495,0.8767151410715729
coins,test,0.1,0.1001129150390625,0.0,2026,admm,5,30.233461181330505,0.8851276764130741
coins,test,0.1,0.1001129150390625,0.0,2026,admm,6,30.39816001937819,0.8889560434123873
coins,test,0.25,0.25,0.0,2026,hqs,1,29.530961970154287,0.8318479394490123
coins,test,0.25,0.25,0.0,2026,hqs,2,31.898007082872194,0.902048741607666
coins,test,0.25,0.25,0.0,2026,hqs,3,33.292630476341245,0.9311016347947121
coins,test,0.25,0.25,0.0,2026,hqs,4,33.95391449666808,0.9396020454249382
coins,test,0.25,0.25,0.0,2026,hqs,5,34.23637909221356,0.9432746178078651
coins,test,0.25,0.25,0.0,2026,hqs,6,34.41553512294781,0.9464870952405929
coins,test,0.25,0.25,0.0,2026,admm,1,29.347043515669466,0.8215734001952112
coins,test,0.25,0.25,0.0,2026,admm,2,32.56633814726464,0.9206281165747643
coins,test,0.25,0.25,0.0,2026,admm,3,33.53977485684068,0.9344693730053901
coins,test,0.25,0.25,0.0,2026,admm,4,33.761735486009265,0.9370099904017448
coins,test,0.25,0.25,0.0,2026,admm,5,34.144895217748086,0.9429768347134591
coins,test,0.25,0.25,0.0,2026,admm,6,34.38575632080288,0.9461597923159599
coins,test,0.5,0.4998931884765625,0.0,2026,hqs,1,32.92588648615863,0.9100374445915222
coins,test,0.5,0.4998931884765625,0.0,2026,hqs,2,35.73467358636782,0.9529089214363098
coins,test,0.5,0.4998931884765625,0.0,2026,hqs,3,37.530535007864096,0.9699768572626114
coins,test,0.5,0.4998931884765625,0.0,2026,hqs,4,38.349804760855044,0.9743918006801605
coins,test,0.5,0.4998931884765625,0.0,2026,hqs,5,38.7548196336494,0.9766159021644593
coins,test,0.5,0.4998931884765625,0.0,2026,hqs,6,39.006415886722834,0.9782641936178207
coins,test,0.5,0.4998931884765625,0.0,2026,admm,1,32.73493888889971,0.9039789809465408
coins,test,0.5,0.4998931884765625,0.0,2026,admm,2,36.46091419586084,0.963426640824318
coins,test,0.5,0.4998931884765625,0.0,2026,admm,3,37.89297930556787,0.9708748427038193
coins,test,0.5,0.4998931884765625,0.0,2026,admm,4,38.15727155831248,0.9720223784313202
coins,test,0.5,0.4998931884765625,0.0,2026,admm,5,38.66725590941372,0.9758822731351853
coins,test,0.5,0.4998931884765625,0.0,2026,admm,6,39.03806377268112,0.9781374356193543
coins,test,0.1,0.1001129150390625,0.01,2026,hqs,1,26.14465494992061,0.7140404226259207
coins,test,0.1,0.1001129150390625,0.01,2026,hqs,2,28.07316321076156,0.8140044436404351
coins,test,0.1,0.1001129150390625,0.01,2026,hqs,3,29.172889183884635,0.860013564468518
coins,test,0.1,0.1001129150390625,0.01,2026,hqs,4,29.75360589057273,0.8741691113666743
coins,test,0.1,0.1001129150390625,0.01,2026,hqs,5,30.010755256363563,0.8798861675278098
coins,test,0.1,0.1001129150390625,0.01,2026,hqs,6,30.131735551373986,0.8821341871089247
coins,test,0.1,0.1001129150390625,0.01,2026,admm,1,25.99869597675191,0.7014014990959274
coins,test,0.1,0.1001129150390625,0.01,2026,admm,2,28.531322160067308,0.8368509159430564
coins,test,0.1,0.1001129150390625,0.01,2026,admm,3,29.49866913720678,0.8670524819092751
coins,test,0.1,0.1001129150390625,0.01,2026,admm,4,29.76153144907769,0.8708894983801245
coins,test,0.1,0.1001129150390625,0.01,2026,admm,5,30.009297140836566,0.8773468094869256
coins,test,0.1,0.1001129150390625,0.01,2026,admm,6,30.202899117980728,0.88408532937482
coins,test,0.1,0.1001129150390625,0.01,2027,hqs,1,26.13911780705036,0.7138125369797998
coins,test,0.1,0.1001129150390625,0.01,2027,hqs,2,28.06211167978388,0.8136477577989921
coins,test,0.1,0.1001129150390625,0.01,2027,hqs,3,29.186935909476798,0.8601004270979687
coins,test,0.1,0.1001129150390625,0.01,2027,hqs,4,29.787521256487697,0.8744813457453549
coins,test,0.1,0.1001129150390625,0.01,2027,hqs,5,30.044948894907392,0.8800500431358814
coins,test,0.1,0.1001129150390625,0.01,2027,hqs,6,30.154311896119598,0.8816641147175879
coins,test,0.1,0.1001129150390625,0.01,2027,admm,1,25.992022226821035,0.7011924560518339
coins,test,0.1,0.1001129150390625,0.01,2027,admm,2,28.515597930547138,0.8364534800016041
coins,test,0.1,0.1001129150390625,0.01,2027,admm,3,29.490511291533842,0.8668464042322636
coins,test,0.1,0.1001129150390625,0.01,2027,admm,4,29.762081091248387,0.8706793161803484
coins,test,0.1,0.1001129150390625,0.01,2027,admm,5,30.00023552228103,0.8766915140091479
coins,test,0.1,0.1001129150390625,0.01,2027,admm,6,30.184127826733903,0.8833888462425172
coins,test,0.1,0.1001129150390625,0.01,2028,hqs,1,26.131004339454762,0.7136185655094189
coins,test,0.1,0.1001129150390625,0.01,2028,hqs,2,28.048567686369182,0.8134749770715535
coins,test,0.1,0.1001129150390625,0.01,2028,hqs,3,29.157939232989666,0.8597263478367999
coins,test,0.1,0.1001129150390625,0.01,2028,hqs,4,29.743667523325943,0.8738034899931252
coins,test,0.1,0.1001129150390625,0.01,2028,hqs,5,29.993953169360438,0.8790877161261141
coins,test,0.1,0.1001129150390625,0.01,2028,hqs,6,30.0988446085489,0.8808398343521505
coins,test,0.1,0.1001129150390625,0.01,2028,admm,1,25.98826906735956,0.7010970043872511
coins,test,0.1,0.1001129150390625,0.01,2028,admm,2,28.51105593596052,0.836467192693442
coins,test,0.1,0.1001129150390625,0.01,2028,admm,3,29.483134450026895,0.8667249281710983
coins,test,0.1,0.1001129150390625,0.01,2028,admm,4,29.740829248197585,0.870245755335778
coins,test,0.1,0.1001129150390625,0.01,2028,admm,5,29.966142720364598,0.8760443146015592
coins,test,0.1,0.1001129150390625,0.01,2028,admm,6,30.14418815738489,0.8826977245350778
coins,test,0.1,0.1001129150390625,0.05,2026,hqs,1,25.80590597255366,0.6840481954350194
coins,test,0.1,0.1001129150390625,0.05,2026,hqs,2,27.35516957331167,0.7638653428722285
coins,test,0.1,0.1001129150390625,0.05,2026,hqs,3,27.871028375086162,0.7822268075343668
coins,test,0.1,0.1001129150390625,0.05,2026,hqs,4,28.013146009568963,0.787217203185074
coins,test,0.1,0.1001129150390625,0.05,2026,hqs,5,28.0622395316392,0.7910604074210227
coins,test,0.1,0.1001129150390625,0.05,2026,hqs,6,27.81790785159234,0.7677439900611452
coins,test,0.1,0.1001129150390625,0.05,2026,admm,1,25.676863034719698,0.6721671653408706
coins,test,0.1,0.1001129150390625,0.05,2026,admm,2,27.50463486937813,0.7656835580452662
coins,test,0.1,0.1001129150390625,0.05,2026,admm,3,27.577195493975182,0.7550674464058206
coins,test,0.1,0.1001129150390625,0.05,2026,admm,4,27.503999500599576,0.752431007198222
coins,test,0.1,0.1001129150390625,0.05,2026,admm,5,27.52105658055269,0.7497115692020841
coins,test,0.1,0.1001129150390625,0.05,2026,admm,6,27.909828215138923,0.7784384948512911
coins,test,0.1,0.1001129150390625,0.05,2027,hqs,1,25.813812627477596,0.6830054026779412
coins,test,0.1,0.1001129150390625,0.05,2027,hqs,2,27.35824442808979,0.7616485445418414
coins,test,0.1,0.1001129150390625,0.05,2027,hqs,3,27.88895662833701,0.779663246823892
coins,test,0.1,0.1001129150390625,0.05,2027,hqs,4,28.047999841256598,0.7850210065697729
coins,test,0.1,0.1001129150390625,0.05,2027,hqs,5,28.085937899878672,0.7876270979722142
coins,test,0.1,0.1001129150390625,0.05,2027,hqs,6,27.842109515262234,0.7646999003695547
coins,test,0.1,0.1001129150390625,0.05,2027,admm,1,25.68060162135227,0.6713983646517452
coins,test,0.1,0.1001129150390625,0.05,2027,admm,2,27.506122474255143,0.7634933439480401
coins,test,0.1,0.1001129150390625,0.05,2027,admm,3,27.541470965601064,0.750296704818734
coins,test,0.1,0.1001129150390625,0.05,2027,admm,4,27.51223480671706,0.7506718179260194
coins,test,0.1,0.1001129150390625,0.05,2027,admm,5,27.50175606322859,0.7454468507542983
coins,test,0.1,0.1001129150390625,0.05,2027,admm,6,27.89463965020807,0.7733665617603361
coins,test,0.1,0.1001129150390625,0.05,2028,hqs,1,25.794127730286064,0.680887514748102
coins,test,0.1,0.1001129150390625,0.05,2028,hqs,2,27.329685045597955,0.7578984161086413
coins,test,0.1,0.1001129150390625,0.05,2028,hqs,3,27.822639513791714,0.7738646422654539
coins,test,0.1,0.1001129150390625,0.05,2028,hqs,4,27.975674737606994,0.7810405046884679
coins,test,0.1,0.1001129150390625,0.05,2028,hqs,5,28.009003878220202,0.7828808222100139
coins,test,0.1,0.1001129150390625,0.05,2028,hqs,6,27.76967584596765,0.7600242981895209
coins,test,0.1,0.1001129150390625,0.05,2028,admm,1,25.66707600282949,0.6701670709907352
coins,test,0.1,0.1001129150390625,0.05,2028,admm,2,27.481892585244022,0.7597736750865653
coins,test,0.1,0.1001129150390625,0.05,2028,admm,3,27.510981708230723,0.7458133339751363
coins,test,0.1,0.1001129150390625,0.05,2028,admm,4,27.4829821434544,0.7473136393936872
coins,test,0.1,0.1001129150390625,0.05,2028,admm,5,27.465324184565162,0.7409331583259999
coins,test,0.1,0.1001129150390625,0.05,2028,admm,6,27.888521563693487,0.7726798071914017
moon,test,0.01,0.01031494140625,0.0,2026,hqs,1,31.454943445402694,0.7873271575645413
moon,test,0.01,0.01031494140625,0.0,2026,hqs,2,32.486412744316134,0.8365939659903813
moon,test,0.01,0.01031494140625,0.0,2026,hqs,3,33.17826130514794,0.8550763388150968
moon,test,0.01,0.01031494140625,0.0,2026,hqs,4,33.51176003150833,0.8607938282226003
moon,test,0.01,0.01031494140625,0.0,2026,hqs,5,33.705488838916416,0.8642319627489242
moon,test,0.01,0.01031494140625,0.0,2026,hqs,6,33.7973973730574,0.8659607809790373
moon,test,0.01,0.01031494140625,0.0,2026,admm,1,31.866032327406334,0.8039401902301032
moon,test,0.01,0.01031494140625,0.0,2026,admm,2,33.078371264117884,0.8519603362690555
moon,test,0.01,0.01031494140625,0.0,2026,admm,3,33.51587213002794,0.8590014479128718
moon,test,0.01,0.01031494140625,0.0,2026,admm,4,33.57632287219967,0.8614111238739155
moon,test,0.01,0.01031494140625,0.0,2026,admm,5,33.676362397795586,0.8639732185615525
moon,test,0.01,0.01031494140625,0.0,2026,admm,6,33.74087728321663,0.8650524023012706
moon,test,0.04,0.041259765625,0.0,2026,hqs,1,34.03927206574751,0.8367933122344613
moon,test,0.04,0.041259765625,0.0,2026,hqs,2,35.172888792843416,0.8759332099397182
moon,test,0.04,0.041259765625,0.0,2026,hqs,3,35.98542311060218,0.8931858677625656
moon,test,0.04,0.041259765625,0.0,2026,hqs,4,36.49223433365986,0.8999675272519588
moon,test,0.04,0.041259765625,0.0,2026,hqs,5,36.854988773775034,0.9039690986750126
moon,test,0.04,0.041259765625,0.0,2026,hqs,6,37.07929045355231,0.9067736547846794
moon,test,0.04,0.041259765625,0.0,2026,admm,1,34.268302556206926,0.8438516651221514
moon,test,0.04,0.041259765625,0.0,2026,admm,2,36.07515448095267,0.8936118710510731
moon,test,0.04,0.041259765625,0.0,2026,admm,3,36.61142937013829,0.8993531973757743
moon,test,0.04,0.041259765625,0.0,2026,admm,4,36.85949021751042,0.9023110837814808
moon,test,0.04,0.041259765625,0.0,2026,admm,5,37.105745571209894,0.9061341199598313
moon,test,0.04,0.041259765625,0.0,2026,admm,6,37.21013806468656,0.9071935584914684
moon,test,0.1,0.1001129150390625,0.0,2026,hqs,1,36.071357754363,0.8793133415856361
moon,test,0.1,0.1001129150390625,0.0,2026,hqs,2,37.6386271005674,0.9136423589982986
moon,test,0.1,0.1001129150390625,0.0,2026,hqs,3,38.595965519190145,0.9261746190385819
moon,test,0.1,0.1001129150390625,0.0,2026,hqs,4,39.045135306611044,0.930230558160305
moon,test,0.1,0.1001129150390625,0.0,2026,hqs,5,39.303249160212324,0.9334943284339905
moon,test,0.1,0.1001129150390625,0.0,2026,hqs,6,39.45608565591775,0.9361538516302109
moon,test,0.1,0.1001129150390625,0.0,2026,admm,1,36.163440768504536,0.87952030859375
moon,test,0.1,0.1001129150390625,0.0,2026,admm,2,38.31576062373082,0.9231276214962005
moon,test,0.1,0.1001129150390625,0.0,2026,admm,3,38.82338458234172,0.9281986533770561
moon,test,0.1,0.1001129150390625,0.0,2026,admm,4,39.04083939738329,0.9308392904748917
moon,test,0.1,0.1001129150390625,0.0,2026,admm,5,39.31541103496892,0.9347445975561142
moon,test,0.1,0.1001129150390625,0.0,2026,admm,6,39.46020784394412,0.935755069685936
moon,test,0.25,0.25,0.0,2026,hqs,1,38.832197512405926,0.9244926579265594
moon,test,0.25,0.25,0.0,2026,hqs,2,40.70430562618097,0.9489958943634034
moon,test,0.25,0.25,0.0,2026,hqs,3,41.65870010480083,0.9575282747030258
moon,test,0.25,0.25,0.0,2026,hqs,4,41.983898028497,0.9599173667764663
moon,test,0.25,0.25,0.0,2026,hqs,5,42.16540567960625,0.9614676554431916
moon,test,0.25,0.25,0.0,2026,hqs,6,42.300241435356924,0.9629076020460129
moon,test,0.25,0.25,0.0,2026,admm,1,38.83572388508833,0.9224812981996536
moon,test,0.25,0.25,0.0,2026,admm,2,41.3539685180271,0.9552790792255401
moon,test,0.25,0.25,0.0,2026,admm,3,41.75170212475004,0.9583492526226044
moon,test,0.25,0.25,0.0,2026,admm,4,41.85471102391428,0.9593663615598679
moon,test,0.25,0.25,0.0,2026,admm,5,42.129446866459865,0.9619265668849946
moon,test,0.25,0.25,0.0,2026,admm,6,42.28757483947738,0.9626028492517471
moon,test,0.5,0.4998931884765625,0.0,2026,hqs,1,41.69677512703086,0.9557440900583267
moon,test,0.5,0.4998931884765625,0.0,2026,hqs,2,43.90855487521311,0.9734375721626282
moon,test,0.5,0.4998931884765625,0.0,2026,hqs,3,45.084396728801494,0.9789866730384826
moon,test,0.5,0.4998931884765625,0.0,2026,hqs,4,45.411725600912575,0.9799537559642791
moon,test,0.5,0.4998931884765625,0.0,2026,hqs,5,45.709660502751944,0.9813667183132172
moon,test,0.5,0.4998931884765625,0.0,2026,hqs,6,45.915704920040845,0.9823251320276261
moon,test,0.5,0.4998931884765625,0.0,2026,admm,1,41.67812813648975,0.9541206818609238
moon,test,0.5,0.4998931884765625,0.0,2026,admm,2,44.71020787429112,0.9773413779087067
moon,test,0.5,0.4998931884765625,0.0,2026,admm,3,45.18992961138377,0.9791849990444184
moon,test,0.5,0.4998931884765625,0.0,2026,admm,4,45.369574969027475,0.9798805627737045
moon,test,0.5,0.4998931884765625,0.0,2026,admm,5,45.73343959849587,0.9816162687549591
moon,test,0.5,0.4998931884765625,0.0,2026,admm,6,45.91496013670962,0.9821899121789932
moon,test,0.1,0.1001129150390625,0.01,2026,hqs,1,35.858715828783524,0.8723148617897034
moon,test,0.1,0.1001129150390625,0.01,2026,hqs,2,37.16794544978483,0.904185619430542
moon,test,0.1,0.1001129150390625,0.01,2026,hqs,3,37.87160354785372,0.9151635067777634
moon,test,0.1,0.1001129150390625,0.01,2026,hqs,4,38.208428407310265,0.9201652976980209
moon,test,0.1,0.1001129150390625,0.01,2026,hqs,5,38.30978924171842,0.9211086940555573
moon,test,0.1,0.1001129150390625,0.01,2026,hqs,6,38.20811108805773,0.9181099665904046
moon,test,0.1,0.1001129150390625,0.01,2026,admm,1,35.98697026579973,0.8741224255986214
moon,test,0.1,0.1001129150390625,0.01,2026,admm,2,37.7533139139471,0.9137666016364098
moon,test,0.1,0.1001129150390625,0.01,2026,admm,3,37.888585265996745,0.9125865354175567
moon,test,0.1,0.1001129150390625,0.01,2026,admm,4,38.0130668334937,0.9153643878941536
moon,test,0.1,0.1001129150390625,0.01,2026,admm,5,38.12876505666958,0.9169705573101044
moon,test,0.1,0.1001129150390625,0.01,2026,admm,6,38.378608735588244,0.9218370792527198
moon,test,0.1,0.1001129150390625,0.01,2027,hqs,1,35.86073956161897,0.8722355558013916
moon,test,0.1,0.1001129150390625,0.01,2027,hqs,2,37.21996882162159,0.9048485966763496
moon,test,0.1,0.1001129150390625,0.01,2027,hqs,3,37.94342063839629,0.9161510909509659
moon,test,0.1,0.1001129150390625,0.01,2027,hqs,4,38.265288320838835,0.9208646489133835
moon,test,0.1,0.1001129150390625,0.01,2027,hqs,5,38.34286136625566,0.9216524848542214
moon,test,0.1,0.1001129150390625,0.01,2027,hqs,6,38.22808653939311,0.9188895098028182
moon,test,0.1,0.1001129150390625,0.01,2027,admm,1,35.99692365843898,0.874276182870388
moon,test,0.1,0.1001129150390625,0.01,2027,admm,2,37.795119255419685,0.9143617794799804
moon,test,0.1,0.1001129150390625,0.01,2027,admm,3,37.91925009739578,0.9133732757062912
moon,test,0.1,0.1001129150390625,0.01,2027,admm,4,38.00806895470926,0.9161306981391907
moon,test,0.1,0.1001129150390625,0.01,2027,admm,5,38.0863215884669,0.91752838742733
moon,test,0.1,0.1001129150390625,0.01,2027,admm,6,38.31179209716338,0.9219409738206863
moon,test,0.1,0.1001129150390625,0.01,2028,hqs,1,35.86806685384107,0.8721459339785576
moon,test,0.1,0.1001129150390625,0.01,2028,hqs,2,37.20681037877257,0.9043929306478501
moon,test,0.1,0.1001129150390625,0.01,2028,hqs,3,37.887899141314215,0.9150673800544739
moon,test,0.1,0.1001129150390625,0.01,2028,hqs,4,38.17085810315081,0.9194860329008102
moon,test,0.1,0.1001129150390625,0.01,2028,hqs,5,38.23009760598049,0.9199275943346024
moon,test,0.1,0.1001129150390625,0.01,2028,hqs,6,38.12513280482171,0.9169518044056892
moon,test,0.1,0.1001129150390625,0.01,2028,admm,1,35.99865442728917,0.8740366642379761
moon,test,0.1,0.1001129150390625,0.01,2028,admm,2,37.77658131525969,0.9139440274982452
moon,test,0.1,0.1001129150390625,0.01,2028,admm,3,37.85222577131974,0.9121554213957787
moon,test,0.1,0.1001129150390625,0.01,2028,admm,4,37.9310745815928,0.9146652477707863
moon,test,0.1,0.1001129150390625,0.01,2028,admm,5,38.019308684673334,0.9158797884812355
moon,test,0.1,0.1001129150390625,0.01,2028,admm,6,38.26646572167211,0.9206929448776245
moon,test,0.1,0.1001129150390625,0.05,2026,hqs,1,31.736120820205414,0.6897878903563023
moon,test,0.1,0.1001129150390625,0.05,2026,hqs,2,32.05897269128406,0.712703745721817
moon,test,0.1,0.1001129150390625,0.05,2026,hqs,3,31.688144244660283,0.690576332895279
moon,test,0.1,0.1001129150390625,0.05,2026,hqs,4,31.808626662547606,0.699124490639925
moon,test,0.1,0.1001129150390625,0.05,2026,hqs,5,31.73214961134375,0.6960243646509647
moon,test,0.1,0.1001129150390625,0.05,2026,hqs,6,31.44028281874075,0.6804477740139961
moon,test,0.1,0.1001129150390625,0.05,2026,admm,1,32.959279615085386,0.7589863545262814
moon,test,0.1,0.1001129150390625,0.05,2026,admm,2,32.088702368436046,0.7106672197790146
moon,test,0.1,0.1001129150390625,0.05,2026,admm,3,31.300426472962897,0.6704913962295055
moon,test,0.1,0.1001129150390625,0.05,2026,admm,4,31.398789026876855,0.6780736453168392
moon,test,0.1,0.1001129150390625,0.05,2026,admm,5,31.143729857033627,0.6630533279943466
moon,test,0.1,0.1001129150390625,0.05,2026,admm,6,31.828283148459825,0.7001261873040199
moon,test,0.1,0.1001129150390625,0.05,2027,hqs,1,31.543515157323437,0.6808131048642992
moon,test,0.1,0.1001129150390625,0.05,2027,hqs,2,31.94864972361688,0.7072198180400133
moon,test,0.1,0.1001129150390625,0.05,2027,hqs,3,31.709952382808734,0.6936894426168203
moon,test,0.1,0.1001129150390625,0.05,2027,hqs,4,31.793595229758175,0.7006929625678062
moon,test,0.1,0.1001129150390625,0.05,2027,hqs,5,31.728004877313154,0.6986361363983155
moon,test,0.1,0.1001129150390625,0.05,2027,hqs,6,31.420534495874662,0.6821995859373808
moon,test,0.1,0.1001129150390625,0.05,2027,admm,1,32.8410981246325,0.7540819517103433
moon,test,0.1,0.1001129150390625,0.05,2027,admm,2,32.23121799790508,0.7211903715709448
moon,test,0.1,0.1001129150390625,0.05,2027,admm,3,31.426154252425885,0.6823982008714676
moon,test,0.1,0.1001129150390625,0.05,2027,admm,4,31.44027234446031,0.6861193013324961
moon,test,0.1,0.1001129150390625,0.05,2027,admm,5,31.218922373268523,0.6725591390282736
moon,test,0.1,0.1001129150390625,0.05,2027,admm,6,31.77786679207378,0.7017432494783401
moon,test,0.1,0.1001129150390625,0.05,2028,hqs,1,31.519271247811098,0.676517379062891
moon,test,0.1,0.1001129150390625,0.05,2028,hqs,2,31.908728493667738,0.7029879687552452
moon,test,0.1,0.1001129150390625,0.05,2028,hqs,3,31.701237292915096,0.6909832025642395
moon,test,0.1,0.1001129150390625,0.05,2028,hqs,4,31.719695630214126,0.6937913529951573
moon,test,0.1,0.1001129150390625,0.05,2028,hqs,5,31.698913153992322,0.6948242068555355
moon,test,0.1,0.1001129150390625,0.05,2028,hqs,6,31.338952917729195,0.6754517799911499
moon,test,0.1,0.1001129150390625,0.05,2028,admm,1,32.80673076459904,0.7482918381991387
moon,test,0.1,0.1001129150390625,0.05,2028,admm,2,32.14483130048253,0.7144861064987182
moon,test,0.1,0.1001129150390625,0.05,2028,admm,3,31.33054114367493,0.673394654428482
moon,test,0.1,0.1001129150390625,0.05,2028,admm,4,31.41301066691923,0.6815856909301281
moon,test,0.1,0.1001129150390625,0.05,2028,admm,5,31.074585510812568,0.6621854561229944
moon,test,0.1,0.1001129150390625,0.05,2028,admm,6,31.79627520669879,0.7009597097284794
page,test,0.01,0.01031494140625,0.0,2026,hqs,1,19.694440226064337,0.48380955855317764
page,test,0.01,0.01031494140625,0.0,2026,hqs,2,19.92228961023023,0.5517174844335683
page,test,0.01,0.01031494140625,0.0,2026,hqs,3,20.029601010663413,0.5735153560895295
page,test,0.01,0.01031494140625,0.0,2026,hqs,4,20.091589023344575,0.5849564527448669
page,test,0.01,0.01031494140625,0.0,2026,hqs,5,20.120273636908482,0.591099052527099
page,test,0.01,0.01031494140625,0.0,2026,hqs,6,20.142640889719452,0.5984150396851899
page,test,0.01,0.01031494140625,0.0,2026,admm,1,19.709470857456168,0.47987489517115134
page,test,0.01,0.01031494140625,0.0,2026,admm,2,19.939725627848162,0.5669653468447016
page,test,0.01,0.01031494140625,0.0,2026,admm,3,20.033248335630663,0.581181371206472
page,test,0.01,0.01031494140625,0.0,2026,admm,4,20.100312811809424,0.5913013871474698
page,test,0.01,0.01031494140625,0.0,2026,admm,5,20.15062957209563,0.5953367266977531
page,test,0.01,0.01031494140625,0.0,2026,admm,6,20.17949136566228,0.6020330806553769
page,test,0.04,0.041259765625,0.0,2026,hqs,1,20.578478060674506,0.5541548556300163
page,test,0.04,0.041259765625,0.0,2026,hqs,2,20.98308297265012,0.6407229138013557
page,test,0.04,0.041259765625,0.0,2026,hqs,3,21.23959402175601,0.6860193459242765
page,test,0.04,0.041259765625,0.0,2026,hqs,4,21.355191889627502,0.7026993945121989
page,test,0.04,0.041259765625,0.0,2026,hqs,5,21.42981084138702,0.7135735172069995
page,test,0.04,0.041259765625,0.0,2026,hqs,6,21.496388170549224,0.7239584351517083
page,test,0.04,0.041259765625,0.0,2026,admm,1,20.569183157094688,0.5472282698838755
page,test,0.04,0.041259765625,0.0,2026,admm,2,21.02843272004343,0.6507804369523846
page,test,0.04,0.041259765625,0.0,2026,admm,3,21.24556168044622,0.6898515960653376
page,test,0.04,0.041259765625,0.0,2026,admm,4,21.338174027521536,0.7055869532358423
page,test,0.04,0.041259765625,0.0,2026,admm,5,21.408194705998078,0.7139272716515153
page,test,0.04,0.041259765625,0.0,2026,admm,6,21.468497132475544,0.7231978710974449
page,test,0.1,0.1001129150390625,0.0,2026,hqs,1,21.71932293526693,0.6335928667861345
page,test,0.1,0.1001129150390625,0.0,2026,hqs,2,22.440383029973162,0.7366050042894008
page,test,0.1,0.1001129150390625,0.0,2026,hqs,3,23.057446240968332,0.7985122828791625
page,test,0.1,0.1001129150390625,0.0,2026,hqs,4,23.489869303484085,0.8243558352609723
page,test,0.1,0.1001129150390625,0.0,2026,hqs,5,23.783028503856357,0.8392894580285475
page,test,0.1,0.1001129150390625,0.0,2026,hqs,6,24.021498209492908,0.8531640791913188
page,test,0.1,0.1001129150390625,0.0,2026,admm,1,21.689708026258856,0.6248824311092139
page,test,0.1,0.1001129150390625,0.0,2026,admm,2,22.51147510267024,0.7480651984503632
page,test,0.1,0.1001129150390625,0.0,2026,admm,3,23.132450578014065,0.8057736260808266
page,test,0.1,0.1001129150390625,0.0,2026,admm,4,23.540425798862877,0.8290792066323962
page,test,0.1,0.1001129150390625,0.0,2026,admm,5,23.824700182514583,0.8417812500879839
page,test,0.1,0.1001129150390625,0.0,2026,admm,6,24.070358936673657,0.8529784093757616
page,test,0.25,0.25,0.0,2026,hqs,1,24.413751016361868,0.7715734925574562
page,test,0.25,0.25,0.0,2026,hqs,2,25.85864866361618,0.865016873931896
page,test,0.25,0.25,0.0,2026,hqs,3,27.135933264206415,0.9115482227678969
page,test,0.25,0.25,0.0,2026,hqs,4,28.137438134768118,0.9310103882734021
page,test,0.25,0.25,0.0,2026,hqs,5,28.89791675943748,0.9417920733997449
page,test,0.25,0.25,0.0,2026,hqs,6,29.64006905481844,0.9517534893115759
page,test,0.25,0.25,0.0,2026,admm,1,24.362321194560362,0.7618131276803383
page,test,0.25,0.25,0.0,2026,admm,2,26.011557423596518,0.8798266530276218
page,test,0.25,0.25,0.0,2026,admm,3,27.31307814592901,0.9155152890585302
page,test,0.25,0.25,0.0,2026,admm,4,28.204806499893273,0.9283461784598231
page,test,0.25,0.25,0.0,2026,admm,5,28.93789370810865,0.9404421459754855
page,test,0.25,0.25,0.0,2026,admm,6,29.55974056251893,0.9514923765422105
page,test,0.5,0.4998931884765625,0.0,2026,hqs,1,28.05213268309594,0.8764158084631563
page,test,0.5,0.4998931884765625,0.0,2026,hqs,2,30.424837309093455,0.9345825336053372
page,test,0.5,0.4998931884765625,0.0,2026,hqs,3,32.78918647161063,0.9668342943868637
page,test,0.5,0.4998931884765625,0.0,2026,hqs,4,34.73636244362455,0.9791552712039947
page,test,0.5,0.4998931884765625,0.0,2026,hqs,5,36.15407529401112,0.984512942732811
page,test,0.5,0.4998931884765625,0.0,2026,hqs,6,37.11458265099444,0.9869322020673752
page,test,0.5,0.4998931884765625,0.0,2026,admm,1,27.984934430722447,0.8676676078931391
page,test,0.5,0.4998931884765625,0.0,2026,admm,2,30.900313605454265,0.9462285951609611
page,test,0.5,0.4998931884765625,0.0,2026,admm,3,33.53080868124501,0.9677292618551254
page,test,0.5,0.4998931884765625,0.0,2026,admm,4,35.28523733432076,0.9742735300207138
page,test,0.5,0.4998931884765625,0.0,2026,admm,5,36.57300523484715,0.9815701847324372
page,test,0.5,0.4998931884765625,0.0,2026,admm,6,37.38194409525076,0.9873840778932571
page,test,0.1,0.1001129150390625,0.01,2026,hqs,1,21.698144362196906,0.6302012869228283
page,test,0.1,0.1001129150390625,0.01,2026,hqs,2,22.40459936544251,0.7330376463509621
page,test,0.1,0.1001129150390625,0.01,2026,hqs,3,22.99196779974975,0.7954957384010312
page,test,0.1,0.1001129150390625,0.01,2026,hqs,4,23.37598854297201,0.8213387465014304
page,test,0.1,0.1001129150390625,0.01,2026,hqs,5,23.622784795248812,0.8333903663280867
page,test,0.1,0.1001129150390625,0.01,2026,hqs,6,23.786642050524378,0.8344881265462079
page,test,0.1,0.1001129150390625,0.01,2026,admm,1,21.671649755444776,0.6218163218428739
page,test,0.1,0.1001129150390625,0.01,2026,admm,2,22.46840565315015,0.7419361866646967
page,test,0.1,0.1001129150390625,0.01,2026,admm,3,23.03861945043904,0.7965780564162918
page,test,0.1,0.1001129150390625,0.01,2026,admm,4,23.383448282513367,0.8155469870194569
page,test,0.1,0.1001129150390625,0.01,2026,admm,5,23.604433609054524,0.8218197164894603
page,test,0.1,0.1001129150390625,0.01,2026,admm,6,23.80810034764496,0.8394818550489154
page,test,0.1,0.1001129150390625,0.01,2027,hqs,1,21.693720817916198,0.6296238595015984
page,test,0.1,0.1001129150390625,0.01,2027,hqs,2,22.385947608455584,0.7311772165374308
page,test,0.1,0.1001129150390625,0.01,2027,hqs,3,22.975367955586222,0.7936683930546865
page,test,0.1,0.1001129150390625,0.01,2027,hqs,4,23.36687526524908,0.8204676544811428
page,test,0.1,0.1001129150390625,0.01,2027,hqs,5,23.615642761200405,0.8331452705945857
page,test,0.1,0.1001129150390625,0.01,2027,hqs,6,23.782936985156113,0.8346579496710822
page,test,0.1,0.1001129150390625,0.01,2027,admm,1,21.664961618764206,0.6210414595422502
page,test,0.1,0.1001129150390625,0.01,2027,admm,2,22.448852324784937,0.740011533527459
page,test,0.1,0.1001129150390625,0.01,2027,admm,3,23.017095764899373,0.7943621978853546
page,test,0.1,0.1001129150390625,0.01,2027,admm,4,23.357876413687542,0.8138446040898617
page,test,0.1,0.1001129150390625,0.01,2027,admm,5,23.577531540584104,0.8205811784165818
page,test,0.1,0.1001129150390625,0.01,2027,admm,6,23.789754032942312,0.8396973969977889
page,test,0.1,0.1001129150390625,0.01,2028,hqs,1,21.692161023543683,0.6285779200412743
page,test,0.1,0.1001129150390625,0.01,2028,hqs,2,22.38832050308932,0.7311914659148481
page,test,0.1,0.1001129150390625,0.01,2028,hqs,3,22.96811425186977,0.7934469352868795
page,test,0.1,0.1001129150390625,0.01,2028,hqs,4,23.34490855411139,0.8197237347420827
page,test,0.1,0.1001129150390625,0.01,2028,hqs,5,23.580765839404737,0.8321513243667856
page,test,0.1,0.1001129150390625,0.01,2028,hqs,6,23.73863887303009,0.8333438707228582
page,test,0.1,0.1001129150390625,0.01,2028,admm,1,21.66537048988677,0.6202545199760668
page,test,0.1,0.1001129150390625,0.01,2028,admm,2,22.452263939366155,0.7401885036351793
page,test,0.1,0.1001129150390625,0.01,2028,admm,3,23.01220282649286,0.7946730829723683
page,test,0.1,0.1001129150390625,0.01,2028,admm,4,23.341178887740956,0.8139701312937178
page,test,0.1,0.1001129150390625,0.01,2028,admm,5,23.54549497361819,0.8203334433003963
page,test,0.1,0.1001129150390625,0.01,2028,admm,6,23.74206367257077,0.8387394280144163
page,test,0.1,0.1001129150390625,0.05,2026,hqs,1,21.055211174108592,0.5054295195307399
page,test,0.1,0.1001129150390625,0.05,2026,hqs,2,21.41004740264417,0.5647526400609172
page,test,0.1,0.1001129150390625,0.05,2026,hqs,3,21.509986907011896,0.5602623700046258
page,test,0.1,0.1001129150390625,0.05,2026,hqs,4,21.610679487986552,0.5804245955065351
page,test,0.1,0.1001129150390625,0.05,2026,hqs,5,21.679545513918384,0.5903810066752466
page,test,0.1,0.1001129150390625,0.05,2026,hqs,6,21.585060730290838,0.561876993270386
page,test,0.1,0.1001129150390625,0.05,2026,admm,1,21.146365752148128,0.5256942489097367
page,test,0.1,0.1001129150390625,0.05,2026,admm,2,21.409210971396895,0.5518305467690392
page,test,0.1,0.1001129150390625,0.05,2026,admm,3,21.35956793232744,0.5342267458063159
page,test,0.1,0.1001129150390625,0.05,2026,admm,4,21.380976774437094,0.543879153450513
page,test,0.1,0.1001129150390625,0.05,2026,admm,5,21.427786865250333,0.546311082335437
page,test,0.1,0.1001129150390625,0.05,2026,admm,6,21.568983733725112,0.5730960395706552
page,test,0.1,0.1001129150390625,0.05,2027,hqs,1,21.006031816195158,0.4985331863473747
page,test,0.1,0.1001129150390625,0.05,2027,hqs,2,21.301129059764254,0.5513448259635325
page,test,0.1,0.1001129150390625,0.05,2027,hqs,3,21.423032730162777,0.5604552723413959
page,test,0.1,0.1001129150390625,0.05,2027,hqs,4,21.505833293886546,0.5788726592423481
page,test,0.1,0.1001129150390625,0.05,2027,hqs,5,21.532253070852654,0.582971613851643
page,test,0.1,0.1001129150390625,0.05,2027,hqs,6,21.435236666300312,0.5568080824475155
page,test,0.1,0.1001129150390625,0.05,2027,admm,1,21.102960752037404,0.5197930458722387
page,test,0.1,0.1001129150390625,0.05,2027,admm,2,21.35199701102172,0.5509014802196593
page,test,0.1,0.1001129150390625,0.05,2027,admm,3,21.29881295456122,0.5375940809692759
page,test,0.1,0.1001129150390625,0.05,2027,admm,4,21.288332172608886,0.5429146407983938
page,test,0.1,0.1001129150390625,0.05,2027,admm,5,21.320267151583977,0.5442420312605036
page,test,0.1,0.1001129150390625,0.05,2027,admm,6,21.45047566434368,0.5689488705940966
page,test,0.1,0.1001129150390625,0.05,2028,hqs,1,20.988468346398594,0.49049035611994657
page,test,0.1,0.1001129150390625,0.05,2028,hqs,2,21.29199928461682,0.542894815283148
page,test,0.1,0.1001129150390625,0.05,2028,hqs,3,21.393083104750474,0.5487780932138897
page,test,0.1,0.1001129150390625,0.05,2028,hqs,4,21.4660019618027,0.5650433405297948
page,test,0.1,0.1001129150390625,0.05,2028,hqs,5,21.504767531572586,0.5726070451653789
page,test,0.1,0.1001129150390625,0.05,2028,hqs,6,21.3967321012207,0.547259785184383
page,test,0.1,0.1001129150390625,0.05,2028,admm,1,21.087333526173797,0.5131611413689002
page,test,0.1,0.1001129150390625,0.05,2028,admm,2,21.336596835260238,0.5413244113273004
page,test,0.1,0.1001129150390625,0.05,2028,admm,3,21.30625360189722,0.5336452860377515
page,test,0.1,0.1001129150390625,0.05,2028,admm,4,21.270018591651144,0.5363498283105707
page,test,0.1,0.1001129150390625,0.05,2028,admm,5,21.274943268288574,0.5338517324913731
page,test,0.1,0.1001129150390625,0.05,2028,admm,6,21.38343592311603,0.5575820012471256
clock,test,0.01,0.01031494140625,0.0,2026,hqs,1,35.74227948368512,0.9101038209249867
clock,test,0.01,0.01031494140625,0.0,2026,hqs,2,36.76464906114316,0.9447362031532657
clock,test,0.01,0.01031494140625,0.0,2026,hqs,3,37.60859539125103,0.9640892669283785
clock,test,0.01,0.01031494140625,0.0,2026,hqs,4,38.5089167297766,0.9721304906826242
clock,test,0.01,0.01031494140625,0.0,2026,hqs,5,39.384994724780626,0.9762805418319925
clock,test,0.01,0.01031494140625,0.0,2026,hqs,6,40.38693305672287,0.9793073368795957
clock,test,0.01,0.01031494140625,0.0,2026,admm,1,36.65731500426127,0.9314633787477631
clock,test,0.01,0.01031494140625,0.0,2026,admm,2,38.94632476985032,0.9732224812806882
clock,test,0.01,0.01031494140625,0.0,2026,admm,3,39.902616943446816,0.9751736280362755
clock,test,0.01,0.01031494140625,0.0,2026,admm,4,40.74440961183116,0.977795593978472
clock,test,0.01,0.01031494140625,0.0,2026,admm,5,41.4599951439262,0.9805714459668398
clock,test,0.01,0.01031494140625,0.0,2026,admm,6,42.04538109369135,0.9816091497425735
clock,test,0.04,0.041259765625,0.0,2026,hqs,1,39.710340729498604,0.9480755322602987
clock,test,0.04,0.041259765625,0.0,2026,hqs,2,41.525378955701015,0.9731357972031236
clock,test,0.04,0.041259765625,0.0,2026,hqs,3,42.84163153190468,0.9827511012480352
clock,test,0.04,0.041259765625,0.0,2026,hqs,4,43.738746691611716,0.9867521379856914
clock,test,0.04,0.041259765625,0.0,2026,hqs,5,44.65838224939872,0.9889199648228287
clock,test,0.04,0.041259765625,0.0,2026,hqs,6,45.85374403897831,0.9903364841856956
clock,test,0.04,0.041259765625,0.0,2026,admm,1,40.061355491692666,0.9513659812452793
clock,test,0.04,0.041259765625,0.0,2026,admm,2,43.13595833134204,0.9838199062277675
clock,test,0.04,0.041259765625,0.0,2026,admm,3,43.75903987442821,0.9836038668539152
clock,test,0.04,0.041259765625,0.0,2026,admm,4,44.607133407649584,0.9861086120620965
clock,test,0.04,0.041259765625,0.0,2026,admm,5,45.71139060361011,0.9898801559542417
clock,test,0.04,0.041259765625,0.0,2026,admm,6,46.700733712773,0.9910141063127518
clock,test,0.1,0.1001129150390625,0.0,2026,hqs,1,42.452923736165175,0.9653236001605987
clock,test,0.1,0.1001129150390625,0.0,2026,hqs,2,45.49288563393836,0.985746573585987
clock,test,0.1,0.1001129150390625,0.0,2026,hqs,3,47.69507596175848,0.9912363164396286
clock,test,0.1,0.1001129150390625,0.0,2026,hqs,4,48.75319495466506,0.9927237939987182
clock,test,0.1,0.1001129150390625,0.0,2026,hqs,5,49.36266279547613,0.9931521918172836
clock,test,0.1,0.1001129150390625,0.0,2026,hqs,6,50.44045416348767,0.9940481624355316
clock,test,0.1,0.1001129150390625,0.0,2026,admm,1,42.63421206431538,0.9646565424640179
clock,test,0.1,0.1001129150390625,0.0,2026,admm,2,47.67370076233041,0.9913206931438446
clock,test,0.1,0.1001129150390625,0.0,2026,admm,3,47.951339361848106,0.9896860566711426
clock,test,0.1,0.1001129150390625,0.0,2026,admm,4,48.67239135314769,0.9905219808483123
clock,test,0.1,0.1001129150390625,0.0,2026,admm,5,50.400808028946216,0.9934888868713379
clock,test,0.1,0.1001129150390625,0.0,2026,admm,6,51.33720573025687,0.9943688346967697
clock,test,0.25,0.25,0.0,2026,hqs,1,45.12841931662126,0.9777434445829392
clock,test,0.25,0.25,0.0,2026,hqs,2,49.097128441543404,0.9918804017143249
clock,test,0.25,0.25,0.0,2026,hqs,3,51.492926071099845,0.9948608250465393
clock,test,0.25,0.25,0.0,2026,hqs,4,52.67683694192566,0.9955147124834061
clock,test,0.25,0.25,0.0,2026,hqs,5,53.15962560248707,0.9957364674682617
clock,test,0.25,0.25,0.0,2026,hqs,6,53.54731304468253,0.9959491081571579
clock,test,0.25,0.25,0.0,2026,admm,1,45.22543509964627,0.9757647775659561
clock,test,0.25,0.25,0.0,2026,admm,2,51.61456828242348,0.9949109130783081
clock,test,0.25,0.25,0.0,2026,admm,3,51.13724861531808,0.993196614030838
clock,test,0.25,0.25,0.0,2026,admm,4,51.30717951690276,0.993157457772255
clock,test,0.25,0.25,0.0,2026,admm,5,52.94933129561953,0.9952558956069947
clock,test,0.25,0.25,0.0,2026,admm,6,53.77807335690019,0.9960259824600219
clock,test,0.5,0.4998931884765625,0.0,2026,hqs,1,46.68088806250005,0.9834030932502746
clock,test,0.5,0.4998931884765625,0.0,2026,hqs,2,51.55597998458064,0.9945142818059921
clock,test,0.5,0.4998931884765625,0.0,2026,hqs,3,54.31444940018396,0.9968847106142044
clock,test,0.5,0.4998931884765625,0.0,2026,hqs,4,55.60559410560628,0.9972805515995026
clock,test,0.5,0.4998931884765625,0.0,2026,hqs,5,55.698215203845564,0.9973665432519913
clock,test,0.5,0.4998931884765625,0.0,2026,hqs,6,56.03512262019147,0.9975323871946334
clock,test,0.5,0.4998931884765625,0.0,2026,admm,1,46.94812573126863,0.9818294887199401
clock,test,0.5,0.4998931884765625,0.0,2026,admm,2,54.72351614308469,0.996914598107338
clock,test,0.5,0.4998931884765625,0.0,2026,admm,3,53.44387588118843,0.9956539124593735
clock,test,0.5,0.4998931884765625,0.0,2026,admm,4,53.3001629254852,0.9954754175748826
clock,test,0.5,0.4998931884765625,0.0,2026,admm,5,55.0849780687087,0.9969457278757096
clock,test,0.5,0.4998931884765625,0.0,2026,admm,6,56.12084401707959,0.9975594570751191
clock,test,0.1,0.1001129150390625,0.01,2026,hqs,1,40.92792525869029,0.9470020175976753
clock,test,0.1,0.1001129150390625,0.01,2026,hqs,2,42.02777989239998,0.9576886574907303
clock,test,0.1,0.1001129150390625,0.01,2026,hqs,3,42.81863397459312,0.9629690629348755
clock,test,0.1,0.1001129150390625,0.01,2026,hqs,4,43.09463568249691,0.9650255621938706
clock,test,0.1,0.1001129150390625,0.01,2026,hqs,5,43.01151133417691,0.9634977466306687
clock,test,0.1,0.1001129150390625,0.01,2026,hqs,6,42.57211749607418,0.9582669592952728
clock,test,0.1,0.1001129150390625,0.01,2026,admm,1,41.67539000409278,0.9548487163083553
clock,test,0.1,0.1001129150390625,0.01,2026,admm,2,43.153590340584564,0.9663642160921097
clock,test,0.1,0.1001129150390625,0.01,2026,admm,3,42.37454545571369,0.9565632593212128
clock,test,0.1,0.1001129150390625,0.01,2026,admm,4,42.38235608287599,0.9560743827419281
clock,test,0.1,0.1001129150390625,0.01,2026,admm,5,42.44516877352609,0.9564178750543595
clock,test,0.1,0.1001129150390625,0.01,2026,admm,6,43.172300477014346,0.9635824233779907
clock,test,0.1,0.1001129150390625,0.01,2027,hqs,1,40.87849364451419,0.9466119937989712
clock,test,0.1,0.1001129150390625,0.01,2027,hqs,2,41.942396269648555,0.9566875402977466
clock,test,0.1,0.1001129150390625,0.01,2027,hqs,3,42.742591323444366,0.9621453736114502
clock,test,0.1,0.1001129150390625,0.01,2027,hqs,4,43.06972364422816,0.9647526194872856
clock,test,0.1,0.1001129150390625,0.01,2027,hqs,5,42.97507113436503,0.9629926294550896
clock,test,0.1,0.1001129150390625,0.01,2027,hqs,6,42.539325167220596,0.9580889561109542
clock,test,0.1,0.1001129150390625,0.01,2027,admm,1,41.63307034211361,0.9545699066586495
clock,test,0.1,0.1001129150390625,0.01,2027,admm,2,43.08880846001763,0.9654238243145943
clock,test,0.1,0.1001129150390625,0.01,2027,admm,3,42.38373049066854,0.9560406214923859
clock,test,0.1,0.1001129150390625,0.01,2027,admm,4,42.40274759962554,0.9556323840827942
clock,test,0.1,0.1001129150390625,0.01,2027,admm,5,42.45354018291571,0.9559991982011795
clock,test,0.1,0.1001129150390625,0.01,2027,admm,6,43.25627825218997,0.9639261883707047
clock,test,0.1,0.1001129150390625,0.01,2028,hqs,1,40.97434692967531,0.947986670671463
clock,test,0.1,0.1001129150390625,0.01,2028,hqs,2,42.001758585316935,0.9571289182925224
clock,test,0.1,0.1001129150390625,0.01,2028,hqs,3,42.790109396390946,0.9622497910075187
clock,test,0.1,0.1001129150390625,0.01,2028,hqs,4,43.06284987613015,0.9641672974729538
clock,test,0.1,0.1001129150390625,0.01,2028,hqs,5,43.0209583858997,0.9630858053283692
clock,test,0.1,0.1001129150390625,0.01,2028,hqs,6,42.571704802222186,0.9580739868659973
clock,test,0.1,0.1001129150390625,0.01,2028,admm,1,41.69698288196269,0.9553920979690552
clock,test,0.1,0.1001129150390625,0.01,2028,admm,2,43.20152971006621,0.9662905771961212
clock,test,0.1,0.1001129150390625,0.01,2028,admm,3,42.47869361645591,0.9568343762321472
clock,test,0.1,0.1001129150390625,0.01,2028,admm,4,42.45063967699265,0.9558657507858276
clock,test,0.1,0.1001129150390625,0.01,2028,admm,5,42.480945779446316,0.9558586483325958
clock,test,0.1,0.1001129150390625,0.01,2028,admm,6,43.35448454362034,0.9644618639860153
clock,test,0.1,0.1001129150390625,0.05,2026,hqs,1,30.386335441731553,0.5832682288863659
clock,test,0.1,0.1001129150390625,0.05,2026,hqs,2,30.560753246526374,0.601718429279089
clock,test,0.1,0.1001129150390625,0.05,2026,hqs,3,30.419293351757485,0.5959497012827396
clock,test,0.1,0.1001129150390625,0.05,2026,hqs,4,30.009342985349367,0.5732348353581429
clock,test,0.1,0.1001129150390625,0.05,2026,hqs,5,30.092211753466003,0.5806093370724916
clock,test,0.1,0.1001129150390625,0.05,2026,hqs,6,29.669261886678893,0.5559754400413036
clock,test,0.1,0.1001129150390625,0.05,2026,admm,1,30.964826221198845,0.6186228226611614
clock,test,0.1,0.1001129150390625,0.05,2026,admm,2,30.71417357034463,0.6147183502106667
clock,test,0.1,0.1001129150390625,0.05,2026,admm,3,30.15930109431961,0.5866835298278332
clock,test,0.1,0.1001129150390625,0.05,2026,admm,4,29.81206141375429,0.5683338133265972
clock,test,0.1,0.1001129150390625,0.05,2026,admm,5,29.594707412236843,0.5555509702067375
clock,test,0.1,0.1001129150390625,0.05,2026,admm,6,30.136887221446216,0.5866872411663532
clock,test,0.1,0.1001129150390625,0.05,2027,hqs,1,30.26317018391923,0.574986510374099
clock,test,0.1,0.1001129150390625,0.05,2027,hqs,2,30.46620313036236,0.5952119712019265
clock,test,0.1,0.1001129150390625,0.05,2027,hqs,3,30.322990769324996,0.5889474628881216
clock,test,0.1,0.1001129150390625,0.05,2027,hqs,4,29.99551079301089,0.5714904665520602
clock,test,0.1,0.1001129150390625,0.05,2027,hqs,5,29.985529165039793,0.5734912694533318
clock,test,0.1,0.1001129150390625,0.05,2027,hqs,6,29.6448246181324,0.5539264390478283
clock,test,0.1,0.1001129150390625,0.05,2027,admm,1,30.98873261678305,0.6181996736736596
clock,test,0.1,0.1001129150390625,0.05,2027,admm,2,30.764844445265545,0.6160796696664542
clock,test,0.1,0.1001129150390625,0.05,2027,admm,3,30.121500670449453,0.5807410661931187
clock,test,0.1,0.1001129150390625,0.05,2027,admm,4,29.76518863144179,0.562190984164238
clock,test,0.1,0.1001129150390625,0.05,2027,admm,5,29.614395273129823,0.5536678713581562
clock,test,0.1,0.1001129150390625,0.05,2027,admm,6,30.13627769412354,0.5842784283305407
clock,test,0.1,0.1001129150390625,0.05,2028,hqs,1,30.359245760719592,0.5802420056023597
clock,test,0.1,0.1001129150390625,0.05,2028,hqs,2,30.517923528504554,0.5971275268855095
clock,test,0.1,0.1001129150390625,0.05,2028,hqs,3,30.345958442064212,0.5880308722423315
clock,test,0.1,0.1001129150390625,0.05,2028,hqs,4,30.045235546073137,0.5717876428149938
clock,test,0.1,0.1001129150390625,0.05,2028,hqs,5,29.976756323056645,0.5700600664826632
clock,test,0.1,0.1001129150390625,0.05,2028,hqs,6,29.67796756705093,0.5530228396095633
clock,test,0.1,0.1001129150390625,0.05,2028,admm,1,31.104030429264004,0.6267889134347439
clock,test,0.1,0.1001129150390625,0.05,2028,admm,2,30.621330902822052,0.6060518507903815
clock,test,0.1,0.1001129150390625,0.05,2028,admm,3,30.089401157050297,0.5778036678263545
clock,test,0.1,0.1001129150390625,0.05,2028,admm,4,29.80319813717696,0.5629171171702146
clock,test,0.1,0.1001129150390625,0.05,2028,admm,5,29.558710948158,0.5478689067637921
clock,test,0.1,0.1001129150390625,0.05,2028,admm,6,30.12360969148415,0.581331007306397
checkerboard,stress,0.01,0.01031494140625,0.0,2026,hqs,1,6.019860357839583,0.003563399965646864
checkerboard,stress,0.01,0.01031494140625,0.0,2026,hqs,2,6.020208249764228,0.0035554781136543515
checkerboard,stress,0.01,0.01031494140625,0.0,2026,hqs,3,6.020114814756921,0.003477724058645152
checkerboard,stress,0.01,0.01031494140625,0.0,2026,hqs,4,6.020521607292205,0.0035632767580534566
checkerboard,stress,0.01,0.01031494140625,0.0,2026,hqs,5,6.020239526146474,0.003513001610431951
checkerboard,stress,0.01,0.01031494140625,0.0,2026,hqs,6,6.020078136323431,0.0035350564036648064
checkerboard,stress,0.01,0.01031494140625,0.0,2026,admm,1,6.020181990439638,0.0035290502095881612
checkerboard,stress,0.01,0.01031494140625,0.0,2026,admm,2,6.020295849955159,0.003475349162998971
checkerboard,stress,0.01,0.01031494140625,0.0,2026,admm,3,6.019941441784789,0.0034605525874136112
checkerboard,stress,0.01,0.01031494140625,0.0,2026,admm,4,6.0200944589371,0.0035232649439586677
checkerboard,stress,0.01,0.01031494140625,0.0,2026,admm,5,6.020093492050675,0.003566490673321826
checkerboard,stress,0.01,0.01031494140625,0.0,2026,admm,6,6.020110729052963,0.0035804448584863748
checkerboard,stress,0.04,0.041259765625,0.0,2026,hqs,1,6.05072833273681,0.015337313614056089
checkerboard,stress,0.04,0.041259765625,0.0,2026,hqs,2,6.05322430808042,0.01561167574798311
checkerboard,stress,0.04,0.041259765625,0.0,2026,hqs,3,6.053385295454209,0.015557261515835592
checkerboard,stress,0.04,0.041259765625,0.0,2026,hqs,4,6.052212793462797,0.015372272031767671
checkerboard,stress,0.04,0.041259765625,0.0,2026,hqs,5,6.051328487312034,0.015227874463049
checkerboard,stress,0.04,0.041259765625,0.0,2026,hqs,6,6.050524194067387,0.01504224134336844
checkerboard,stress,0.04,0.041259765625,0.0,2026,admm,1,6.049221657243741,0.014853267578418605
checkerboard,stress,0.04,0.041259765625,0.0,2026,admm,2,6.052499165675326,0.015292837918102284
checkerboard,stress,0.04,0.041259765625,0.0,2026,admm,3,6.049470009812497,0.014567017887660131
checkerboard,stress,0.04,0.041259765625,0.0,2026,admm,4,6.043478174091011,0.013471894867895861
checkerboard,stress,0.04,0.041259765625,0.0,2026,admm,5,6.038426118603827,0.012528554756153568
checkerboard,stress,0.04,0.041259765625,0.0,2026,admm,6,6.034618526886625,0.011598223230750488
checkerboard,stress,0.1,0.1001129150390625,0.0,2026,hqs,1,6.463563657151415,0.17006285539488467
checkerboard,stress,0.1,0.1001129150390625,0.0,2026,hqs,2,6.493010208351452,0.17515054055566487
checkerboard,stress,0.1,0.1001129150390625,0.0,2026,hqs,3,6.513028304133513,0.17664425266129055
checkerboard,stress,0.1,0.1001129150390625,0.0,2026,hqs,4,6.517930420690721,0.18094331156986362
checkerboard,stress,0.1,0.1001129150390625,0.0,2026,hqs,5,6.515150562666695,0.18288268717454376
checkerboard,stress,0.1,0.1001129150390625,0.0,2026,hqs,6,6.513902375408272,0.18288406766359921
checkerboard,stress,0.1,0.1001129150390625,0.0,2026,admm,1,6.4566892879003035,0.16761103538321706
checkerboard,stress,0.1,0.1001129150390625,0.0,2026,admm,2,6.483137635742132,0.16979100791499063
checkerboard,stress,0.1,0.1001129150390625,0.0,2026,admm,3,6.499045520179095,0.17029789447540472
checkerboard,stress,0.1,0.1001129150390625,0.0,2026,admm,4,6.4982365228714345,0.18330652451453544
checkerboard,stress,0.1,0.1001129150390625,0.0,2026,admm,5,6.49515974216558,0.17904043301281702
checkerboard,stress,0.1,0.1001129150390625,0.0,2026,admm,6,6.492603629716339,0.18049001231273007
checkerboard,stress,0.25,0.25,0.0,2026,hqs,1,9.61798637802378,0.6720853881106377
checkerboard,stress,0.25,0.25,0.0,2026,hqs,2,10.287025554746245,0.726595159134388
checkerboard,stress,0.25,0.25,0.0,2026,hqs,3,11.109650773079757,0.7776977850146294
checkerboard,stress,0.25,0.25,0.0,2026,hqs,4,12.021986655298864,0.8249797537198067
checkerboard,stress,0.25,0.25,0.0,2026,hqs,5,12.921194714675845,0.8617875933032035
checkerboard,stress,0.25,0.25,0.0,2026,hqs,6,13.759669435675821,0.8890935029754639
checkerboard,stress,0.25,0.25,0.0,2026,admm,1,9.640696894888396,0.6743430795817376
checkerboard,stress,0.25,0.25,0.0,2026,admm,2,10.441048309245618,0.7364881978406906
checkerboard,stress,0.25,0.25,0.0,2026,admm,3,11.48719134149123,0.8002681936883926
checkerboard,stress,0.25,0.25,0.0,2026,admm,4,12.68346742774353,0.8551307526693344
checkerboard,stress,0.25,0.25,0.0,2026,admm,5,13.79860196787032,0.8919765140781403
checkerboard,stress,0.25,0.25,0.0,2026,admm,6,14.755164662640238,0.9157141248645783
checkerboard,stress,0.5,0.4998931884765625,0.0,2026,hqs,1,12.538089359147232,0.846838458828926
checkerboard,stress,0.5,0.4998931884765625,0.0,2026,hqs,2,14.05785778418668,0.897835489115715
checkerboard,stress,0.5,0.4998931884765625,0.0,2026,hqs,3,15.279202328231513,0.9249000478487015
checkerboard,stress,0.5,0.4998931884765625,0.0,2026,hqs,4,16.604613995532166,0.9467398061075211
checkerboard,stress,0.5,0.4998931884765625,0.0,2026,hqs,5,17.76550065108832,0.9603228933515549
checkerboard,stress,0.5,0.4998931884765625,0.0,2026,hqs,6,18.86899331879243,0.9699926217889786
checkerboard,stress,0.5,0.4998931884765625,0.0,2026,admm,1,12.612644698464576,0.8499778893470764
checkerboard,stress,0.5,0.4998931884765625,0.0,2026,admm,2,14.20288334987972,0.9013588089122773
checkerboard,stress,0.5,0.4998931884765625,0.0,2026,admm,3,16.315058469723816,0.9430209276752471
checkerboard,stress,0.5,0.4998931884765625,0.0,2026,admm,4,18.373335094581698,0.9663272744197845
checkerboard,stress,0.5,0.4998931884765625,0.0,2026,admm,5,20.100353315574623,0.9781433765277863
checkerboard,stress,0.5,0.4998931884765625,0.0,2026,admm,6,21.324267460291075,0.9838218676719666
checkerboard,stress,0.1,0.1001129150390625,0.01,2026,hqs,1,6.463263718645971,0.17006637316716416
checkerboard,stress,0.1,0.1001129150390625,0.01,2026,hqs,2,6.492891690151973,0.17517800295072242
checkerboard,stress,0.1,0.1001129150390625,0.01,2026,hqs,3,6.5132532932294795,0.1767475478987089
checkerboard,stress,0.1,0.1001129150390625,0.01,2026,hqs,4,6.518265345257559,0.18109303789836356
checkerboard,stress,0.1,0.1001129150390625,0.01,2026,hqs,5,6.515845271125346,0.1831223063315825
checkerboard,stress,0.1,0.1001129150390625,0.01,2026,hqs,6,6.51477114441041,0.18317725286371495
checkerboard,stress,0.1,0.1001129150390625,0.01,2026,admm,1,6.456357168892405,0.1676040992051161
checkerboard,stress,0.1,0.1001129150390625,0.01,2026,admm,2,6.483103057722355,0.1698122615099269
checkerboard,stress,0.1,0.1001129150390625,0.01,2026,admm,3,6.499313734370917,0.170407113359167
checkerboard,stress,0.1,0.1001129150390625,0.01,2026,admm,4,6.498580256008669,0.18349995307447156
checkerboard,stress,0.1,0.1001129150390625,0.01,2026,admm,5,6.495396951624604,0.17916702697762063
checkerboard,stress,0.1,0.1001129150390625,0.01,2026,admm,6,6.49292635493282,0.18070028391944426
checkerboard,stress,0.1,0.1001129150390625,0.01,2027,hqs,1,6.463068492879418,0.1700075926308694
checkerboard,stress,0.1,0.1001129150390625,0.01,2027,hqs,2,6.492352351118326,0.17509333779261121
checkerboard,stress,0.1,0.1001129150390625,0.01,2027,hqs,3,6.512420281255897,0.1766142953723719
checkerboard,stress,0.1,0.1001129150390625,0.01,2027,hqs,4,6.517220369333399,0.18088192870392694
checkerboard,stress,0.1,0.1001129150390625,0.01,2027,hqs,5,6.514613197950915,0.1828961723528883
checkerboard,stress,0.1,0.1001129150390625,0.01,2027,hqs,6,6.513228124773867,0.18287862210323358
checkerboard,stress,0.1,0.1001129150390625,0.01,2027,admm,1,6.45616731106998,0.16755752913822175
checkerboard,stress,0.1,0.1001129150390625,0.01,2027,admm,2,6.482569913451288,0.16974591814693613
checkerboard,stress,0.1,0.1001129150390625,0.01,2027,admm,3,6.498804466024816,0.17031536551788984
checkerboard,stress,0.1,0.1001129150390625,0.01,2027,admm,4,6.498019301858278,0.1833145839458878
checkerboard,stress,0.1,0.1001129150390625,0.01,2027,admm,5,6.49525983460242,0.17915496872532333
checkerboard,stress,0.1,0.1001129150390625,0.01,2027,admm,6,6.492836687652793,0.1805968744972357
checkerboard,stress,0.1,0.1001129150390625,0.01,2028,hqs,1,6.463261310974041,0.17014478919656126
checkerboard,stress,0.1,0.1001129150390625,0.01,2028,hqs,2,6.4930191282824135,0.17530796407948449
checkerboard,stress,0.1,0.1001129150390625,0.01,2028,hqs,3,6.5134059917720455,0.1768844791659122
checkerboard,stress,0.1,0.1001129150390625,0.01,2028,hqs,4,6.518305091153573,0.18121477050260015
checkerboard,stress,0.1,0.1001129150390625,0.01,2028,hqs,5,6.515546546530362,0.18320017709714145
checkerboard,stress,0.1,0.1001129150390625,0.01,2028,hqs,6,6.514232817756916,0.18318735737747943
checkerboard,stress,0.1,0.1001129150390625,0.01,2028,admm,1,6.456334064401262,0.1676735199163096
checkerboard,stress,0.1,0.1001129150390625,0.01,2028,admm,2,6.482963659256294,0.16991168636257148
checkerboard,stress,0.1,0.1001129150390625,0.01,2028,admm,3,6.498956597873753,0.17041908785745905
checkerboard,stress,0.1,0.1001129150390625,0.01,2028,admm,4,6.497869889065566,0.1834465120058242
checkerboard,stress,0.1,0.1001129150390625,0.01,2028,admm,5,6.494275581284823,0.1790595863678481
checkerboard,stress,0.1,0.1001129150390625,0.01,2028,admm,6,6.491307295317823,0.18052441479192224
checkerboard,stress,0.1,0.1001129150390625,0.05,2026,hqs,1,6.453338644887761,0.1698557354366585
checkerboard,stress,0.1,0.1001129150390625,0.05,2026,hqs,2,6.483413913087626,0.17524789568651392
checkerboard,stress,0.1,0.1001129150390625,0.05,2026,hqs,3,6.505557969220748,0.17733605871849706
checkerboard,stress,0.1,0.1001129150390625,0.05,2026,hqs,4,6.511695491412532,0.18206770986060125
checkerboard,stress,0.1,0.1001129150390625,0.05,2026,hqs,5,6.509203664040011,0.18469223663344742
checkerboard,stress,0.1,0.1001129150390625,0.05,2026,hqs,6,6.508192793434377,0.18456368475126064
checkerboard,stress,0.1,0.1001129150390625,0.05,2026,admm,1,6.445982368654067,0.1672911280976709
checkerboard,stress,0.1,0.1001129150390625,0.05,2026,admm,2,6.47455594186205,0.1701910980835345
checkerboard,stress,0.1,0.1001129150390625,0.05,2026,admm,3,6.492920938258438,0.17099388575939212
checkerboard,stress,0.1,0.1001129150390625,0.05,2026,admm,4,6.49147128675843,0.18437884931224963
checkerboard,stress,0.1,0.1001129150390625,0.05,2026,admm,5,6.4843518723871,0.17982612389630143
checkerboard,stress,0.1,0.1001129150390625,0.05,2026,admm,6,6.476902461855901,0.18069381712769955
checkerboard,stress,0.1,0.1001129150390625,0.05,2027,hqs,1,6.452470649731843,0.16963829937856462
checkerboard,stress,0.1,0.1001129150390625,0.05,2027,hqs,2,6.481134682411928,0.17484808588626843
checkerboard,stress,0.1,0.1001129150390625,0.05,2027,hqs,3,6.501968183522973,0.17673110401168168
checkerboard,stress,0.1,0.1001129150390625,0.05,2027,hqs,4,6.507312956491056,0.18117225474814425
checkerboard,stress,0.1,0.1001129150390625,0.05,2027,hqs,5,6.503806354301977,0.18368143246235014
checkerboard,stress,0.1,0.1001129150390625,0.05,2027,hqs,6,6.501449277560294,0.18320706105078047
checkerboard,stress,0.1,0.1001129150390625,0.05,2027,admm,1,6.445124619380689,0.16712262017267548
checkerboard,stress,0.1,0.1001129150390625,0.05,2027,admm,2,6.472045003849032,0.16976611338811715
checkerboard,stress,0.1,0.1001129150390625,0.05,2027,admm,3,6.4896901456811475,0.17034270729581819
checkerboard,stress,0.1,0.1001129150390625,0.05,2027,admm,4,6.4887629937155245,0.18367882642672523
checkerboard,stress,0.1,0.1001129150390625,0.05,2027,admm,5,6.483253857711187,0.1796511503422072
checkerboard,stress,0.1,0.1001129150390625,0.05,2027,admm,6,6.476795299759931,0.18036800648221699
checkerboard,stress,0.1,0.1001129150390625,0.05,2028,hqs,1,6.452864253555522,0.17020964740559555
checkerboard,stress,0.1,0.1001129150390625,0.05,2028,hqs,2,6.482900199007334,0.17565153526997457
checkerboard,stress,0.1,0.1001129150390625,0.05,2028,hqs,3,6.504659989037306,0.1776578966726548
checkerboard,stress,0.1,0.1001129150390625,0.05,2028,hqs,4,6.510428427274918,0.1823070572133538
checkerboard,stress,0.1,0.1001129150390625,0.05,2028,hqs,5,6.507367278271413,0.18487885399534187
checkerboard,stress,0.1,0.1001129150390625,0.05,2028,hqs,6,6.505958466651524,0.18460107554166874
checkerboard,stress,0.1,0.1001129150390625,0.05,2028,admm,1,6.445567842482341,0.16766093485074485
checkerboard,stress,0.1,0.1001129150390625,0.05,2028,admm,2,6.473516542870882,0.17057529461398913
checkerboard,stress,0.1,0.1001129150390625,0.05,2028,admm,3,6.491147646181231,0.17098457058669284
checkerboard,stress,0.1,0.1001129150390625,0.05,2028,admm,4,6.488638275002041,0.18430164089236886
checkerboard,stress,0.1,0.1001129150390625,0.05,2028,admm,5,6.480299269052821,0.1794373640421933
checkerboard,stress,0.1,0.1001129150390625,0.05,2028,admm,6,6.470317746522122,0.18008787002984042
small_text,stress,0.01,0.01031494140625,0.0,2026,hqs,1,18.879939851607755,0.7054040539791635
small_text,stress,0.01,0.01031494140625,0.0,2026,hqs,2,19.088633183131694,0.7961181192271143
small_text,stress,0.01,0.01031494140625,0.0,2026,hqs,3,19.218195408341256,0.836472164306644
small_text,stress,0.01,0.01031494140625,0.0,2026,hqs,4,19.319354420198373,0.8464454519247859
small_text,stress,0.01,0.01031494140625,0.0,2026,hqs,5,19.409055335854678,0.8510748593580778
small_text,stress,0.01,0.01031494140625,0.0,2026,hqs,6,19.490460828428308,0.8588540487865567
small_text,stress,0.01,0.01031494140625,0.0,2026,admm,1,18.885494448431167,0.7021154230766676
small_text,stress,0.01,0.01031494140625,0.0,2026,admm,2,19.137944682117794,0.8162097504069693
small_text,stress,0.01,0.01031494140625,0.0,2026,admm,3,19.31692647163144,0.8414732766511315
small_text,stress,0.01,0.01031494140625,0.0,2026,admm,4,19.416841166096624,0.8509501662026234
small_text,stress,0.01,0.01031494140625,0.0,2026,admm,5,19.49050789999037,0.8555525807111424
small_text,stress,0.01,0.01031494140625,0.0,2026,admm,6,19.538327827798252,0.8659945913715481
small_text,stress,0.04,0.041259765625,0.0,2026,hqs,1,19.762263325879605,0.7128859150255276
small_text,stress,0.04,0.041259765625,0.0,2026,hqs,2,20.37361335933091,0.8197825718428008
small_text,stress,0.04,0.041259765625,0.0,2026,hqs,3,20.91313015577608,0.8719156252864487
small_text,stress,0.04,0.041259765625,0.0,2026,hqs,4,21.354434632355577,0.8907381792167938
small_text,stress,0.04,0.041259765625,0.0,2026,hqs,5,21.848933010938715,0.9028195811627573
small_text,stress,0.04,0.041259765625,0.0,2026,hqs,6,22.55934056319721,0.921632021988323
small_text,stress,0.04,0.041259765625,0.0,2026,admm,1,19.778288505239242,0.7070206584788132
small_text,stress,0.04,0.041259765625,0.0,2026,admm,2,20.513109505388307,0.8281176697494853
small_text,stress,0.04,0.041259765625,0.0,2026,admm,3,21.10042355312899,0.8760828772504926
small_text,stress,0.04,0.041259765625,0.0,2026,admm,4,21.597580496654967,0.8915470462362468
small_text,stress,0.04,0.041259765625,0.0,2026,admm,5,22.096826858276664,0.9010330719851442
small_text,stress,0.04,0.041259765625,0.0,2026,admm,6,22.579284817694194,0.9250712847508653
small_text,stress,0.1,0.1001129150390625,0.0,2026,hqs,1,21.261842141722077,0.715953384020567
small_text,stress,0.1,0.1001129150390625,0.0,2026,hqs,2,23.007909693178217,0.8398203523060084
small_text,stress,0.1,0.1001129150390625,0.0,2026,hqs,3,24.98592934412919,0.9160769832826853
small_text,stress,0.1,0.1001129150390625,0.0,2026,hqs,4,26.954529683650584,0.9541755698435307
small_text,stress,0.1,0.1001129150390625,0.0,2026,hqs,5,28.782252852732256,0.971497910803318
small_text,stress,0.1,0.1001129150390625,0.0,2026,hqs,6,31.037390158545875,0.9852206552014351
small_text,stress,0.1,0.1001129150390625,0.0,2026,admm,1,21.25244120046643,0.7012511469134093
small_text,stress,0.1,0.1001129150390625,0.0,2026,admm,2,23.271731643315114,0.8355202371076346
small_text,stress,0.1,0.1001129150390625,0.0,2026,admm,3,25.44427096103947,0.9170498229809999
small_text,stress,0.1,0.1001129150390625,0.0,2026,admm,4,27.471393903111263,0.9456892791860103
small_text,stress,0.1,0.1001129150390625,0.0,2026,admm,5,29.233202530429043,0.9600558714313507
small_text,stress,0.1,0.1001129150390625,0.0,2026,admm,6,30.78665589695873,0.9838747625133991
small_text,stress,0.25,0.25,0.0,2026,hqs,1,24.668766887344123,0.7531568202131986
small_text,stress,0.25,0.25,0.0,2026,hqs,2,28.165204433940243,0.875401056375742
small_text,stress,0.25,0.25,0.0,2026,hqs,3,31.948824293213114,0.9505515249137878
small_text,stress,0.25,0.25,0.0,2026,hqs,4,35.5579164240181,0.9838783911385536
small_text,stress,0.25,0.25,0.0,2026,hqs,5,38.795007431376625,0.9942657961845398
small_text,stress,0.25,0.25,0.0,2026,hqs,6,42.27712087955179,0.9980085035886764
small_text,stress,0.25,0.25,0.0,2026,admm,1,24.481572186693946,0.7351610991239548
small_text,stress,0.25,0.25,0.0,2026,admm,2,28.68798158668166,0.8755073044359684
small_text,stress,0.25,0.25,0.0,2026,admm,3,33.63590649395626,0.9572434804506302
small_text,stress,0.25,0.25,0.0,2026,admm,4,37.22636200724254,0.9743989782009125
small_text,stress,0.25,0.25,0.0,2026,admm,5,39.88800851374212,0.9857432006559372
small_text,stress,0.25,0.25,0.0,2026,admm,6,42.80578098045491,0.9982052646999359
small_text,stress,0.5,0.4998931884765625,0.0,2026,hqs,1,29.08323151295747,0.8152276807364225
small_text,stress,0.5,0.4998931884765625,0.0,2026,hqs,2,33.94795877359275,0.9172216825938225
small_text,stress,0.5,0.4998931884765625,0.0,2026,hqs,3,39.3484709563006,0.9765738980474472
small_text,stress,0.5,0.4998931884765625,0.0,2026,hqs,4,44.78949161465917,0.9955300170478821
small_text,stress,0.5,0.4998931884765625,0.0,2026,hqs,5,49.28014600041141,0.9989475588741302
small_text,stress,0.5,0.4998931884765625,0.0,2026,hqs,6,52.732720874422874,0.9996464176092148
small_text,stress,0.5,0.4998931884765625,0.0,2026,admm,1,28.990669964310026,0.8017806857628822
small_text,stress,0.5,0.4998931884765625,0.0,2026,admm,2,35.32500455062146,0.9356387582216262
small_text,stress,0.5,0.4998931884765625,0.0,2026,admm,3,42.389046617550214,0.9832887784214019
small_text,stress,0.5,0.4998931884765625,0.0,2026,admm,4,43.30135532221406,0.9809310967178345
small_text,stress,0.5,0.4998931884765625,0.0,2026,admm,5,46.12111456886179,0.9921317991695404
small_text,stress,0.5,0.4998931884765625,0.0,2026,admm,6,51.41632230783861,0.9993529988183976
small_text,stress,0.1,0.1001129150390625,0.01,2026,hqs,1,21.235948764691564,0.7078724913568795
small_text,stress,0.1,0.1001129150390625,0.01,2026,hqs,2,22.99088414483269,0.8327113603972197
small_text,stress,0.1,0.1001129150390625,0.01,2026,hqs,3,24.977260124336876,0.9118201159267425
small_text,stress,0.1,0.1001129150390625,0.01,2026,hqs,4,26.861634228111328,0.954887968953371
small_text,stress,0.1,0.1001129150390625,0.01,2026,hqs,5,28.412944241897282,0.9679464900758267
small_text,stress,0.1,0.1001129150390625,0.01,2026,hqs,6,29.53833830882667,0.9471047901101113
small_text,stress,0.1,0.1001129150390625,0.01,2026,admm,1,21.237370837100986,0.6954191038021147
small_text,stress,0.1,0.1001129150390625,0.01,2026,admm,2,23.255128075664494,0.8187839844616651
small_text,stress,0.1,0.1001129150390625,0.01,2026,admm,3,25.3713043470876,0.8732315792765617
small_text,stress,0.1,0.1001129150390625,0.01,2026,admm,4,27.35777904424376,0.9127937471194267
small_text,stress,0.1,0.1001129150390625,0.01,2026,admm,5,28.737923989800265,0.9015268612401486
small_text,stress,0.1,0.1001129150390625,0.01,2026,admm,6,29.98029161176055,0.9569776194736958
small_text,stress,0.1,0.1001129150390625,0.01,2027,hqs,1,21.253902506433356,0.7069340711971521
small_text,stress,0.1,0.1001129150390625,0.01,2027,hqs,2,23.013390397599103,0.8317011724432707
small_text,stress,0.1,0.1001129150390625,0.01,2027,hqs,3,24.97769940849296,0.9125921452916861
small_text,stress,0.1,0.1001129150390625,0.01,2027,hqs,4,26.85228379437133,0.9559286084022522
small_text,stress,0.1,0.1001129150390625,0.01,2027,hqs,5,28.388324339508824,0.9672338918993473
small_text,stress,0.1,0.1001129150390625,0.01,2027,hqs,6,29.44882522943434,0.948899247068286
small_text,stress,0.1,0.1001129150390625,0.01,2027,admm,1,21.253364808822308,0.6941284615862966
small_text,stress,0.1,0.1001129150390625,0.01,2027,admm,2,23.284120441739024,0.8177243176884651
small_text,stress,0.1,0.1001129150390625,0.01,2027,admm,3,25.391529825971695,0.8755607159093618
small_text,stress,0.1,0.1001129150390625,0.01,2027,admm,4,27.33117001565173,0.9122659029495717
small_text,stress,0.1,0.1001129150390625,0.01,2027,admm,5,28.663292605553558,0.9015594399747848
small_text,stress,0.1,0.1001129150390625,0.01,2027,admm,6,29.838288105068663,0.9568294011220932
small_text,stress,0.1,0.1001129150390625,0.01,2028,hqs,1,21.25360829464265,0.7078635302260519
small_text,stress,0.1,0.1001129150390625,0.01,2028,hqs,2,23.01090096012928,0.8323459965900183
small_text,stress,0.1,0.1001129150390625,0.01,2028,hqs,3,24.977650187479053,0.9113994889422655
small_text,stress,0.1,0.1001129150390625,0.01,2028,hqs,4,26.828420881090807,0.9553039427177906
small_text,stress,0.1,0.1001129150390625,0.01,2028,hqs,5,28.347395790829673,0.9690929902706146
small_text,stress,0.1,0.1001129150390625,0.01,2028,hqs,6,29.39586856877125,0.9489244019119739
small_text,stress,0.1,0.1001129150390625,0.01,2028,admm,1,21.24881374977575,0.6950415698603392
small_text,stress,0.1,0.1001129150390625,0.01,2028,admm,2,23.274968686395358,0.8177422325558662
small_text,stress,0.1,0.1001129150390625,0.01,2028,admm,3,25.365543149821153,0.8732477663812638
small_text,stress,0.1,0.1001129150390625,0.01,2028,admm,4,27.292105803914367,0.9102109298536778
small_text,stress,0.1,0.1001129150390625,0.01,2028,admm,5,28.626237996828703,0.904578686145544
small_text,stress,0.1,0.1001129150390625,0.01,2028,admm,6,29.787170701470252,0.9583010421032906
small_text,stress,0.1,0.1001129150390625,0.05,2026,hqs,1,20.647190152024102,0.5353243970129788
small_text,stress,0.1,0.1001129150390625,0.05,2026,hqs,2,21.36993500862317,0.5291595593560338
small_text,stress,0.1,0.1001129150390625,0.05,2026,hqs,3,21.573577980637857,0.46229784043985606
small_text,stress,0.1,0.1001129150390625,0.05,2026,hqs,4,21.696592155088425,0.4536976788222194
small_text,stress,0.1,0.1001129150390625,0.05,2026,hqs,5,21.705340423782996,0.44343710439783335
small_text,stress,0.1,0.1001129150390625,0.05,2026,hqs,6,21.249766383247323,0.38001757430797817
small_text,stress,0.1,0.1001129150390625,0.05,2026,admm,1,20.62591685564812,0.521374407363221
small_text,stress,0.1,0.1001129150390625,0.05,2026,admm,2,21.138449264956392,0.44949888697606327
small_text,stress,0.1,0.1001129150390625,0.05,2026,admm,3,21.228721784744987,0.40124277163380384
small_text,stress,0.1,0.1001129150390625,0.05,2026,admm,4,21.05787502209141,0.37075255971962956
small_text,stress,0.1,0.1001129150390625,0.05,2026,admm,5,20.873856837388367,0.3518273562097326
small_text,stress,0.1,0.1001129150390625,0.05,2026,admm,6,20.91452890602577,0.36282635852561146
small_text,stress,0.1,0.1001129150390625,0.05,2027,hqs,1,20.712003766145553,0.5371012956627012
small_text,stress,0.1,0.1001129150390625,0.05,2027,hqs,2,21.416441682092238,0.5344857960968018
small_text,stress,0.1,0.1001129150390625,0.05,2027,hqs,3,21.591163009924692,0.4641143094770908
small_text,stress,0.1,0.1001129150390625,0.05,2027,hqs,4,21.737115365330567,0.4570004270415306
small_text,stress,0.1,0.1001129150390625,0.05,2027,hqs,5,21.79774618222218,0.4533776584610939
small_text,stress,0.1,0.1001129150390625,0.05,2027,hqs,6,21.340081219940817,0.3879266108798385
small_text,stress,0.1,0.1001129150390625,0.05,2027,admm,1,20.686554918919555,0.5234609035868942
small_text,stress,0.1,0.1001129150390625,0.05,2027,admm,2,21.168662993907272,0.4494995912709236
small_text,stress,0.1,0.1001129150390625,0.05,2027,admm,3,21.26995099475603,0.40578410171324014
small_text,stress,0.1,0.1001129150390625,0.05,2027,admm,4,21.158817881120015,0.38284646384502946
small_text,stress,0.1,0.1001129150390625,0.05,2027,admm,5,21.003715460895673,0.36416264204785226
small_text,stress,0.1,0.1001129150390625,0.05,2027,admm,6,21.10892978359031,0.3791516920919418
small_text,stress,0.1,0.1001129150390625,0.05,2028,hqs,1,20.731843385575765,0.5470430115028023
small_text,stress,0.1,0.1001129150390625,0.05,2028,hqs,2,21.511163537406897,0.5483636216594577
small_text,stress,0.1,0.1001129150390625,0.05,2028,hqs,3,21.6814117963772,0.4690147809332013
small_text,stress,0.1,0.1001129150390625,0.05,2028,hqs,4,21.79390083168189,0.4568949728844166
small_text,stress,0.1,0.1001129150390625,0.05,2028,hqs,5,21.87188242616711,0.45875359165368973
small_text,stress,0.1,0.1001129150390625,0.05,2028,hqs,6,21.408558354245557,0.3946845482615605
small_text,stress,0.1,0.1001129150390625,0.05,2028,admm,1,20.6977226967838,0.5309880442568063
small_text,stress,0.1,0.1001129150390625,0.05,2028,admm,2,21.25366140159514,0.4574056567261815
small_text,stress,0.1,0.1001129150390625,0.05,2028,admm,3,21.348196187979095,0.40827213812687996
small_text,stress,0.1,0.1001129150390625,0.05,2028,admm,4,21.182514926640827,0.38147537922815977
small_text,stress,0.1,0.1001129150390625,0.05,2028,admm,5,20.9890036967372,0.3626172169440985
small_text,stress,0.1,0.1001129150390625,0.05,2028,admm,6,21.053326508259286,0.3766225640650522
